time,total_flux_kg_m2_s,diffusion_flux_kg_m2_s,ebullition_flux_kg_m2_s,upward_bubbling_flux_kg_m2_s,sediment_temperature_avg_c
2021-01-01,0.0,0.0,0.0,0.0,3.5536343184482533
2021-01-02,0.0,0.0,0.0,0.0,3.566153817189503
2021-01-03,0.0,0.0,0.0,0.0,3.5480106135671883
2021-01-04,0.0,0.0,0.0,0.0,3.4816931496993937
2021-01-05,0.0,0.0,0.0,0.0,3.477264364427472
2021-01-06,0.0,0.0,0.0,0.0,3.452264383495406
2021-01-07,0.0,0.0,0.0,0.0,3.4683952576365424
2021-01-08,1.0223001496445504e-11,0.0,0.0,1.0223001496445504e-11,3.3573478173996083
2021-01-09,7.739690991215297e-11,0.0,0.0,7.739690991215297e-11,3.366877729639309
2021-01-10,1.4972941627888757e-10,0.0,0.0,1.4972941627888757e-10,3.355192445045443
2021-01-11,1.8975375706276053e-10,0.0,0.0,1.8975375706276053e-10,3.42235186589974
2021-01-12,2.456009273288373e-10,0.0,0.0,2.456009273288373e-10,3.415856457495228
2021-01-13,2.3381992459547973e-10,0.0,0.0,2.3381992459547973e-10,3.406195452085127
2021-01-14,4.1412887185288124e-10,0.0,0.0,4.1412887185288124e-10,3.3913153971914434
2021-01-15,3.117063900504035e-10,0.0,0.0,3.117063900504035e-10,3.391312528332482
2021-01-16,3.8695840032687555e-10,0.0,0.0,3.8695840032687555e-10,3.3853808173737487
2021-01-17,3.580157928695371e-10,0.0,0.0,3.580157928695371e-10,3.3284157046493084
2021-01-18,4.5993361084128987e-10,0.0,0.0,4.5993361084128987e-10,3.349688303039253
2021-01-19,3.096759102305668e-10,0.0,0.0,3.096759102305668e-10,3.3753051111776884
2021-01-20,3.847639161591587e-10,0.0,0.0,3.847639161591587e-10,3.339185513037357
2021-01-21,4.964805380325287e-10,0.0,0.0,4.964805380325287e-10,3.3722674307713834
2021-01-22,6.017780536637928e-10,0.0,0.0,6.017780536637928e-10,3.337390976581403
2021-01-23,5.668719677487387e-10,0.0,0.0,5.668719677487387e-10,3.3631078049679006
2021-01-24,4.792483424864712e-10,0.0,0.0,4.792483424864712e-10,3.358775809570465
2021-01-25,5.184146094450171e-10,0.0,0.0,5.184146094450171e-10,3.3223822325213686
2021-01-26,6.080160314070326e-10,0.0,0.0,6.080160314070326e-10,3.3480603785226766
2021-01-27,8.468917262405283e-10,0.0,0.0,8.468917262405283e-10,3.3384707068112913
2021-01-28,7.736180255335511e-10,0.0,0.0,7.736180255335511e-10,3.338073761065946
2021-01-29,5.994202204817611e-10,0.0,0.0,5.994202204817611e-10,3.3347713820745724
2021-01-30,5.015936784502627e-10,0.0,0.0,5.015936784502627e-10,3.333848568889155
2021-01-31,6.06845263746436e-10,0.0,0.0,6.06845263746436e-10,3.2960276220352718
2021-02-01,7.37175267886414e-10,0.0,0.0,7.37175267886414e-10,3.3223702207183967
2021-02-02,9.078105087212406e-10,0.0,0.0,9.078105087212406e-10,3.3217745767289504
2021-02-03,6.607556811388804e-10,0.0,0.0,6.607556811388804e-10,3.314298049996723
2021-02-04,6.270966095200947e-10,0.0,0.0,6.270966095200947e-10,3.3183975905996603
2021-02-05,7.96197515029462e-10,0.0,0.0,7.96197515029462e-10,3.315675087374402
2021-02-06,7.60667608545873e-10,0.0,0.0,7.60667608545873e-10,3.300844283826282
2021-02-07,6.842227202241701e-10,0.0,0.0,6.842227202241701e-10,3.304194545039866
2021-02-08,7.328741712342434e-10,0.0,0.0,7.328741712342434e-10,3.3006680470286422
2021-02-09,9.771122611823557e-10,0.0,0.0,9.771122611823557e-10,3.289077943408332
2021-02-10,9.506696657979318e-10,0.0,0.0,9.506696657979318e-10,3.295512535863499
2021-02-11,9.597907123293225e-10,0.0,0.0,9.597907123293225e-10,3.2974853404900992
2021-02-12,9.77955305074829e-10,0.0,0.0,9.77955305074829e-10,3.282806162599921
2021-02-13,1.0612660946662798e-09,0.0,0.0,1.0612660946662798e-09,3.2829403967586472
2021-02-14,9.444981901651772e-10,0.0,0.0,9.444981901651772e-10,3.287485793317975
2021-02-15,9.058977894937925e-10,0.0,0.0,9.058977894937925e-10,3.2763659093096127
2021-02-16,9.081745322703227e-10,0.0,0.0,9.081745322703227e-10,3.2839103780333527
2021-02-17,1.0604305728634243e-09,0.0,0.0,1.0604305728634243e-09,3.2775065271852197
2021-02-18,9.997659458349515e-10,0.0,0.0,9.997659458349515e-10,3.2740163614649442
2021-02-19,9.897893755805852e-10,0.0,0.0,9.897893755805852e-10,3.273442691297961
2021-02-20,1.1770835945412727e-09,0.0,0.0,1.1770835945412727e-09,3.2673729801019085
2021-02-21,8.091035402912894e-10,0.0,0.0,8.091035402912894e-10,3.258562545112873
2021-02-22,7.717141960483786e-10,0.0,0.0,7.717141960483786e-10,3.2693330996208125
2021-02-23,1.0376233691999913e-09,0.0,0.0,1.0376233691999913e-09,3.2667354092514667
2021-02-24,1.1245040741414414e-09,0.0,0.0,1.1245040741414414e-09,3.2630275162620275
2021-02-25,7.61899635648433e-10,0.0,0.0,7.61899635648433e-10,3.253389283943717
2021-02-26,1.117989032763944e-09,0.0,0.0,1.117989032763944e-09,3.24715069897791
2021-02-27,1.0489675921121488e-09,0.0,0.0,1.0489675921121488e-09,3.2479867580210384
2021-02-28,9.718620705712056e-10,0.0,0.0,9.718620705712056e-10,3.2460047957165705
2021-03-01,1.2915227284793218e-09,0.0,0.0,1.2915227284793218e-09,3.2489106785659128
2021-03-02,1.0646815792370033e-09,0.0,0.0,1.0646815792370033e-09,3.2366190278995215
2021-03-03,8.78442675258384e-10,0.0,0.0,8.78442675258384e-10,3.2398770059283186
2021-03-04,8.255441498761229e-10,0.0,0.0,8.255441498761229e-10,3.243850232535541
2021-03-05,1.2332068169484954e-09,0.0,0.0,1.2332068169484954e-09,3.2351559583160703
2021-03-06,9.889303757404376e-10,0.0,0.0,9.889303757404376e-10,3.2362149529335675
2021-03-07,8.406295296481402e-10,0.0,0.0,8.406295296481402e-10,3.233729013716423
2021-03-08,9.39556006329667e-10,0.0,0.0,9.39556006329667e-10,3.220124301957286
2021-03-09,1.1696866451416098e-09,0.0,0.0,1.1696866451416098e-09,3.2270508928074597
2021-03-10,1.1031021335838887e-09,0.0,0.0,1.1031021335838887e-09,3.225074263896621
2021-03-11,1.1267738076981003e-09,0.0,0.0,1.1267738076981003e-09,3.225777879491347
2021-03-12,7.924804630476955e-10,0.0,0.0,7.924804630476955e-10,3.2062832858829684
2021-03-13,9.11385495783179e-10,0.0,0.0,9.11385495783179e-10,3.2224545234847763
2021-03-14,1.4654584001050351e-09,0.0,0.0,1.4654584001050351e-09,3.2128504619161755
2021-03-15,1.3469711282709793e-09,0.0,0.0,1.3469711282709793e-09,3.205439564735064
2021-03-16,1.0422447815017221e-09,0.0,0.0,1.0422447815017221e-09,3.2035274527191664
2021-03-17,1.0057987756795227e-09,0.0,0.0,1.0057987756795227e-09,3.2031548572729482
2021-03-18,1.1956640676658025e-09,0.0,0.0,1.1956640676658025e-09,3.202737844527792
2021-03-19,9.45158025587034e-10,0.0,0.0,9.45158025587034e-10,3.218098127764076
2021-03-20,9.755497180208294e-10,0.0,0.0,9.755497180208294e-10,3.198976623484394
2021-03-21,1.1055473825649641e-09,0.0,0.0,1.1055473825649641e-09,3.2048532031055705
2021-03-22,9.924899197244486e-10,0.0,0.0,9.924899197244486e-10,3.2171265189716802
2021-03-23,1.0301674967649886e-09,0.0,0.0,1.0301674967649886e-09,3.2034384237378477
2021-03-24,1.1330848408874771e-09,0.0,0.0,1.1330848408874771e-09,3.2032210001599384
2021-03-25,1.1632481923129489e-09,0.0,0.0,1.1632481923129489e-09,3.177195890657547
2021-03-26,1.0679324896045727e-09,0.0,0.0,1.0679324896045727e-09,3.187749988736949
2021-03-27,1.0764636789417635e-09,0.0,0.0,1.0764636789417635e-09,3.1807877049834934
2021-03-28,8.565789239867171e-10,0.0,0.0,8.565789239867171e-10,3.1792804686034652
2021-03-29,1.2855211267037702e-09,0.0,0.0,1.2855211267037702e-09,3.1837922558951917
2021-03-30,1.2628003130998876e-09,0.0,0.0,1.2628003130998876e-09,3.1707949316085933
2021-03-31,1.1977349217318078e-09,0.0,0.0,1.1977349217318078e-09,3.164009151805838
2021-04-01,9.7931988051414e-10,0.0,0.0,9.7931988051414e-10,3.1790858552167336
2021-04-02,9.329233468235997e-10,0.0,0.0,9.329233468235997e-10,3.190586379602983
2021-04-03,1.2628750781118468e-09,0.0,0.0,1.2628750781118468e-09,3.182705550305691
2021-04-04,1.218355248795433e-09,0.0,0.0,1.218355248795433e-09,3.1706506125270004
2021-04-05,9.44205227568773e-10,0.0,0.0,9.44205227568773e-10,3.1765625730686238
2021-04-06,9.98917431331847e-10,0.0,0.0,9.98917431331847e-10,3.1875637409673456
2021-04-07,1.1160409255239756e-09,0.0,0.0,1.1160409255239756e-09,3.179387150575781
2021-04-08,1.4205581354076455e-09,0.0,0.0,1.4205581354076455e-09,3.1702792653106755
2021-04-09,8.953379153808782e-10,0.0,0.0,8.953379153808782e-10,3.1771013190458435
2021-04-10,9.451316982733715e-10,0.0,0.0,9.451316982733715e-10,3.173533877739401
2021-04-11,1.346802906994071e-09,0.0,0.0,1.346802906994071e-09,3.1890136509135356
2021-04-12,1.4211502150374144e-09,0.0,0.0,1.4211502150374144e-09,3.1926969838318158
2021-04-13,1.0636972112365582e-09,0.0,0.0,1.0636972112365582e-09,3.1947719945365383
2021-04-14,1.1100883313019947e-09,0.0,0.0,1.1100883313019947e-09,3.204630036514937
2021-04-15,1.06841709452965e-09,0.0,0.0,1.06841709452965e-09,3.2162527326328383
2021-04-16,1.0020461647286538e-09,0.0,0.0,1.0020461647286538e-09,3.198248992282324
2021-04-17,1.042945019662511e-09,0.0,0.0,1.042945019662511e-09,3.2198378275478365
2021-04-18,1.341366943563571e-09,0.0,0.0,1.341366943563571e-09,3.2385992357927487
2021-04-19,1.3906994286116968e-09,0.0,0.0,1.3906994286116968e-09,3.2500163004442513
2021-04-20,1.2718930378241565e-09,0.0,0.0,1.2718930378241565e-09,3.2080437056024604
2021-04-21,1.0827282119407753e-09,0.0,0.0,1.0827282119407753e-09,3.26140226605452
2021-04-22,1.4357134364217927e-09,0.0,0.0,1.4357134364217927e-09,3.2644805914258916
2021-04-23,1.504867881294558e-09,0.0,0.0,1.504867881294558e-09,3.2393256418686485
2021-04-24,1.464324160167507e-09,0.0,0.0,1.464324160167507e-09,3.26956105543317
2021-04-25,1.3224623367591447e-09,0.0,0.0,1.3224623367591447e-09,3.2693958361089077
2021-04-26,9.134158331391972e-10,0.0,0.0,9.134158331391972e-10,3.2608070625354717
2021-04-27,7.831668624191934e-10,0.0,0.0,7.831668624191934e-10,3.281304890118567
2021-04-28,7.337310626098769e-10,0.0,0.0,7.337310626098769e-10,3.2849178428577708
2021-04-29,7.366705399469708e-10,7.304130660301666e-11,6.636292333439541e-10,0.0,3.292732419135442
2021-04-30,9.718166388594794e-10,1.2720951939826364e-10,8.446071194612158e-10,0.0,3.3109213374937765
2021-05-01,1.1633527465093606e-09,1.72881937992031e-10,9.904708085173297e-10,0.0,3.332842509492351
2021-05-02,1.3156584927287438e-09,1.3367505459882523e-10,1.1819834381299187e-09,0.0,3.349891700651483
2021-05-03,1.4915228822687253e-09,1.2889133326865476e-10,1.3626315490000705e-09,0.0,3.3745972575968413
2021-05-04,1.4286590127809972e-09,1.2837749476801718e-10,1.30028151801298e-09,0.0,3.4117713689169995
2021-05-05,1.2763921948000245e-09,1.0496612341981403e-10,1.1714260713802104e-09,0.0,3.4488876162416133
2021-05-06,1.3350036760151338e-09,8.18414391368094e-11,1.2531622368783245e-09,0.0,3.4810805375789977
2021-05-07,1.5896979406626597e-09,9.590075174870093e-11,1.4937971889139588e-09,0.0,3.515243772424042
2021-05-08,1.3300006031435882e-09,9.537074360466135e-11,1.234629859538927e-09,0.0,3.5495088531480876
2021-05-09,1.2907876935308592e-09,8.462142110587933e-11,1.20616627242498e-09,0.0,3.5858147416578583
2021-05-10,1.3472231467659411e-09,7.028404048980973e-11,1.2769391062761314e-09,0.0,3.628876859987419
2021-05-11,1.4992049231388193e-09,7.098257620796743e-11,1.4282223469308518e-09,0.0,3.681312474947641
2021-05-12,1.429084267279279e-09,7.3615229219115e-11,1.355469038060164e-09,0.0,3.727834842137827
2021-05-13,1.4516140867648629e-09,8.030842872486232e-11,1.3713056580400005e-09,0.0,3.780789745542185
2021-05-14,1.7739396728622124e-09,1.0298997930036079e-10,1.6709496935618517e-09,0.0,3.8211417905850635
2021-05-15,1.912534843651059e-09,1.1409473477996811e-10,1.798440108871091e-09,0.0,3.8592122653211782
2021-05-16,1.7418818660708266e-09,1.0994617413828677e-10,1.6319356919325399e-09,0.0,3.9190186961044917
2021-05-17,1.6740570217699257e-09,1.1346766603637092e-10,1.5605893557335547e-09,0.0,3.9746449645540367
2021-05-18,1.9074815024211487e-09,2.0204291399039674e-10,1.705438588430752e-09,0.0,4.010672679496036
2021-05-19,2.03716013349009e-09,1.909234135055726e-10,1.8462367199845173e-09,0.0,4.047263342588071
2021-05-20,2.0815186795175576e-09,1.27721548608406e-10,1.9537971309091516e-09,0.0,4.089030657696684
2021-05-21,2.288250861326446e-09,1.3647803022820426e-10,2.151772831098242e-09,0.0,4.127199279824075
2021-05-22,2.0711291493924476e-09,1.914300718297568e-10,1.879699077562691e-09,0.0,4.182080520720178
2021-05-23,2.0881883511236764e-09,2.563771754893196e-10,1.8318111756343568e-09,0.0,4.196459281497866
2021-05-24,2.0533816907075675e-09,1.9827608515043946e-10,1.8551056055571278e-09,0.0,4.188079277693406
2021-05-25,2.1311679328661625e-09,1.3712853426994798e-10,1.9940393985962146e-09,0.0,4.209183921388177
2021-05-26,2.2951879517663085e-09,1.4644789043671833e-10,2.1487400613295903e-09,0.0,4.218170721855425
2021-05-27,2.3874620092101393e-09,1.3513981059531942e-10,2.2523221986148197e-09,0.0,4.25151574567259
2021-05-28,2.0571566114924166e-09,1.644918448207022e-10,1.8926647666717142e-09,0.0,4.314683835617267
2021-05-29,2.3797456844221187e-09,3.4319736180066227e-10,2.0365483226214565e-09,0.0,4.286762511744351
2021-05-30,2.4576159802336404e-09,3.2986391659051147e-10,2.1277520636431287e-09,0.0,4.230980704924562
2021-05-31,1.989029458968616e-09,1.120885949035255e-10,1.8769408640650907e-09,0.0,4.225748957134585
2021-06-01,2.0047004683210187e-09,5.385860686324406e-11,1.9508418614577746e-09,0.0,4.24026546331984
2021-06-02,1.6197546792895423e-09,4.697235819861589e-11,1.5727823210909263e-09,0.0,4.297793383960953
2021-06-03,1.910607749824322e-09,6.481141399561351e-11,1.8457963358287087e-09,0.0,4.32102354911208
2021-06-04,1.7658628291350453e-09,6.63869783501525e-11,1.6994758507848928e-09,0.0,4.36456654384179
2021-06-05,1.78179105335019e-09,6.754455386115409e-11,1.714246499489036e-09,0.0,4.416523015214258
2021-06-06,1.736570401771331e-09,6.411480866219676e-11,1.6724555931091343e-09,0.0,4.49100976650245
2021-06-07,1.8472055523055529e-09,5.991694129292568e-11,1.7872886110126272e-09,0.0,4.527379758139699
2021-06-08,1.9109964908459175e-09,6.007544653741092e-11,1.8509210443085064e-09,0.0,4.578460738684992
2021-06-09,2.2433198814297837e-09,7.259206832088693e-11,2.1707278131088967e-09,0.0,4.597440395678271
2021-06-10,1.9922420180762397e-09,6.70285997728115e-11,1.9252134183034283e-09,0.0,4.67753460840568
2021-06-11,2.045468559277452e-09,7.873001509395294e-11,1.9667385441834993e-09,0.0,4.71892525196926
2021-06-12,2.346675964250977e-09,7.475051626570915e-11,2.271925447985268e-09,0.0,4.736239077748038
2021-06-13,2.3292049138667893e-09,6.616487725707998e-11,2.263040036609709e-09,0.0,4.779038770476683
2021-06-14,2.2188531808531307e-09,6.264482424356287e-11,2.156208356609568e-09,0.0,4.867176528725384
2021-06-15,2.446081133609112e-09,6.716672556805747e-11,2.3789144080410548e-09,0.0,4.893854482920858
2021-06-16,2.4270311567242687e-09,6.44136977534515e-11,2.362617458970817e-09,0.0,4.968895604611496
2021-06-17,2.39422762307484e-09,6.344319148254839e-11,2.330784431592292e-09,0.0,5.069051413347777
2021-06-18,2.743273181611272e-09,8.324232860346114e-11,2.660030853007811e-09,0.0,5.089822308040044
2021-06-19,3.365666376655696e-09,8.540823452918288e-11,3.280258142126513e-09,0.0,5.152100648160481
2021-06-20,3.890099754766397e-09,1.0643761795492423e-10,3.783662136811472e-09,0.0,5.230534190081002
2021-06-21,4.47001919297918e-09,1.363332015102969e-10,4.333685991468883e-09,0.0,5.2834323497860725
2021-06-22,4.408653558485298e-09,1.3777655944124944e-10,4.270876999044048e-09,0.0,5.346443200553126
2021-06-23,4.836339871410188e-09,1.3974587954379558e-10,4.696593991866393e-09,0.0,5.365384239732153
2021-06-24,5.119052153332859e-09,1.4554177781178622e-10,4.973510375521073e-09,0.0,5.418541417073999
2021-06-25,4.807185534225766e-09,1.742817589800438e-10,4.632903775245722e-09,0.0,5.476857417729399
2021-06-26,4.898794356869018e-09,1.7974761131966942e-10,4.719046745549349e-09,0.0,5.483305950893126
2021-06-27,4.95083909658689e-09,1.7602859333720743e-10,4.774810503249682e-09,0.0,5.48762059140754
2021-06-28,5.085566488673975e-09,1.8089007141952605e-10,4.904676417254449e-09,0.0,5.479997294090138
2021-06-29,5.079165760264459e-09,1.8211583011407128e-10,4.897049930150388e-09,0.0,5.494719818166627
2021-06-30,4.894306532889913e-09,1.9314093407274413e-10,4.701165598817169e-09,0.0,5.474231363810458
2021-07-01,4.8385201376888174e-09,1.56443778784876e-10,4.682076358903941e-09,0.0,5.444337032056428
2021-07-02,4.725970608223662e-09,1.1560848408365131e-10,4.6103621241400106e-09,0.0,5.464852829532432
2021-07-03,4.334187941363864e-09,1.1474744701089889e-10,4.2194404943529656e-09,0.0,5.550861992747195
2021-07-04,4.701632979866588e-09,1.8611847931282454e-10,4.515514500553763e-09,0.0,5.556392965660676
2021-07-05,4.926232175996858e-09,1.6027676782215393e-10,4.765955408174704e-09,0.0,5.566842199632161
2021-07-06,5.03768334503718e-09,1.5195621124064473e-10,4.885727133796536e-09,0.0,5.553680856820723
2021-07-07,4.883508388040525e-09,1.8418866442715397e-10,4.699319723613371e-09,0.0,5.58163461698444
2021-07-08,4.834350706097722e-09,1.7571728140097773e-10,4.658633424696745e-09,0.0,5.55304704732549
2021-07-09,4.714290590968061e-09,1.5567406101979485e-10,4.558616529948267e-09,0.0,5.539725414602766
2021-07-10,4.516334963931001e-09,1.4840887640588107e-10,4.36792608752512e-09,0.0,5.57006182503068
2021-07-11,4.45891580515223e-09,1.5396419602353716e-10,4.304951609128693e-09,0.0,5.604110903033405
2021-07-12,4.451369439699704e-09,1.4236137278800242e-10,4.309008066911701e-09,0.0,5.649490932124299
2021-07-13,4.698124452175989e-09,1.2579902787024364e-10,4.572325424305745e-09,0.0,5.63298583365938
2021-07-14,4.622150321296203e-09,1.248616159443827e-10,4.49728870535182e-09,0.0,5.695156851759419
2021-07-15,4.792620033420291e-09,1.698423584528541e-10,4.622777674967437e-09,0.0,5.721420970612389
2021-07-16,4.687389048392276e-09,1.3123110203849817e-10,4.556157946353778e-09,0.0,5.748885017898485
2021-07-17,4.788335334353632e-09,1.3223434649489718e-10,4.656100987858735e-09,0.0,5.778643867332387
2021-07-18,4.943821086698107e-09,1.655709370140812e-10,4.778250149684026e-09,0.0,5.797480071798954
2021-07-19,5.0351173579699095e-09,1.6228627696790452e-10,4.872831081002005e-09,0.0,5.816814546527608
2021-07-20,5.301211734085597e-09,1.2976326882352396e-10,5.171448465262073e-09,0.0,5.807570247606229
2021-07-21,5.308206379908142e-09,1.3247260298498984e-10,5.175733776923152e-09,0.0,5.849926643876559
2021-07-22,5.306803467455267e-09,1.429340773384524e-10,5.163869390116815e-09,0.0,5.910771410509749
2021-07-23,5.169766879333793e-09,1.3395855759767983e-10,5.0358083217361125e-09,0.0,5.946844008208947
2021-07-24,5.362657532970161e-09,1.5952921742723447e-10,5.203128315542926e-09,0.0,5.990994433866716
2021-07-25,5.4554036300302755e-09,1.9100401953409117e-10,5.264399610496184e-09,0.0,6.008650491822919
2021-07-26,5.723170887534933e-09,1.9471903428325275e-10,5.528451853251681e-09,0.0,5.947747225444032
2021-07-27,5.470453806992736e-09,1.7440534634260984e-10,5.296048460650126e-09,0.0,5.929926607195922
2021-07-28,5.216623628143679e-09,1.7590999220828962e-10,5.040713635935389e-09,0.0,5.918533229659441
2021-07-29,5.091166912336575e-09,1.7257280575222465e-10,4.918594106584351e-09,0.0,5.882343410329332
2021-07-30,4.965645176042699e-09,1.426030341633577e-10,4.823042141879341e-09,0.0,5.857739291419425
2021-07-31,4.885957611762137e-09,1.3353695017315203e-10,4.752420661588985e-09,0.0,5.851805984818761
2021-08-01,4.605946579179232e-09,1.1564338771918869e-10,4.490303191460043e-09,0.0,5.869752687661246
2021-08-02,4.499348504225509e-09,9.996412615009831e-11,4.39938437807541e-09,0.0,5.897492708652027
2021-08-03,4.684980747402534e-09,9.198781201646966e-11,4.592992935386064e-09,0.0,5.91819304423377
2021-08-04,4.924830417500914e-09,1.2399166063659094e-10,4.800838756864323e-09,0.0,5.985821549138534
2021-08-05,5.2829276426891165e-09,1.4609948092214607e-10,5.136828161766971e-09,0.0,6.007629361114449
2021-08-06,5.172572433558287e-09,1.3016609951677083e-10,5.042406334041516e-09,0.0,6.0378275759907325
2021-08-07,5.052392990734233e-09,1.5430410044814377e-10,4.898088890286089e-09,0.0,6.074123806251877
2021-08-08,5.5204159108868104e-09,1.603603940836251e-10,5.360055516803186e-09,0.0,6.040585526732365
2021-08-09,5.626753597596234e-09,1.6657131794772792e-10,5.4601822796485064e-09,0.0,6.03762858918664
2021-08-10,5.168806544979532e-09,1.634508332060136e-10,5.005355711773518e-09,0.0,6.027529352959816
2021-08-11,4.706493617412377e-09,1.5275231330491578e-10,4.553741304107461e-09,0.0,6.03652198419969
2021-08-12,4.995608736209078e-09,1.5527490589306579e-10,4.840333830316012e-09,0.0,6.004533416018667
2021-08-13,4.7405295628166745e-09,1.481443210948896e-10,4.592385241721785e-09,0.0,5.98917294616774
2021-08-14,4.68084585616424e-09,1.7153274864512013e-10,4.5093131075191195e-09,0.0,5.980051326284409
2021-08-15,4.688199354099253e-09,1.8156274283143145e-10,4.506636611267822e-09,0.0,5.937856612329285
2021-08-16,4.668084217982482e-09,2.8957204300184e-10,4.378512174980642e-09,0.0,5.886177221598594
2021-08-17,4.613144955385451e-09,2.21837478022735e-10,4.391307477362716e-09,0.0,5.799391967537004
2021-08-18,3.907692348157354e-09,1.4947835229150994e-10,3.758213995865844e-09,0.0,5.780731335134846
2021-08-19,3.667061043195474e-09,1.2740272882894033e-10,3.5396583143665337e-09,0.0,5.748375227154208
2021-08-20,3.829109612158987e-09,1.0413527443020597e-10,3.724974337728781e-09,0.0,5.679196819066651
2021-08-21,3.587973465286609e-09,1.161498109780723e-10,3.4718236543085365e-09,0.0,5.673149399488046
2021-08-22,3.827570098273724e-09,1.3339621016683622e-10,3.6941738881068884e-09,0.0,5.649534270974322
2021-08-23,3.8933856542477935e-09,1.0491849776528283e-10,3.788467156482511e-09,0.0,5.6302571787674385
2021-08-24,3.516549821096504e-09,7.468505414109927e-11,3.4418647669554045e-09,0.0,5.621703094402147
2021-08-25,3.390332946846541e-09,7.746244326867213e-11,3.312870503577869e-09,0.0,5.640513793277204
2021-08-26,3.373028750086604e-09,9.421029032452565e-11,3.2788184597620783e-09,0.0,5.622126110248933
2021-08-27,3.428806661567307e-09,1.259334709757809e-10,3.302873190591526e-09,0.0,5.62209399501566
2021-08-28,3.198527333267975e-09,1.4661111123359658e-10,3.0519162220343784e-09,0.0,5.606473256038061
2021-08-29,3.2442710977420574e-09,1.410143346447512e-10,3.103256763097306e-09,0.0,5.581331376166161
2021-08-30,3.203946542953417e-09,1.1616431379479762e-10,3.0877822291586197e-09,0.0,5.55278721266603
2021-08-31,3.2601933099840604e-09,9.14686097530648e-11,3.1687247002309956e-09,0.0,5.510794114999898
2021-09-01,3.2884342617656157e-09,8.521417031559507e-11,3.2032200914500205e-09,0.0,5.46184263117504
2021-09-02,3.2724864558986153e-09,8.380679162200977e-11,3.1886796642766056e-09,0.0,5.480580772271203
2021-09-03,3.056274439554585e-09,8.400027885713256e-11,2.9722741606974523e-09,0.0,5.472031335516229
2021-09-04,3.0865380427691487e-09,8.769221446769392e-11,2.998845828301455e-09,0.0,5.49641774740202
2021-09-05,3.030242716945963e-09,8.302395293924291e-11,2.94721876400672e-09,0.0,5.499645587764753
2021-09-06,2.7483428634411664e-09,1.1622808059996714e-10,2.6321147828411993e-09,0.0,5.527410394661644
2021-09-07,2.9231136722174254e-09,1.3623873375223637e-10,2.786874938465189e-09,0.0,5.5002708345480285
2021-09-08,3.172929099566346e-09,1.1144341188540351e-10,3.0614856876809425e-09,0.0,5.454073214830186
2021-09-09,3.163514663047095e-09,1.021016888991255e-10,3.06141297414797e-09,0.0,5.433501634063298
2021-09-10,3.0829307876523157e-09,9.915694752393732e-11,2.9837738401283785e-09,0.0,5.431026231053063
2021-09-11,2.76408784356974e-09,1.1300349042286938e-10,2.6510843531468706e-09,0.0,5.446557065105727
2021-09-12,2.867265846617783e-09,1.2679262752612886e-10,2.7404732190916544e-09,0.0,5.431486427577019
2021-09-13,3.388984947072515e-09,1.2205959482258777e-10,3.2669253522499273e-09,0.0,5.391005077281702
2021-09-14,2.7808333114798243e-09,1.1300524272783718e-10,2.6678280687519873e-09,0.0,5.420835265659046
2021-09-15,2.642659306477668e-09,1.1335804012801985e-10,2.5293012663496482e-09,0.0,5.376354717053316
2021-09-16,2.9111905475787124e-09,1.1695832164093643e-10,2.794232225937776e-09,0.0,5.3350862182323135
2021-09-17,2.9019537563179652e-09,1.166689420095679e-10,2.7852848143083974e-09,0.0,5.304374714182858
2021-09-18,2.596878943048608e-09,1.1399831526759384e-10,2.482880627781014e-09,0.0,5.283958157805253
2021-09-19,2.565270004133424e-09,1.2715219195769123e-10,2.438117812175733e-09,0.0,5.242587852046093
2021-09-20,2.6921688313130688e-09,1.1434256483866533e-10,2.5778262664744033e-09,0.0,5.181897137873181
2021-09-21,2.317061832215472e-09,1.0941947827802778e-10,2.207642353937444e-09,0.0,5.164767441801127
2021-09-22,2.4709505366615755e-09,2.0855739975900176e-10,2.262393136902574e-09,0.0,4.892603164242071
2021-09-23,2.4086015527835515e-09,1.1809449196320541e-10,2.290507060820346e-09,0.0,4.939284749309232
2021-09-24,2.507023326456803e-09,3.9518305738894805e-11,2.467505020717908e-09,0.0,4.909756906232968
2021-09-25,1.4675605499103738e-09,3.032343445674712e-11,1.4372371154536266e-09,0.0,4.900694197185203
2021-09-26,1.422844713530047e-09,1.908146673113009e-11,1.4037632467989168e-09,0.0,4.877069508813997
2021-09-27,1.664685808773214e-09,2.103298063715897e-11,1.643652828136055e-09,0.0,4.904167128275621
2021-09-28,1.8416858682313018e-09,2.2562862187491816e-11,1.81912300604381e-09,0.0,4.880342120273492
2021-09-29,1.441143216922569e-09,1.3893157060351768e-11,1.4272500598622172e-09,0.0,4.857456376262827
2021-09-30,1.6288458734181607e-09,9.288121864958753e-12,1.619557751553202e-09,0.0,4.843778161272482
2021-10-01,1.6648605237290502e-09,1.292393741580966e-11,1.6519365863132406e-09,0.0,4.790408212207281
2021-10-02,1.2680490977712287e-09,1.1487902125129066e-11,1.2565611956460997e-09,0.0,4.792324803170948
2021-10-03,1.046478346742319e-09,1.0448748772873273e-11,1.0360295979694456e-09,0.0,4.715877263488192
2021-10-04,9.643909536172223e-10,1.1004103901424145e-11,9.53386849715798e-10,0.0,4.731169734503461
2021-10-05,1.3321855858650088e-09,1.0798452036997474e-11,1.3213871338280113e-09,0.0,4.74726991995354
2021-10-06,1.5155255808596555e-09,1.2298312899172714e-11,1.5032272679604828e-09,0.0,4.665747286512062
2021-10-07,1.4827627135072241e-09,1.2001696105823355e-11,1.4707610174014007e-09,0.0,4.642125706880114
2021-10-08,1.3392892654806587e-09,9.781238112793744e-12,1.329508027367865e-09,0.0,4.6182458039713445
2021-10-09,1.4778224751932355e-09,9.774424780673029e-12,1.4680480504125624e-09,0.0,4.605100151312357
2021-10-10,8.44092692406928e-10,9.957860303000387e-12,8.341348321039276e-10,0.0,4.577216850437491
2021-10-11,9.921566042514484e-10,1.1504402106510269e-11,9.80652202144938e-10,0.0,4.549546312402136
2021-10-12,1.627652246547484e-09,1.296322448496312e-11,1.6146890220625208e-09,0.0,4.542030751360464
2021-10-13,1.2259779632795008e-09,1.108982794262303e-11,1.2148881353368778e-09,0.0,4.530097127189482
2021-10-14,1.0271795692640139e-09,6.560453500448204e-12,1.0206191157635657e-09,0.0,4.513331265303975
2021-10-15,9.217417565998697e-10,3.924190367099456e-12,9.178175662327703e-10,0.0,4.518305887609356
2021-10-16,7.165484119731057e-10,3.772352429320946e-12,7.127760595437848e-10,0.0,4.44796876115908
2021-10-17,1.2486324248051072e-09,6.024249515901303e-12,1.2426081752892059e-09,0.0,4.483932886215872
2021-10-18,1.0572781014328568e-09,7.043948988538773e-12,1.0502341524443182e-09,0.0,4.450201679511384
2021-10-19,1.0958643082559227e-09,8.033270277874038e-12,1.0878310379780486e-09,0.0,4.420846279654854
2021-10-20,1.260519991810316e-09,9.528219699905803e-12,1.2509917721104102e-09,0.0,4.365494391979091
2021-10-21,1.019969156645928e-09,8.59058606472729e-12,1.0113785705812006e-09,0.0,4.393676299327847
2021-10-22,1.3584692695378652e-09,6.8590634516585416e-12,1.3516102060862067e-09,0.0,4.442011258671945
2021-10-23,1.3641500583760901e-09,8.554968329299583e-12,1.3555950900467905e-09,0.0,4.3958552111578495
2021-10-24,7.699980889108725e-10,5.494613558587602e-12,7.645034753522849e-10,0.0,4.382420615090228
2021-10-25,9.86787272039269e-10,3.5761917716037315e-12,9.832110802676651e-10,0.0,4.342784192618353
2021-10-26,1.0662895612334466e-09,2.418202225129562e-12,1.063871359008317e-09,0.0,4.397118710839273
2021-10-27,9.448438467890563e-10,2.069639784552102e-12,9.427742070045042e-10,0.0,4.353212901485241
2021-10-28,8.389395408031629e-10,2.5109842355375276e-12,8.364285565676254e-10,0.0,4.381341132830172
2021-10-29,6.89925633025612e-10,2.8422963110896756e-12,6.870833367145223e-10,0.0,4.209867978377466
2021-10-30,7.431832173154795e-10,9.273163164014163e-12,7.339100541514653e-10,0.0,4.28697765966918
2021-10-31,1.3273571941141426e-09,2.102506677204019e-11,1.3063321273421024e-09,0.0,4.337243877279484
2021-11-01,1.1062758000690563e-09,2.5504813052634742e-11,1.0807709870164216e-09,0.0,4.331447168424945
2021-11-02,9.766565407964832e-10,8.997380813724476e-12,9.676591599827588e-10,0.0,4.3235214138508375
2021-11-03,1.441190671620518e-09,5.7422179011723526e-12,1.4354484537193456e-09,0.0,4.291135563230731
2021-11-04,1.0024314287426782e-09,1.0024024061916491e-11,9.924074046807616e-10,0.0,4.2779723910757514
2021-11-05,1.091724265169791e-09,1.0161635206618058e-11,1.081562629963173e-09,0.0,4.28626557131974
2021-11-06,7.377359213334155e-10,5.221442748171156e-12,7.325144785852443e-10,0.0,4.094676729773811
2021-11-07,5.854691961765245e-10,2.2875145994083466e-12,5.831816815771162e-10,0.0,4.156698544313144
2021-11-08,5.453015810885641e-10,4.184735321599575e-12,5.411168457669645e-10,0.0,4.171191438504005
2021-11-09,9.288264293161318e-10,0.0,0.0,9.288264293161318e-10,4.086894564222536
2021-11-10,9.903812272682442e-10,0.0,0.0,9.903812272682442e-10,4.146173208292628
2021-11-11,7.355185276480824e-10,0.0,0.0,7.355185276480824e-10,4.19294595800612
2021-11-12,9.306458632352131e-10,0.0,0.0,9.306458632352131e-10,4.156953565958143
2021-11-13,6.635119571285485e-10,0.0,0.0,6.635119571285485e-10,4.144530716461092
2021-11-14,6.621797494688053e-10,0.0,0.0,6.621797494688053e-10,4.043915450385989
2021-11-15,7.476539376227719e-10,0.0,0.0,7.476539376227719e-10,4.157282538368997
2021-11-16,7.963770764263245e-10,0.0,0.0,7.963770764263245e-10,4.105883841745776
2021-11-17,8.169738684671301e-10,0.0,0.0,8.169738684671301e-10,4.1524265140004974
2021-11-18,6.7905299317772e-10,0.0,0.0,6.7905299317772e-10,4.129345034800288
2021-11-19,6.230987898447892e-10,0.0,0.0,6.230987898447892e-10,4.126960032812939
2021-11-20,7.224096339086826e-10,0.0,0.0,7.224096339086826e-10,4.1386930405004945
2021-11-21,1.0986857552097716e-09,0.0,0.0,1.0986857552097716e-09,4.084637627729617
2021-11-22,7.932232124119309e-10,0.0,0.0,7.932232124119309e-10,4.09327049795426
2021-11-23,6.917930765837354e-10,0.0,0.0,6.917930765837354e-10,4.081889100169052
2021-11-24,9.351226462683825e-10,0.0,0.0,9.351226462683825e-10,4.074801439332272
2021-11-25,1.040253707174088e-09,0.0,0.0,1.040253707174088e-09,4.08272413729881
2021-11-26,5.685470573268957e-10,0.0,0.0,5.685470573268957e-10,4.0230319852166465
2021-11-27,5.482408344903433e-10,0.0,0.0,5.482408344903433e-10,4.043467186179632
2021-11-28,8.758828853672184e-10,0.0,0.0,8.758828853672184e-10,4.013007093148074
2021-11-29,6.953226461803296e-10,0.0,0.0,6.953226461803296e-10,4.007054817532166
2021-11-30,1.148434006665866e-09,0.0,0.0,1.148434006665866e-09,4.024417716374783
2021-12-01,6.97001553788823e-10,0.0,0.0,6.97001553788823e-10,4.017850825870148
2021-12-02,4.6544356997912923e-10,0.0,0.0,4.6544356997912923e-10,3.980978468225906
2021-12-03,3.457920553273652e-10,0.0,0.0,3.457920553273652e-10,3.9867774554874993
2021-12-04,7.069431349293608e-10,0.0,0.0,7.069431349293608e-10,3.9722381211933553
2021-12-05,7.678090348406385e-10,0.0,0.0,7.678090348406385e-10,3.9688554774873412
2021-12-06,1.3622162384763214e-09,0.0,0.0,1.3622162384763214e-09,3.9912518657220297
2021-12-07,1.0551794704838357e-09,0.0,0.0,1.0551794704838357e-09,3.9661710602725915
2021-12-08,5.320351762350128e-10,0.0,0.0,5.320351762350128e-10,3.9389487552127305
2021-12-09,7.172209306816057e-10,0.0,0.0,7.172209306816057e-10,3.9752787729360386
2021-12-10,1.3160108912302348e-09,0.0,0.0,1.3160108912302348e-09,3.9891768838534594
2021-12-11,4.925368546082609e-10,0.0,0.0,4.925368546082609e-10,3.9753141286623994
2021-12-12,3.8059639358323237e-10,0.0,0.0,3.8059639358323237e-10,3.9601420260471305
2021-12-13,3.6306428320642676e-10,0.0,0.0,3.6306428320642676e-10,3.878050674796789
2021-12-14,8.346604666087387e-10,0.0,0.0,8.346604666087387e-10,3.9106723311599554
2021-12-15,4.907076191784653e-10,0.0,0.0,4.907076191784653e-10,3.9032252580985465
2021-12-16,8.439964055639848e-10,0.0,0.0,8.439964055639848e-10,3.963920731555178
2021-12-17,8.355224296963115e-10,0.0,0.0,8.355224296963115e-10,3.910340188067061
2021-12-18,6.615044709690209e-10,0.0,0.0,6.615044709690209e-10,3.9674549947868045
2021-12-19,5.168654008969042e-10,0.0,0.0,5.168654008969042e-10,3.917324233805925
2021-12-20,8.436474831796658e-10,0.0,0.0,8.436474831796658e-10,3.8980328113608715
2021-12-21,7.197258435098774e-10,0.0,0.0,7.197258435098774e-10,3.9122055281698014
2021-12-22,6.307530289006991e-10,0.0,0.0,6.307530289006991e-10,3.921975836084787
2021-12-23,1.1524141038421475e-09,0.0,0.0,1.1524141038421475e-09,3.851964486954083
2021-12-24,5.10445069465959e-10,0.0,0.0,5.10445069465959e-10,3.9170967583548095
2021-12-25,7.507667150719044e-10,0.0,0.0,7.507667150719044e-10,3.8964690918766025
2021-12-26,1.1309408174042801e-09,0.0,0.0,1.1309408174042801e-09,3.8736869797926623
2021-12-27,9.001284037424283e-10,0.0,0.0,9.001284037424283e-10,3.8833218736719943
2021-12-28,5.666013434790784e-10,0.0,0.0,5.666013434790784e-10,3.900450748005373
2021-12-29,1.0349787848440427e-09,0.0,0.0,1.0349787848440427e-09,3.8910530996425297
2021-12-30,6.0179218607459e-10,0.0,0.0,6.0179218607459e-10,3.8771016711910473
2021-12-31,9.702119976395805e-10,0.0,0.0,9.702119976395805e-10,3.849947663506179
2022-01-01,7.441263055341096e-10,0.0,0.0,7.441263055341096e-10,3.8596551912245762
2022-01-02,5.477092734906818e-10,0.0,0.0,5.477092734906818e-10,3.849414072964105
2022-01-03,5.442216452422599e-10,0.0,0.0,5.442216452422599e-10,3.8177502266677252
2022-01-04,8.033693715958634e-10,0.0,0.0,8.033693715958634e-10,3.81353181340744
2022-01-05,8.383925057842134e-10,0.0,0.0,8.383925057842134e-10,3.828865978441632
2022-01-06,1.159957392076194e-09,0.0,0.0,1.159957392076194e-09,3.8272573217009946
2022-01-07,1.078454639298343e-09,0.0,0.0,1.078454639298343e-09,3.8022497545050307
2022-01-08,8.879521921301147e-10,0.0,0.0,8.879521921301147e-10,3.807716475412482
2022-01-09,1.008966715119186e-09,0.0,0.0,1.008966715119186e-09,3.7966263830754325
2022-01-10,1.3104794200557988e-09,0.0,0.0,1.3104794200557988e-09,3.8215938989196245
2022-01-11,1.1707939879102012e-09,0.0,0.0,1.1707939879102012e-09,3.8013467950520936
2022-01-12,8.779278680037804e-10,0.0,0.0,8.779278680037804e-10,3.7926203931144964
2022-01-13,8.368725308116609e-10,0.0,0.0,8.368725308116609e-10,3.788418822649545
2022-01-14,1.1728358933282834e-09,0.0,0.0,1.1728358933282834e-09,3.7624698669754117
2022-01-15,8.06112426943173e-10,0.0,0.0,8.06112426943173e-10,3.7645223857070684
2022-01-16,8.260774204416065e-10,0.0,0.0,8.260774204416065e-10,3.7768460189487163
2022-01-17,8.080089052953099e-10,0.0,0.0,8.080089052953099e-10,3.7425466025840666
2022-01-18,1.0034480087028895e-09,0.0,0.0,1.0034480087028895e-09,3.7753994848145775
2022-01-19,1.204583670357806e-09,0.0,0.0,1.204583670357806e-09,3.771997114999451
2022-01-20,1.1575041651212813e-09,0.0,0.0,1.1575041651212813e-09,3.7396644565188226
2022-01-21,1.209963332087227e-09,0.0,0.0,1.209963332087227e-09,3.726356508955248
2022-01-22,1.323021934638291e-09,0.0,0.0,1.323021934638291e-09,3.7506438797816113
2022-01-23,8.546457469549295e-10,0.0,0.0,8.546457469549295e-10,3.718031234222791
2022-01-24,1.080064936331837e-09,0.0,0.0,1.080064936331837e-09,3.7298020023478324
2022-01-25,1.0789488177920248e-09,0.0,0.0,1.0789488177920248e-09,3.7365489759980828
2022-01-26,8.731625672453446e-10,0.0,0.0,8.731625672453446e-10,3.701960480250943
2022-01-27,9.840337233413264e-10,0.0,0.0,9.840337233413264e-10,3.7263747738214246
2022-01-28,1.345688498020081e-09,0.0,0.0,1.345688498020081e-09,3.733427819629957
2022-01-29,1.2130734882020988e-09,0.0,0.0,1.2130734882020988e-09,3.7037340355723205
2022-01-30,8.559031896027136e-10,0.0,0.0,8.559031896027136e-10,3.7426285880219274
2022-01-31,8.922164191460524e-10,0.0,0.0,8.922164191460524e-10,3.700853982781514
2022-02-01,1.0248665890344454e-09,0.0,0.0,1.0248665890344454e-09,3.705194765073655
2022-02-02,1.3922184348302834e-09,0.0,0.0,1.3922184348302834e-09,3.7041951210109825
2022-02-03,1.278298439046921e-09,0.0,0.0,1.278298439046921e-09,3.6829397700633617
2022-02-04,1.6484645720993284e-09,0.0,0.0,1.6484645720993284e-09,3.6764539220617825
2022-02-05,1.2594935569154585e-09,0.0,0.0,1.2594935569154585e-09,3.685295199450582
2022-02-06,1.3977495640915548e-09,0.0,0.0,1.3977495640915548e-09,3.6868952937170683
2022-02-07,1.1469191034052527e-09,0.0,0.0,1.1469191034052527e-09,3.665856850386196
2022-02-08,1.2773307108204788e-09,0.0,0.0,1.2773307108204788e-09,3.663790312548573
2022-02-09,1.1960435912783394e-09,0.0,0.0,1.1960435912783394e-09,3.6759495173827648
2022-02-10,8.863535771297392e-10,0.0,0.0,8.863535771297392e-10,3.6787529291746774
2022-02-11,8.179515691608685e-10,0.0,0.0,8.179515691608685e-10,3.686687557970185
2022-02-12,1.5297264499736228e-09,0.0,0.0,1.5297264499736228e-09,3.649242626210609
2022-02-13,1.043525930128908e-09,0.0,0.0,1.043525930128908e-09,3.669617380640329
2022-02-14,9.91331176010135e-10,0.0,0.0,9.91331176010135e-10,3.6622881900169673
2022-02-15,1.4205066204908688e-09,0.0,0.0,1.4205066204908688e-09,3.6445272054855335
2022-02-16,1.228023641317577e-09,0.0,0.0,1.228023641317577e-09,3.6493779777663113
2022-02-17,1.1886305719599475e-09,0.0,0.0,1.1886305719599475e-09,3.6461098706201205
2022-02-18,1.6892911693844324e-09,0.0,0.0,1.6892911693844324e-09,3.6387439226205283
2022-02-19,1.2042738970308164e-09,0.0,0.0,1.2042738970308164e-09,3.603080126316466
2022-02-20,9.26698646708246e-10,0.0,0.0,9.26698646708246e-10,3.6436372880325703
2022-02-21,1.0506080914751692e-09,0.0,0.0,1.0506080914751692e-09,3.6396534606661706
2022-02-22,1.6814109827123502e-09,0.0,0.0,1.6814109827123502e-09,3.629926850680575
2022-02-23,1.136652362845325e-09,0.0,0.0,1.136652362845325e-09,3.6173543105997994
2022-02-24,1.4855534345770138e-09,0.0,0.0,1.4855534345770138e-09,3.6180179612117045
2022-02-25,1.4462015087701728e-09,0.0,0.0,1.4462015087701728e-09,3.620679581386512
2022-02-26,1.3555358250982862e-09,0.0,0.0,1.3555358250982862e-09,3.6234149267604026
2022-02-27,1.2666219905099751e-09,0.0,0.0,1.2666219905099751e-09,3.6124944727523114
2022-02-28,1.204440750655067e-09,0.0,0.0,1.204440750655067e-09,3.599082415454432
2022-03-01,1.1559784346104605e-09,0.0,0.0,1.1559784346104605e-09,3.612024473672592
2022-03-02,1.2926921854727878e-09,0.0,0.0,1.2926921854727878e-09,3.5895513257599725
2022-03-03,1.2856533331273566e-09,0.0,0.0,1.2856533331273566e-09,3.5998134424280552
2022-03-04,1.2023885878420514e-09,0.0,0.0,1.2023885878420514e-09,3.6086707705103396
2022-03-05,1.1471136519958236e-09,0.0,0.0,1.1471136519958236e-09,3.603224000092439
2022-03-06,1.0181347747106884e-09,0.0,0.0,1.0181347747106884e-09,3.613460023802985
2022-03-07,9.812854253254954e-10,0.0,0.0,9.812854253254954e-10,3.5838405343181656
2022-03-08,1.2910595501125499e-09,0.0,0.0,1.2910595501125499e-09,3.5860208397530755
2022-03-09,1.5597805031575262e-09,0.0,0.0,1.5597805031575262e-09,3.591657422664539
2022-03-10,1.5957311907754954e-09,0.0,0.0,1.5957311907754954e-09,3.5813778281228665
2022-03-11,1.4925087461392648e-09,0.0,0.0,1.4925087461392648e-09,3.5745258101630286
2022-03-12,1.2138502009406691e-09,0.0,0.0,1.2138502009406691e-09,3.5768655689854594
2022-03-13,1.220011476164018e-09,0.0,0.0,1.220011476164018e-09,3.569011555053804
2022-03-14,1.6994696963479327e-09,0.0,0.0,1.6994696963479327e-09,3.5714421296207512
2022-03-15,1.6364365228582755e-09,0.0,0.0,1.6364365228582755e-09,3.567639707631649
2022-03-16,1.2695692819875147e-09,0.0,0.0,1.2695692819875147e-09,3.5640567368135336
2022-03-17,1.3896371044097576e-09,0.0,0.0,1.3896371044097576e-09,3.565217949276275
2022-03-18,1.1726674441092654e-09,0.0,0.0,1.1726674441092654e-09,3.565645676962841
2022-03-19,1.3122371956342248e-09,0.0,0.0,1.3122371956342248e-09,3.5566720088102213
2022-03-20,1.1165839976001734e-09,0.0,0.0,1.1165839976001734e-09,3.554266122092939
2022-03-21,1.042684367860147e-09,0.0,0.0,1.042684367860147e-09,3.5562017141002156
2022-03-22,1.4082486916322523e-09,0.0,0.0,1.4082486916322523e-09,3.5474818390699685
2022-03-23,1.5337362935952114e-09,0.0,0.0,1.5337362935952114e-09,3.545358817661984
2022-03-24,1.1393824254923857e-09,0.0,0.0,1.1393824254923857e-09,3.5474457632951073
2022-03-25,1.313653058048203e-09,0.0,0.0,1.313653058048203e-09,3.5482979099966894
2022-03-26,1.2702321376423242e-09,0.0,0.0,1.2702321376423242e-09,3.542122585630696
2022-03-27,1.284052039807193e-09,0.0,0.0,1.284052039807193e-09,3.538689503547489
2022-03-28,1.6076136989795486e-09,0.0,0.0,1.6076136989795486e-09,3.5356169652113305
2022-03-29,1.4007458631226654e-09,0.0,0.0,1.4007458631226654e-09,3.545362870130109
2022-03-30,1.1106895286161487e-09,0.0,0.0,1.1106895286161487e-09,3.5489658766874115
2022-03-31,1.1529213890071332e-09,0.0,0.0,1.1529213890071332e-09,3.5480562762837873
2022-04-01,1.4741065237444671e-09,0.0,0.0,1.4741065237444671e-09,3.5557833087705037
2022-04-02,1.6295869764348935e-09,0.0,0.0,1.6295869764348935e-09,3.559349768633345
2022-04-03,1.677198498555299e-09,0.0,0.0,1.677198498555299e-09,3.5596127171326017
2022-04-04,1.4348044032885808e-09,0.0,0.0,1.4348044032885808e-09,3.56290063899451
2022-04-05,1.1650208980995557e-09,0.0,0.0,1.1650208980995557e-09,3.5814255999357987
2022-04-06,1.0733455448530548e-09,0.0,0.0,1.0733455448530548e-09,3.5779898282557343
2022-04-07,1.2077133155230513e-09,0.0,0.0,1.2077133155230513e-09,3.578377964309382
2022-04-08,1.3104472802183408e-09,0.0,0.0,1.3104472802183408e-09,3.579089827811568
2022-04-09,9.929704216915524e-10,0.0,0.0,9.929704216915524e-10,3.6027257450655767
2022-04-10,1.0529662665703653e-09,0.0,0.0,1.0529662665703653e-09,3.5973711867986378
2022-04-11,1.3039756618127284e-09,0.0,0.0,1.3039756618127284e-09,3.590147590567935
2022-04-12,1.6784878530984314e-09,0.0,0.0,1.6784878530984314e-09,3.562268554582416
2022-04-13,1.5358042983848462e-09,0.0,0.0,1.5358042983848462e-09,3.6117907237689977
2022-04-14,1.5319582311690282e-09,0.0,0.0,1.5319582311690282e-09,3.5692842475153714
2022-04-15,1.5543901281489524e-09,0.0,0.0,1.5543901281489524e-09,3.594631323722302
2022-04-16,1.31326794985398e-09,0.0,0.0,1.31326794985398e-09,3.602434393615279
2022-04-17,1.1414049558311489e-09,0.0,0.0,1.1414049558311489e-09,3.610986231422685
2022-04-18,1.4145316879421442e-09,0.0,0.0,1.4145316879421442e-09,3.6069252958093094
2022-04-19,1.6504305158093755e-09,5.34721473997024e-10,1.1157090418123516e-09,0.0,3.6714037519908835
2022-04-20,1.4760763139776144e-09,3.734527448528979e-10,1.1026235691247166e-09,0.0,3.6460717689075235
2022-04-21,1.4493605869603242e-09,1.1390794334431575e-10,1.3354526436160084e-09,0.0,3.6521413566255925
2022-04-22,1.6514620891960872e-09,9.758437490958726e-11,1.5538777142865e-09,0.0,3.668431181670959
2022-04-23,1.5087218908682585e-09,1.1348060175109253e-10,1.395241289117166e-09,0.0,3.6846937878573507
2022-04-24,1.4472632417472652e-09,1.1097781163371678e-10,1.3362854301135484e-09,0.0,3.703171065557804
2022-04-25,1.40338149362762e-09,1.1442995214494543e-10,1.2889515414826745e-09,0.0,3.7349042428430317
2022-04-26,1.4486017961701235e-09,1.2521002545895497e-10,1.3233917707111685e-09,0.0,3.760986528986335
2022-04-27,1.5675898568190403e-09,1.4935638901647508e-10,1.4182334678025653e-09,0.0,3.7940343114237973
2022-04-28,1.7783779550484268e-09,1.6256893943022987e-10,1.6158090156181968e-09,0.0,3.8165908453402015
2022-04-29,2.0977912672748288e-09,2.584698550123221e-10,1.8393214122625066e-09,0.0,3.8607787642587352
2022-04-30,1.9719301109333287e-09,1.572792151094404e-10,1.8146508958238881e-09,0.0,3.8856136524194667
2022-05-01,2.1956895683317155e-09,1.3885736120045065e-10,2.0568322071312648e-09,0.0,3.8970873692712424
2022-05-02,2.3231128974288137e-09,2.3988590577062037e-10,2.0832269916581932e-09,0.0,3.91781839668785
2022-05-03,1.9543431804791566e-09,1.309992564202389e-10,1.8233439240589177e-09,0.0,3.936471840416018
2022-05-04,1.7272952806202112e-09,9.0602892743874e-11,1.6366923878763372e-09,0.0,3.9603747682793533
2022-05-05,1.5686049400187582e-09,7.097376482079198e-11,1.4976311751979663e-09,0.0,3.991243700030107
2022-05-06,1.5541242906635944e-09,7.747518665723873e-11,1.4766491040063556e-09,0.0,4.0180233562217875
2022-05-07,1.70596373855858e-09,8.652793603403097e-11,1.619435802524549e-09,0.0,4.0524272663088725
2022-05-08,1.6462039775966275e-09,8.540685263014324e-11,1.5607971249664842e-09,0.0,4.106539780449853
2022-05-09,2.0994387473649566e-09,9.522287328422862e-11,2.004215874080728e-09,0.0,4.119569699004874
2022-05-10,2.021737670077073e-09,2.564414836569995e-10,1.7652961864200732e-09,0.0,4.112166760538481
2022-05-11,2.0791134058839587e-09,3.543749590306788e-10,1.72473844685328e-09,0.0,4.0947490271762765
2022-05-12,2.023579883960735e-09,1.4268969490416338e-10,1.880890189056572e-09,0.0,4.096043250373836
2022-05-13,1.9433414477099117e-09,1.1834175216662856e-10,1.8249996955432833e-09,0.0,4.108803909943133
2022-05-14,1.7686358090074347e-09,1.8716661411843914e-10,1.5814691948889956e-09,0.0,4.1021350998755315
2022-05-15,1.865611799303224e-09,1.2732983009300367e-10,1.7382819692102202e-09,0.0,4.1026657259191515
2022-05-16,2.0841798324156002e-09,1.4104332603182002e-10,1.94313650638378e-09,0.0,4.097980573255707
2022-05-17,1.7554554482934745e-09,9.917884421284384e-11,1.6562766040806308e-09,0.0,4.116805870549396
2022-05-18,1.6469290400777935e-09,9.929454620305477e-11,1.5476344938747387e-09,0.0,4.133111851233782
2022-05-19,1.5700691332831694e-09,9.342094104525245e-11,1.476648192237917e-09,0.0,4.159043348453301
2022-05-20,1.5158914537671818e-09,7.361191693533441e-11,1.4422795368318473e-09,0.0,4.211813760850001
2022-05-21,1.8550651030935227e-09,6.86927053905606e-11,1.786372397702962e-09,0.0,4.232332965746514
2022-05-22,1.9672083115018775e-09,7.49684289225172e-11,1.8922398825793604e-09,0.0,4.2878550721436515
2022-05-23,1.8633397863254685e-09,1.0898801235725841e-10,1.75435177396821e-09,0.0,4.371259103373673
2022-05-24,2.0681061383953647e-09,1.2144086021237397e-10,1.9466652781829906e-09,0.0,4.382327427384876
2022-05-25,2.0636808417862085e-09,1.0593780501721994e-10,1.9577430367689885e-09,0.0,4.3993183973835075
2022-05-26,1.9487358544445497e-09,1.0351757980586739e-10,1.8452182746386824e-09,0.0,4.434878922672613
2022-05-27,1.8446779378678001e-09,9.92066745197917e-11,1.7454712633480084e-09,0.0,4.476546889755446
2022-05-28,1.8538766627962388e-09,9.15170545745525e-11,1.7623596082216862e-09,0.0,4.511655319948619
2022-05-29,1.942251207722734e-09,8.028784982627712e-11,1.8619633578964567e-09,0.0,4.535428859898601
2022-05-30,1.8128739446154895e-09,8.04960179578984e-11,1.732377926657591e-09,0.0,4.580565919974217
2022-05-31,1.8459879781573816e-09,7.834376006599086e-11,1.7676442180913908e-09,0.0,4.673874545655695
2022-06-01,1.9841860809144406e-09,6.216704333539268e-11,1.9220190375790477e-09,0.0,4.705344055488144
2022-06-02,2.1272536895899916e-09,7.139798645638961e-11,2.055855703133602e-09,0.0,4.770733714910282
2022-06-03,2.375636856939422e-09,8.55925186016293e-11,2.290044338337793e-09,0.0,4.85204376081835
2022-06-04,2.536707653977288e-09,9.686386414742287e-11,2.439843789829865e-09,0.0,4.893931817280534
2022-06-05,2.5359282130565925e-09,1.28530842822272e-10,2.4073973702343207e-09,0.0,4.938445778863868
2022-06-06,2.4576212656413075e-09,1.2855437784509147e-10,2.329066887796216e-09,0.0,4.956971135909204
2022-06-07,2.301680270164752e-09,1.1379434269542797e-10,2.187885927469324e-09,0.0,5.02856424189217
2022-06-08,2.3945519846968464e-09,1.1547508096398927e-10,2.279076903732857e-09,0.0,4.964124488648469
2022-06-09,2.596106155188238e-09,1.2305233969556182e-10,2.4730538154926762e-09,0.0,4.9336759240792905
2022-06-10,2.823701550624946e-09,1.1475546060069063e-10,2.7089460900242554e-09,0.0,4.905131065957745
2022-06-11,2.483763390586091e-09,9.425605682622517e-11,2.3895073337598658e-09,0.0,4.9147357686450315
2022-06-12,2.1826545634517914e-09,7.65652061396338e-11,2.1060893573121574e-09,0.0,4.9452132279793135
2022-06-13,2.074710176920291e-09,5.777969196429921e-11,2.016930484955992e-09,0.0,4.980174872614367
2022-06-14,2.0146294983991453e-09,5.855317433578477e-11,1.9560763240633604e-09,0.0,5.045882851851033
2022-06-15,1.974800322361858e-09,6.388423097192231e-11,1.9109160913899356e-09,0.0,5.124547630642205
2022-06-16,2.3126441645437977e-09,6.546433992227207e-11,2.2471798246215256e-09,0.0,5.132777548383202
2022-06-17,2.632558653798966e-09,5.410600240729479e-11,2.5784526513916713e-09,0.0,5.179737681684312
2022-06-18,2.672485175363448e-09,6.055740163546375e-11,2.611927773727984e-09,0.0,5.275267011085717
2022-06-19,2.6901079782071233e-09,7.654266836354394e-11,2.6135653098435794e-09,0.0,5.349284377571114
2022-06-20,3.1980703164613545e-09,9.055582269823502e-11,3.1075144937631193e-09,0.0,5.429942558096862
2022-06-21,3.8409661064697785e-09,1.150993753817886e-10,3.72586673108799e-09,0.0,5.534283493202642
2022-06-22,4.2145440841423466e-09,1.385762800865109e-10,4.075967804055835e-09,0.0,5.5765079648718325
2022-06-23,4.508635307409747e-09,1.5731525845552595e-10,4.351320048954221e-09,0.0,5.6358444744023615
2022-06-24,4.6936453469825775e-09,1.6943804613589462e-10,4.524207300846683e-09,0.0,5.656031507988182
2022-06-25,4.863791723224152e-09,1.4902025988305922e-10,4.7147714633410935e-09,0.0,5.68396021691662
2022-06-26,4.864245385007848e-09,1.1853761854752064e-10,4.745707766460327e-09,0.0,5.738306343625541
2022-06-27,5.035897575318415e-09,1.3783786162235856e-10,4.8980597136960565e-09,0.0,5.7922520854403015
2022-06-28,5.384122114868716e-09,1.6235087006322145e-10,5.221771244805495e-09,0.0,5.833965598495596
2022-06-29,5.580119776169567e-09,1.7337806824002654e-10,5.406741707929541e-09,0.0,5.876034058593723
2022-06-30,5.533690874699459e-09,1.559529766836931e-10,5.377737898015766e-09,0.0,5.9238824209535155
2022-07-01,5.690123099668653e-09,1.2278341074534182e-10,5.5673396889233115e-09,0.0,5.986781954455787
2022-07-02,5.910904457788746e-09,1.1740972537310767e-10,5.793494732415638e-09,0.0,6.048760234253521
2022-07-03,6.203806827613789e-09,1.3106204022506062e-10,6.072744787388728e-09,0.0,6.138583980166994
2022-07-04,6.516497827853129e-09,1.3221361800930253e-10,6.384284209843826e-09,0.0,6.196371953118209
2022-07-05,6.805893358183823e-09,1.418156793775438e-10,6.664077678806279e-09,0.0,6.274408621403436
2022-07-06,7.263420869101366e-09,1.4670213136724895e-10,7.116718737734117e-09,0.0,6.336866392664648
2022-07-07,7.656422114479254e-09,1.371056403343118e-10,7.519316474144942e-09,0.0,6.381503153942313
2022-07-08,7.829072591505337e-09,1.6705295962538002e-10,7.662019631879957e-09,0.0,6.450427586484674
2022-07-09,7.95645319570326e-09,1.5836853620498913e-10,7.798084659498271e-09,0.0,6.522893433903671
2022-07-10,8.234660971133678e-09,1.6550573132434463e-10,8.069155239809333e-09,0.0,6.549971475120507
2022-07-11,8.58797108435283e-09,1.7333401842734018e-10,8.414637065925489e-09,0.0,6.579929539914643
2022-07-12,8.621178460188617e-09,1.5791860697333957e-10,8.463259853215276e-09,0.0,6.597165005516588
2022-07-13,8.730347373102632e-09,1.8412935673950413e-10,8.546218016363127e-09,0.0,6.6441873115526455
2022-07-14,8.607076878561768e-09,2.3902662100283576e-10,8.368050257558933e-09,0.0,6.633048348174436
2022-07-15,8.399807821852789e-09,2.2031765976038285e-10,8.179490162092406e-09,0.0,6.583551545971683
2022-07-16,8.225142336577561e-09,2.0038110204012582e-10,8.024761234537435e-09,0.0,6.55396234857077
2022-07-17,7.888262661026602e-09,2.1356488900892144e-10,7.67469777201768e-09,0.0,6.537846388688447
2022-07-18,7.301837548432388e-09,2.0378909301399516e-10,7.098048455418393e-09,0.0,6.507810133846434
2022-07-19,6.766269426208281e-09,2.0723203036254743e-10,6.559037395845734e-09,0.0,6.481486107191752
2022-07-20,6.504221307466195e-09,1.8236041199770624e-10,6.321860895468489e-09,0.0,6.430811683517218
2022-07-21,6.590887362172281e-09,1.7756423932979712e-10,6.413323122842484e-09,0.0,6.37372852773314
2022-07-22,6.132931149132048e-09,1.7658864710057287e-10,5.956342502031475e-09,0.0,6.377864365570694
2022-07-23,5.7857222911295025e-09,1.7537722026617074e-10,5.610345070863332e-09,0.0,6.372441132627851
2022-07-24,5.755020953586153e-09,1.7393817898891938e-10,5.581082774597234e-09,0.0,6.336766882194549
2022-07-25,5.955053603372562e-09,1.6210866732535576e-10,5.792944936047206e-09,0.0,6.295074394357018
2022-07-26,5.4019930469451074e-09,1.8899848512887726e-10,5.21299456181623e-09,0.0,6.3472124479326935
2022-07-27,5.338144325079952e-09,2.8937475910595363e-10,5.048769565973998e-09,0.0,6.323382783452681
2022-07-28,5.451862136212071e-09,2.4296688529545916e-10,5.2088952509166115e-09,0.0,6.260595644704948
2022-07-29,5.237192668232637e-09,1.6428494461706576e-10,5.072907723615571e-09,0.0,6.218500759322991
2022-07-30,5.175696009764862e-09,1.3898549315882745e-10,5.036710516606035e-09,0.0,6.179719157370718
2022-07-31,4.814459708306628e-09,1.2714432795490892e-10,4.68731538035172e-09,0.0,6.18122120139782
2022-08-01,4.731198424892113e-09,1.0735306908316032e-10,4.623845355808953e-09,0.0,6.200123346035375
2022-08-02,4.803050429291744e-09,1.0487223976340942e-10,4.698178189528334e-09,0.0,6.213615191558965
2022-08-03,4.570975494146978e-09,1.215368523332927e-10,4.449438641813685e-09,0.0,6.2530652119398065
2022-08-04,4.979471246890909e-09,1.276017222906489e-10,4.85186952460026e-09,0.0,6.25080806118217
2022-08-05,5.321536790638958e-09,1.296241386583574e-10,5.191912651980601e-09,0.0,6.2592089042259405
2022-08-06,5.076713900962204e-09,1.6382564126615762e-10,4.912888259696046e-09,0.0,6.310989116968782
2022-08-07,4.923571721171526e-09,1.9124233300971126e-10,4.732329388161815e-09,0.0,6.287705080921855
2022-08-08,5.00495863661854e-09,1.7088409663301717e-10,4.834074539985522e-09,0.0,6.228381969842236
2022-08-09,4.650364525495831e-09,1.7376612543529288e-10,4.476598400060538e-09,0.0,6.188987311492316
2022-08-10,4.518086898492868e-09,1.6268896519733288e-10,4.3553979332955345e-09,0.0,6.152870482469696
2022-08-11,4.50078577895141e-09,1.3764966691809377e-10,4.363136112033317e-09,0.0,6.095694347041958
2022-08-12,4.480579245171866e-09,1.1849257861129557e-10,4.362086666560571e-09,0.0,6.091852098762915
2022-08-13,4.441394700105405e-09,8.726959555005464e-11,4.3541251045553505e-09,0.0,6.098045506761567
2022-08-14,4.247354520163781e-09,7.475886464547443e-11,4.172595655518307e-09,0.0,6.131770168315014
2022-08-15,4.053970557063025e-09,1.0513199404371674e-10,3.948838563019308e-09,0.0,6.185257186195882
2022-08-16,4.243181932999106e-09,1.2412714372800336e-10,4.119054789271103e-09,0.0,6.211876491866866
2022-08-17,4.855033517792151e-09,1.2429243025025014e-10,4.7307410875419e-09,0.0,6.194328284536556
2022-08-18,4.331666965740055e-09,1.485955467472877e-10,4.183071418992767e-09,0.0,6.216471683545578
2022-08-19,4.2371782085126595e-09,1.5405393398282285e-10,4.083124274529837e-09,0.0,6.225388544807694
2022-08-20,4.58172597060269e-09,1.5323885573792493e-10,4.428487114864765e-09,0.0,6.200235079654465
2022-08-21,4.506248653797229e-09,1.475546775964176e-10,4.3586939762008115e-09,0.0,6.175397381578641
2022-08-22,4.267357800813442e-09,1.1657985226065647e-10,4.150777948552786e-09,0.0,6.1969422598022765
2022-08-23,4.338835253587803e-09,1.0505309758102042e-10,4.233782156006782e-09,0.0,6.166198484882729
2022-08-24,4.292935754790506e-09,1.314112475370166e-10,4.161524507253489e-09,0.0,6.18537988700875
2022-08-25,4.428416552535452e-09,1.467045532521638e-10,4.2817119992832884e-09,0.0,6.193971904886478
2022-08-26,4.607133181693256e-09,1.448700609074649e-10,4.4622631207857915e-09,0.0,6.226707847782504
2022-08-27,4.447360436614644e-09,1.3803142721258153e-10,4.309329009402063e-09,0.0,6.179461188974947
2022-08-28,4.306595342420394e-09,1.3247703360974583e-10,4.174118308810648e-09,0.0,6.176545311638086
2022-08-29,4.3220919867437145e-09,1.320072449217946e-10,4.1900847418219196e-09,0.0,6.158903798662209
2022-08-30,4.107771840047291e-09,1.2995636428314581e-10,3.977815475764146e-09,0.0,6.176272263499896
2022-08-31,4.158000621963253e-09,1.3184136005151003e-10,4.0261592619117435e-09,0.0,6.161129943086957
2022-09-01,4.559796799945559e-09,1.4036947217022088e-10,4.419427327775338e-09,0.0,6.139317765258343
2022-09-02,4.134856861774949e-09,1.3667247909410205e-10,3.998184382680847e-09,0.0,6.161039412182101
2022-09-03,4.304469155407275e-09,1.354923088214832e-10,4.168976846585792e-09,0.0,6.12732255848708
2022-09-04,3.8191509567297995e-09,1.4102122989356757e-10,3.678129726836232e-09,0.0,6.125937122236399
2022-09-05,3.705279840282571e-09,1.5236532458828832e-10,3.5529145156942827e-09,0.0,6.098331513265545
2022-09-06,3.7590864157976965e-09,1.4166245954072565e-10,3.617423956256971e-09,0.0,6.070743870627235
2022-09-07,3.806705588225156e-09,1.3124597526115167e-10,3.6754596129640046e-09,0.0,6.025927799999476
2022-09-08,3.779792377862634e-09,1.350320082238454e-10,3.6447603696387884e-09,0.0,5.99642951653162
2022-09-09,4.284436691044391e-09,1.3538517602995623e-10,4.149051515014434e-09,0.0,5.956208841490469
2022-09-10,3.379471768880648e-09,1.349585966181621e-10,3.244513172262486e-09,0.0,5.952970541587446
2022-09-11,3.321027184028935e-09,1.6119860845265065e-10,3.159828575576284e-09,0.0,5.909568657804797
2022-09-12,3.535637700480265e-09,1.4278390622735058e-10,3.3928537942529144e-09,0.0,5.869861634017117
2022-09-13,3.615557103255895e-09,1.1315661053501457e-10,3.5024004927208805e-09,0.0,5.798135150625225
2022-09-14,3.410389558826665e-09,9.496428008404223e-11,3.3154252787426227e-09,0.0,5.78236952093431
2022-09-15,2.8838336265302187e-09,7.977253682511786e-11,2.8040610897051006e-09,0.0,5.799203855567544
2022-09-16,2.9257915005054257e-09,9.906065622899973e-11,2.826730844276426e-09,0.0,5.748771931504762
2022-09-17,3.0684729681240694e-09,1.1400701268371448e-10,2.954465955440355e-09,0.0,5.755961924043974
2022-09-18,2.869936430620612e-09,1.2080255107349556e-10,2.7491338795471165e-09,0.0,5.72286684181602
2022-09-19,3.113375896894865e-09,1.3732519132503284e-10,2.9760507055698323e-09,0.0,5.67156940263671
2022-09-20,2.943454121986377e-09,1.0985378635197661e-10,2.8336003356344005e-09,0.0,5.67391779133185
2022-09-21,2.9206245087642912e-09,1.0217936017298256e-10,2.8184451485913085e-09,0.0,5.616503829295291
2022-09-22,3.4473212736685354e-09,1.022879104795038e-10,3.3450333631890315e-09,0.0,5.568206366323142
2022-09-23,2.9529625632562783e-09,1.0323851455495968e-10,2.8497240487013186e-09,0.0,5.535544603438468
2022-09-24,2.5025366101338874e-09,1.0071082888529758e-10,2.40182578124859e-09,0.0,5.518895019366344
2022-09-25,2.3886261451799837e-09,9.628209889811501e-11,2.2923440462818687e-09,0.0,5.467845869589788
2022-09-26,2.6437679314206264e-09,1.1387082439640038e-10,2.529897107024226e-09,0.0,5.429137629916041
2022-09-27,2.6988749024248193e-09,1.0711590244127932e-10,2.5917589999835398e-09,0.0,5.379553748538392
2022-09-28,2.25015545927576e-09,8.206630402796122e-11,2.1680891552477987e-09,0.0,5.334804385902013
2022-09-29,2.599364886819444e-09,8.33360056873289e-11,2.516028881132115e-09,0.0,5.192513187454551
2022-09-30,1.956743621027712e-09,4.8936204128935396e-11,1.9078074168987766e-09,0.0,5.26692202976337
2022-10-01,2.175322175093086e-09,4.157477808242049e-11,2.1337473970106656e-09,0.0,5.233583916254769
2022-10-02,1.8899033940389383e-09,3.5428846212326445e-11,1.854474547826612e-09,0.0,5.1998016490502295
2022-10-03,1.8090314051599774e-09,2.936392461183601e-11,1.7796674805481414e-09,0.0,5.17877057909381
2022-10-04,1.736861921921573e-09,3.5980808030799943e-11,1.700881113890773e-09,0.0,5.147504794059898
2022-10-05,1.9103929535635443e-09,4.5011375791048633e-11,1.8653815777724957e-09,0.0,5.13982922525302
2022-10-06,1.7719967940443836e-09,3.685723475754798e-11,1.7351395592868357e-09,0.0,5.109636318556163
2022-10-07,1.7320196052228453e-09,3.654846936207434e-11,1.6954711358607709e-09,0.0,5.088873928944551
2022-10-08,1.8720946901584765e-09,4.1583696317459836e-11,1.8305109938410167e-09,0.0,5.0544202040186645
2022-10-09,2.3934498917199674e-09,1.8077476120481603e-11,2.375372415599486e-09,0.0,5.019095975905675
2022-10-10,1.2883173584521401e-09,2.1197086490509773e-11,1.2671202719616303e-09,0.0,4.982983365844002
2022-10-11,1.2502622237997583e-09,2.366903319117597e-11,1.2265931906085824e-09,0.0,4.998427533865603
2022-10-12,1.2329904918728651e-09,8.885745275133415e-12,1.2241047465977317e-09,0.0,4.957094683396361
2022-10-13,1.7768522757355408e-09,5.668344623677157e-12,1.7711839311118637e-09,0.0,4.942624874154492
2022-10-14,1.0122783671617786e-09,5.9124715134917235e-12,1.0063658956482868e-09,0.0,4.871885000526487
2022-10-15,1.432256692548428e-09,1.586727641278429e-11,1.4163894161356438e-09,0.0,4.76268816274067
2022-10-16,2.1088854091999565e-09,2.4438015486794026e-11,2.0844473937131624e-09,0.0,4.857039094237054
2022-10-17,1.430753813234098e-09,1.4977447402308997e-11,1.415776365831789e-09,0.0,4.80591937330162
2022-10-18,1.0242298336415877e-09,9.945912931019762e-12,1.014283920710568e-09,0.0,4.780510958922019
2022-10-19,1.33382678330074e-09,9.820480662003915e-12,1.324006302638736e-09,0.0,4.780816550154159
2022-10-20,1.2155067239216775e-09,1.1320584603069505e-11,1.204186139318608e-09,0.0,4.787574876950492
2022-10-21,1.0856289898719673e-09,8.385634944207964e-12,1.0772433549277593e-09,0.0,4.767559208974356
2022-10-22,9.876585264390058e-10,5.278181189893871e-12,9.82380345249112e-10,0.0,4.743835909037297
2022-10-23,1.055462842594057e-09,1.7940584418063564e-12,1.0536687841522507e-09,0.0,4.738680529000512
2022-10-24,1.156802449788774e-09,2.918347281610778e-12,1.1538841025071632e-09,0.0,4.72056481543235
2022-10-25,1.1747895900471316e-09,4.204852993572316e-12,1.1705847370535592e-09,0.0,4.716085017345392
2022-10-26,1.239457609312211e-09,1.2267324347448038e-11,1.227190284964763e-09,0.0,4.655464851443983
2022-10-27,9.98102248019883e-10,1.686867952432891e-11,9.812335684955542e-10,0.0,4.6552070133739845
2022-10-28,5.691778881170006e-11,5.651889718738534e-13,5.6352599839826206e-11,0.0,4.411696342076064
2022-10-29,9.919301983581095e-10,6.39026188214986e-13,0.0,9.912911721698945e-10,4.467660232806381
2022-10-30,7.895565926219205e-10,0.0,0.0,7.895565926219205e-10,4.632844889277326
2022-10-31,6.618536212954495e-10,0.0,0.0,6.618536212954495e-10,4.468197881521855
2022-11-01,6.099296624029193e-10,0.0,0.0,6.099296624029193e-10,4.443976551305115
2022-11-02,1.393466189938408e-09,0.0,0.0,1.393466189938408e-09,4.545507447178522
2022-11-03,1.1000528380122887e-09,0.0,0.0,1.1000528380122887e-09,4.58005056843119
2022-11-04,6.113717381595052e-10,0.0,0.0,6.113717381595052e-10,4.482856645707729
2022-11-05,5.208281744728537e-10,0.0,0.0,5.208281744728537e-10,4.304202546512865
2022-11-06,4.4861004518281783e-10,0.0,0.0,4.4861004518281783e-10,4.425689689571617
2022-11-07,9.63983251551781e-10,0.0,0.0,9.63983251551781e-10,4.435849222045063
2022-11-08,1.3973212608675567e-09,0.0,0.0,1.3973212608675567e-09,4.538351451795813
2022-11-09,1.0654401705778582e-09,0.0,0.0,1.0654401705778582e-09,4.492545017286699
2022-11-10,7.767478416553785e-10,0.0,0.0,7.767478416553785e-10,4.50441676558746
2022-11-11,7.92544514780502e-10,0.0,0.0,7.92544514780502e-10,4.378464505505956
2022-11-12,1.2615012710170958e-09,0.0,0.0,1.2615012710170958e-09,4.448705789075261
2022-11-13,7.670817285543307e-10,0.0,0.0,7.670817285543307e-10,4.496589774130907
2022-11-14,5.776839458349059e-10,0.0,0.0,5.776839458349059e-10,4.419713726463147
2022-11-15,4.314212156231178e-10,0.0,0.0,4.314212156231178e-10,4.253941222669541
2022-11-16,3.348330545804856e-10,0.0,0.0,3.348330545804856e-10,4.3949446175163915
2022-11-17,7.228830126848606e-10,0.0,0.0,7.228830126848606e-10,4.453128659537245
2022-11-18,9.533288384488968e-10,0.0,0.0,9.533288384488968e-10,4.458728060547075
2022-11-19,1.1309831006656166e-09,0.0,0.0,1.1309831006656166e-09,4.357480794448876
2022-11-20,1.2848771902440602e-09,0.0,0.0,1.2848771902440602e-09,4.305806147102813
2022-11-21,1.0487326977681732e-09,0.0,0.0,1.0487326977681732e-09,4.37698115821415
2022-11-22,8.780264529661962e-10,0.0,0.0,8.780264529661962e-10,4.309076943257675
2022-11-23,6.277382665587083e-10,0.0,0.0,6.277382665587083e-10,4.322373635596947
2022-11-24,6.88700415025778e-10,0.0,0.0,6.88700415025778e-10,4.436665486264923
2022-11-25,7.275545152651829e-10,0.0,0.0,7.275545152651829e-10,4.402738904150764
2022-11-26,5.861401992035553e-10,0.0,0.0,5.861401992035553e-10,4.290232433646934
2022-11-27,4.70246509678418e-10,0.0,0.0,4.70246509678418e-10,4.342988889081168
2022-11-28,4.688896557780708e-10,0.0,0.0,4.688896557780708e-10,4.310503182782381
2022-11-29,5.88709790605435e-10,0.0,0.0,5.88709790605435e-10,4.311432026585592
2022-11-30,1.0303229532837576e-09,0.0,0.0,1.0303229532837576e-09,4.348684893516582
2022-12-01,1.2387778360789524e-09,0.0,0.0,1.2387778360789524e-09,4.239618266419595
2022-12-02,6.062198475831337e-10,0.0,0.0,6.062198475831337e-10,4.208970656403346
2022-12-03,9.16859297603878e-10,0.0,0.0,9.16859297603878e-10,4.246371202631573
2022-12-04,7.384752217376444e-10,0.0,0.0,7.384752217376444e-10,4.16926961160188
2022-12-05,1.0238357208436353e-09,0.0,0.0,1.0238357208436353e-09,4.248326930588634
2022-12-06,1.210131097479916e-09,0.0,0.0,1.210131097479916e-09,4.2794607904199395
2022-12-07,9.630431043206044e-10,0.0,0.0,9.630431043206044e-10,4.225807611030309
2022-12-08,7.31293449689474e-10,0.0,0.0,7.31293449689474e-10,4.258259376849003
2022-12-09,5.864651876663628e-10,0.0,0.0,5.864651876663628e-10,4.205398347660479
2022-12-10,5.068254627360602e-10,0.0,0.0,5.068254627360602e-10,4.200859540747407
2022-12-11,9.78744782571539e-10,0.0,0.0,9.78744782571539e-10,4.288978888549623
2022-12-12,1.0891640434351756e-09,0.0,0.0,1.0891640434351756e-09,4.298926173929819
2022-12-13,5.804984040480576e-10,0.0,0.0,5.804984040480576e-10,4.174358010120141
2022-12-14,5.543925931306148e-10,0.0,0.0,5.543925931306148e-10,4.194053341988177
2022-12-15,5.426560248622536e-10,0.0,0.0,5.426560248622536e-10,4.191318379145102
2022-12-16,4.2018962460588226e-10,0.0,0.0,4.2018962460588226e-10,4.279316297166017
2022-12-17,4.902096226544472e-10,0.0,0.0,4.902096226544472e-10,4.286199703442514
2022-12-18,8.862316281010862e-10,0.0,0.0,8.862316281010862e-10,4.1671723953450455
2022-12-19,8.605263114702665e-10,0.0,0.0,8.605263114702665e-10,4.195800944459937
2022-12-20,8.865554768533456e-10,0.0,0.0,8.865554768533456e-10,4.217178550994461
2022-12-21,6.933901529748709e-10,0.0,0.0,6.933901529748709e-10,4.251356677706998
2022-12-22,8.407893170669922e-10,0.0,0.0,8.407893170669922e-10,4.211043236726322
2022-12-23,9.917564020156532e-10,0.0,0.0,9.917564020156532e-10,4.20463918624365
2022-12-24,1.2618519599527642e-09,0.0,0.0,1.2618519599527642e-09,4.247510359960181
2022-12-25,1.088388014522934e-09,0.0,0.0,1.088388014522934e-09,4.166813405591711
2022-12-26,1.5574496811154858e-09,0.0,0.0,1.5574496811154858e-09,4.204947975242002
2022-12-27,1.223869852253756e-09,0.0,0.0,1.223869852253756e-09,4.1589180964821395
2022-12-28,7.896676004293112e-10,0.0,0.0,7.896676004293112e-10,4.134142788710745
2022-12-29,8.545611804322561e-10,0.0,0.0,8.545611804322561e-10,4.150113407909109
2022-12-30,1.0503496051228467e-09,0.0,0.0,1.0503496051228467e-09,4.094404845366792
2022-12-31,8.272431163902637e-10,0.0,0.0,8.272431163902637e-10,4.125801450549817
2023-01-01,1.1657479194582263e-09,0.0,0.0,1.1657479194582263e-09,4.114499116123167
2023-01-02,1.2176538709240957e-09,0.0,0.0,1.2176538709240957e-09,4.143962334245385
2023-01-03,6.913258522445175e-10,0.0,0.0,6.913258522445175e-10,4.165045980931448
2023-01-04,6.854493337016265e-10,0.0,0.0,6.854493337016265e-10,4.110680323056489
2023-01-05,8.851396144393674e-10,0.0,0.0,8.851396144393674e-10,4.08123876463256
2023-01-06,9.470415682244492e-10,0.0,0.0,9.470415682244492e-10,4.099851105597665
2023-01-07,8.393199452427779e-10,0.0,0.0,8.393199452427779e-10,4.073526383056394
2023-01-08,9.140256922535172e-10,0.0,0.0,9.140256922535172e-10,4.083992722256352
2023-01-09,9.505644705143367e-10,0.0,0.0,9.505644705143367e-10,4.08851520211918
2023-01-10,1.2810251965333917e-09,0.0,0.0,1.2810251965333917e-09,4.1017110342213705
2023-01-11,1.0089179355077248e-09,0.0,0.0,1.0089179355077248e-09,4.080526235136498
2023-01-12,9.357214501903853e-10,0.0,0.0,9.357214501903853e-10,4.0412285000379615
2023-01-13,1.1781530989196652e-09,0.0,0.0,1.1781530989196652e-09,4.022319081953874
2023-01-14,1.2709647435826809e-09,0.0,0.0,1.2709647435826809e-09,4.066503651222754
2023-01-15,1.2703490719445652e-09,0.0,0.0,1.2703490719445652e-09,4.0489556453883155
2023-01-16,1.2202510433212409e-09,0.0,0.0,1.2202510433212409e-09,4.024071436195134
2023-01-17,1.1927793462973567e-09,0.0,0.0,1.1927793462973567e-09,4.05181814534209
2023-01-18,1.1631150741209238e-09,0.0,0.0,1.1631150741209238e-09,4.040623385730652
2023-01-19,1.085636639288623e-09,0.0,0.0,1.085636639288623e-09,4.0194131572278495
2023-01-20,9.730128363116819e-10,0.0,0.0,9.730128363116819e-10,4.076850427346319
2023-01-21,9.680505365849967e-10,0.0,0.0,9.680505365849967e-10,4.022383990477157
2023-01-22,8.337107458089576e-10,0.0,0.0,8.337107458089576e-10,4.035647243084357
2023-01-23,1.4931565576148386e-09,0.0,0.0,1.4931565576148386e-09,4.006604031615965
2023-01-24,1.3208396168806756e-09,0.0,0.0,1.3208396168806756e-09,3.979861584100504
2023-01-25,1.139102968465977e-09,0.0,0.0,1.139102968465977e-09,4.0209624911146475
2023-01-26,9.806772757769976e-10,0.0,0.0,9.806772757769976e-10,3.9863606186448486
2023-01-27,8.028536525728213e-10,0.0,0.0,8.028536525728213e-10,4.0213689289199985
2023-01-28,1.0112911547821568e-09,0.0,0.0,1.0112911547821568e-09,3.997951535356283
2023-01-29,1.319028388877541e-09,0.0,0.0,1.319028388877541e-09,3.981251695258791
2023-01-30,1.6602549916910901e-09,0.0,0.0,1.6602549916910901e-09,3.9622642038028384
2023-01-31,1.4642297921341195e-09,0.0,0.0,1.4642297921341195e-09,3.9880503443899205
2023-02-01,1.340222218289e-09,0.0,0.0,1.340222218289e-09,3.972560635539135
2023-02-02,1.6037736722296357e-09,0.0,0.0,1.6037736722296357e-09,3.980312552771858
2023-02-03,1.3941809024231587e-09,0.0,0.0,1.3941809024231587e-09,3.958240268170533
2023-02-04,1.2676128548605447e-09,0.0,0.0,1.2676128548605447e-09,3.9392121482046676
2023-02-05,1.5847738995944382e-09,0.0,0.0,1.5847738995944382e-09,3.9472645657991428
2023-02-06,1.7720717656288797e-09,0.0,0.0,1.7720717656288797e-09,3.958271401306227
2023-02-07,1.094267895211942e-09,0.0,0.0,1.094267895211942e-09,3.9666711678652304
2023-02-08,1.0221609161931156e-09,0.0,0.0,1.0221609161931156e-09,3.9106857283523095
2023-02-09,1.1317590156068034e-09,0.0,0.0,1.1317590156068034e-09,3.920411743973863
2023-02-10,1.5546462211091238e-09,0.0,0.0,1.5546462211091238e-09,3.922433024549225
2023-02-11,1.68009233760813e-09,0.0,0.0,1.68009233760813e-09,3.9414669384141456
2023-02-12,1.3364787250225162e-09,0.0,0.0,1.3364787250225162e-09,3.944900262939164
2023-02-13,9.795597895845276e-10,0.0,0.0,9.795597895845276e-10,3.9772356181916018
2023-02-14,1.1437866089636372e-09,0.0,0.0,1.1437866089636372e-09,3.903726322612121
2023-02-15,1.5904350698292545e-09,0.0,0.0,1.5904350698292545e-09,3.8967987943279785
2023-02-16,1.2596837746059464e-09,0.0,0.0,1.2596837746059464e-09,3.917117376630975
2023-02-17,1.4676569017524342e-09,0.0,0.0,1.4676569017524342e-09,3.9104476696406962
2023-02-18,1.3929615261076831e-09,0.0,0.0,1.3929615261076831e-09,3.903887005590965
2023-02-19,1.17757435390331e-09,0.0,0.0,1.17757435390331e-09,3.9195158965410997
2023-02-20,1.1149880609195861e-09,0.0,0.0,1.1149880609195861e-09,3.881366287728974
2023-02-21,1.0176554124541326e-09,0.0,0.0,1.0176554124541326e-09,3.9052217150053004
2023-02-22,1.355934039963813e-09,0.0,0.0,1.355934039963813e-09,3.859478315373408
2023-02-23,1.835946843300462e-09,0.0,0.0,1.835946843300462e-09,3.878316024936859
2023-02-24,1.6594804444025611e-09,0.0,0.0,1.6594804444025611e-09,3.875485509924377
2023-02-25,1.6021587023828941e-09,0.0,0.0,1.6021587023828941e-09,3.8754061463321734
2023-02-26,1.4849319504151026e-09,0.0,0.0,1.4849319504151026e-09,3.8700037776193716
2023-02-27,1.195499037578429e-09,0.0,0.0,1.195499037578429e-09,3.860361487994515
2023-02-28,1.5971179905704956e-09,0.0,0.0,1.5971179905704956e-09,3.8515929500706396
2023-03-01,2.3313650001455243e-09,0.0,0.0,2.3313650001455243e-09,3.8613574284050647
2023-03-02,1.2736606149132967e-09,0.0,0.0,1.2736606149132967e-09,3.8432693625221064
2023-03-03,1.1033875171051476e-09,0.0,0.0,1.1033875171051476e-09,3.836143098657974
2023-03-04,8.401215036712983e-10,0.0,0.0,8.401215036712983e-10,3.894661731735
2023-03-05,1.076616286184162e-09,0.0,0.0,1.076616286184162e-09,3.8869810531206364
2023-03-06,1.4311442228631675e-09,0.0,0.0,1.4311442228631675e-09,3.8541777649527527
2023-03-07,1.3540436020775813e-09,0.0,0.0,1.3540436020775813e-09,3.8490324006652523
2023-03-08,1.3744570716767156e-09,0.0,0.0,1.3744570716767156e-09,3.84994384068761
2023-03-09,1.3450668998871151e-09,0.0,0.0,1.3450668998871151e-09,3.855368136200123
2023-03-10,1.2350146258199855e-09,0.0,0.0,1.2350146258199855e-09,3.8249142660616173
2023-03-11,1.4518786349526635e-09,0.0,0.0,1.4518786349526635e-09,3.8165960861042287
2023-03-12,1.786740068325798e-09,0.0,0.0,1.786740068325798e-09,3.815717441405511
2023-03-13,1.4894299320644676e-09,0.0,0.0,1.4894299320644676e-09,3.8318655344043395
2023-03-14,1.7672749518737872e-09,0.0,0.0,1.7672749518737872e-09,3.8162664188871935
2023-03-15,1.5373786945360733e-09,0.0,0.0,1.5373786945360733e-09,3.8151468916372413
2023-03-16,1.473858294787078e-09,0.0,0.0,1.473858294787078e-09,3.815336440790587
2023-03-17,1.3443087644304796e-09,0.0,0.0,1.3443087644304796e-09,3.8153730603576053
2023-03-18,1.453957353021451e-09,0.0,0.0,1.453957353021451e-09,3.801200295889896
2023-03-19,1.625592518905705e-09,0.0,0.0,1.625592518905705e-09,3.81185306947773
2023-03-20,1.2458915674073977e-09,0.0,0.0,1.2458915674073977e-09,3.815590175343212
2023-03-21,1.65824602390785e-09,0.0,0.0,1.65824602390785e-09,3.810370255820038
2023-03-22,1.6125317779369651e-09,0.0,0.0,1.6125317779369651e-09,3.8039060570744305
2023-03-23,1.4812577515499469e-09,0.0,0.0,1.4812577515499469e-09,3.8006765672157212
2023-03-24,1.13652847630874e-09,0.0,0.0,1.13652847630874e-09,3.79720464862759
2023-03-25,9.826761001363592e-10,0.0,0.0,9.826761001363592e-10,3.816160893701376
2023-03-26,1.1575332277402594e-09,0.0,0.0,1.1575332277402594e-09,3.8077734931718137
2023-03-27,1.5274069110660093e-09,0.0,0.0,1.5274069110660093e-09,3.807064638969816
2023-03-28,1.3784934705540762e-09,0.0,0.0,1.3784934705540762e-09,3.7846192457355676
2023-03-29,1.604538759920615e-09,0.0,0.0,1.604538759920615e-09,3.7958127524417047
2023-03-30,2.1712944771934415e-09,0.0,0.0,2.1712944771934415e-09,3.7913199096163064
2023-03-31,1.739993358569336e-09,0.0,0.0,1.739993358569336e-09,3.7919372910896847
2023-04-01,1.2597082783827318e-09,0.0,0.0,1.2597082783827318e-09,3.803697133215868
2023-04-02,1.2841780917938193e-09,0.0,0.0,1.2841780917938193e-09,3.8043233790625552
2023-04-03,1.3221945047803274e-09,0.0,0.0,1.3221945047803274e-09,3.8070457789170873
2023-04-04,1.8824395115757394e-09,0.0,0.0,1.8824395115757394e-09,3.7988432029937496
2023-04-05,1.6794980925283197e-09,0.0,0.0,1.6794980925283197e-09,3.825361471392072
2023-04-06,1.5706488969158271e-09,0.0,0.0,1.5706488969158271e-09,3.8177046649133883
2023-04-07,1.6411794283044399e-09,0.0,0.0,1.6411794283044399e-09,3.8291443438947805
2023-04-08,1.5368007473171019e-09,0.0,0.0,1.5368007473171019e-09,3.8218111926980214
2023-04-09,1.5361483769993355e-09,0.0,0.0,1.5361483769993355e-09,3.832689214764245
2023-04-10,1.3483034499017775e-09,0.0,0.0,1.3483034499017775e-09,3.8251940389769605
2023-04-11,1.3358383216655056e-09,0.0,0.0,1.3358383216655056e-09,3.8137493461283722
2023-04-12,1.6706803799593216e-09,0.0,0.0,1.6706803799593216e-09,3.8257315966538123
2023-04-13,1.4820920196711993e-09,0.0,0.0,1.4820920196711993e-09,3.7831250627240087
2023-04-14,1.416113720154044e-09,0.0,0.0,1.416113720154044e-09,3.7842831974268734
2023-04-15,1.3803915445009805e-09,0.0,0.0,1.3803915445009805e-09,3.7997277551441333
2023-04-16,1.3375758103961742e-09,0.0,0.0,1.3375758103961742e-09,3.818211372489108
2023-04-17,1.1624701119217206e-09,0.0,0.0,1.1624701119217206e-09,3.8305568583196257
2023-04-18,1.1527205720085475e-09,0.0,0.0,1.1527205720085475e-09,3.835329711367165
2023-04-19,1.225404130593688e-09,0.0,0.0,1.225404130593688e-09,3.815193700715182
2023-04-20,1.0307629955264019e-09,0.0,0.0,1.0307629955264019e-09,3.854066146088784
2023-04-21,1.1698653517555612e-09,0.0,0.0,1.1698653517555612e-09,3.8499915615923785
2023-04-22,1.4459246018461157e-09,1.2238546656107018e-10,1.3235391352850455e-09,0.0,3.862747928724835
2023-04-23,1.5597793349542141e-09,3.85549119741313e-10,1.1742302152129012e-09,0.0,3.9543584312772686
2023-04-24,1.7646177879626634e-09,2.0400153506017202e-10,1.5606162529024913e-09,0.0,3.875738266813661
2023-04-25,1.6816719408119239e-09,9.349224418642165e-11,1.5881796966255023e-09,0.0,3.8495332221990193
2023-04-26,1.6190678754668397e-09,3.503490169975975e-11,1.58403297376708e-09,0.0,3.8524791628895985
2023-04-27,1.5039890255597043e-09,3.738213913528909e-11,1.4666068864244152e-09,0.0,3.8746447540262117
2023-04-28,1.132601322249016e-09,5.5596280796876837e-11,1.0770050414521392e-09,0.0,3.916609736940467
2023-04-29,1.259713328725098e-09,8.493046786739454e-11,1.1747828608577037e-09,0.0,3.9417159252595213
2023-04-30,1.6119409306192265e-09,8.793673936580148e-11,1.524004191253425e-09,0.0,3.9679036970691115
2023-05-01,1.691683685383083e-09,1.0170028284406384e-10,1.589983402539019e-09,0.0,4.006678024779087
2023-05-02,1.6777817454283193e-09,1.2394050187936044e-10,1.5538412435489589e-09,0.0,4.062672175529105
2023-05-03,1.6139926874103592e-09,1.396312104162689e-10,1.4743614769940904e-09,0.0,4.08132498595629
2023-05-04,1.6466729328712402e-09,2.2689299182587773e-10,1.4197799410453625e-09,0.0,4.142218479642334
2023-05-05,1.6488840568129603e-09,1.761250128495817e-10,1.4727590439633785e-09,0.0,4.15600596743623
2023-05-06,1.876254530372989e-09,1.6783331943770462e-10,1.7084212109352846e-09,0.0,4.186426610658722
2023-05-07,1.665641990307165e-09,1.436692191347788e-10,1.5219727711723862e-09,0.0,4.213806048113027
2023-05-08,1.929483799756326e-09,1.4971784821682376e-10,1.7797659515395023e-09,0.0,4.24689462021972
2023-05-09,1.9777387027275493e-09,1.6662193534244804e-10,1.8111167673851013e-09,0.0,4.286875301366153
2023-05-10,1.9263825903692574e-09,1.4835526727097202e-10,1.7780273230982856e-09,0.0,4.323596803168429
2023-05-11,2.0196242478220936e-09,1.304391314249642e-10,1.8891851163971296e-09,0.0,4.339165248187834
2023-05-12,1.7394397655401405e-09,8.960298194082838e-11,1.6498367835993121e-09,0.0,4.389214372038176
2023-05-13,1.9669043720682565e-09,1.1793644972613036e-10,1.848967922342126e-09,0.0,4.431563609038108
2023-05-14,1.841663880721711e-09,1.1832340282680318e-10,1.7233404778949079e-09,0.0,4.518174965123577
2023-05-15,2.272929148325886e-09,1.8155322624835433e-10,2.091375922077532e-09,0.0,4.540020441518972
2023-05-16,2.592572724822162e-09,2.4423811844087593e-10,2.3483346063812858e-09,0.0,4.56860692300714
2023-05-17,2.337230848148408e-09,1.4841377716123814e-10,2.18881707098717e-09,0.0,4.610096619944975
2023-05-18,2.3174866735686804e-09,1.4878412610386247e-10,2.1687025474648177e-09,0.0,4.6712132164285425
2023-05-19,2.660486096139891e-09,1.613023648516787e-10,2.4991837312882125e-09,0.0,4.660909417139316
2023-05-20,2.690350615459635e-09,1.8787767952943567e-10,2.5024729359301996e-09,0.0,4.693535235853632
2023-05-21,2.260832851792571e-09,1.1179008334138983e-10,2.1490427684511812e-09,0.0,4.745284234696111
2023-05-22,2.4135158065874406e-09,1.3015062794607955e-10,2.283365178641361e-09,0.0,4.805651978370262
2023-05-23,2.758746355020491e-09,1.5783000872460207e-10,2.600916346295889e-09,0.0,4.813119711108552
2023-05-24,2.8954594363028714e-09,1.310461412629138e-10,2.7644132950399576e-09,0.0,4.835820809847336
2023-05-25,2.755223217665303e-09,9.850664293153953e-11,2.6567165747337637e-09,0.0,4.875578583300128
2023-05-26,3.1873849530938968e-09,1.0914232916547917e-10,3.0782426239284176e-09,0.0,4.907317296639328
2023-05-27,2.892133547227615e-09,1.271376321554385e-10,2.764995915072177e-09,0.0,4.9795792783787345
2023-05-28,3.1606182240295766e-09,1.1875082989831754e-10,3.041867394131259e-09,0.0,4.996268065854044
2023-05-29,2.9470960741662105e-09,1.250177562894805e-10,2.82207831787673e-09,0.0,5.05057958924476
2023-05-30,3.03284936318704e-09,1.7567525457451436e-10,2.8571741086125256e-09,0.0,5.077550653368776
2023-05-31,3.00221824605984e-09,1.564594782976769e-10,2.845758767762163e-09,0.0,5.047341856047254
2023-06-01,2.8519863741394144e-09,1.5423611671394608e-10,2.6977502574254682e-09,0.0,5.002043250631419
2023-06-02,2.968326260344156e-09,1.4664570144873323e-10,2.821680558895423e-09,0.0,4.940054301331053
2023-06-03,2.652869139865288e-09,1.1980842430148186e-10,2.5330607155638062e-09,0.0,4.9349187247306725
2023-06-04,2.5486536155661095e-09,1.1105733493721458e-10,2.437596280628895e-09,0.0,4.924471565985436
2023-06-05,2.6054407977227353e-09,1.0753810109065397e-10,2.4979026966320815e-09,0.0,4.928593357718976
2023-06-06,2.864895398264622e-09,9.050895210194198e-11,2.77438644616268e-09,0.0,4.9739573139767135
2023-06-07,2.6962966634691553e-09,7.70127419791322e-11,2.619283921490023e-09,0.0,5.014341292457362
2023-06-08,2.802994876240916e-09,7.893280521642509e-11,2.724062071024491e-09,0.0,5.0866050530178715
2023-06-09,2.866741672367112e-09,8.444175998434388e-11,2.7822999123827682e-09,0.0,5.1623705260888215
2023-06-10,2.8940636897800683e-09,9.744855702820131e-11,2.796615132751867e-09,0.0,5.2446180498750365
2023-06-11,3.20425311084449e-09,1.2323551967341473e-10,3.0810175911710756e-09,0.0,5.288700674314308
2023-06-12,3.6165456810621773e-09,1.4693055785386376e-10,3.4696151232083135e-09,0.0,5.312708744468232
2023-06-13,3.3932959449600727e-09,1.659153575417349e-10,3.227380587418338e-09,0.0,5.3457776031414035
2023-06-14,3.4681499540667456e-09,1.615407922983536e-10,3.3066091617683922e-09,0.0,5.359478590679008
2023-06-15,3.824765811977215e-09,1.512920306723231e-10,3.673473781304892e-09,0.0,5.3434888202827535
2023-06-16,4.1164106180602285e-09,1.4607711410263846e-10,3.97033350395759e-09,0.0,5.353935454801389
2023-06-17,3.370434904219621e-09,1.3856043810989148e-10,3.2318744661097297e-09,0.0,5.40432868505747
2023-06-18,3.1563424431979568e-09,1.2228275014791733e-10,3.0340596930500393e-09,0.0,5.4732577367292405
2023-06-19,3.59288688567716e-09,1.504151088838057e-10,3.442471776793354e-09,0.0,5.498290826667172
2023-06-20,3.883358958098881e-09,1.3559565207543755e-10,3.747763306023444e-09,0.0,5.510914005591719
2023-06-21,3.909604554515056e-09,1.2589591751321903e-10,3.783708637001837e-09,0.0,5.5469992235564645
2023-06-22,3.9862925430966805e-09,1.3343857890646404e-10,3.852853964190217e-09,0.0,5.58284170617833
2023-06-23,3.926004590404375e-09,1.2019810558427933e-10,3.805806484820096e-09,0.0,5.62909106822011
2023-06-24,4.0159878937551235e-09,9.643031825490311e-11,3.919557575500221e-09,0.0,5.691718908120745
2023-06-25,4.263857977662155e-09,1.0584560243387386e-10,4.158012375228281e-09,0.0,5.7432674242644355
2023-06-26,4.30675716707185e-09,1.4758319885288527e-10,4.159173968218965e-09,0.0,5.803292005757098
2023-06-27,4.732367297783923e-09,1.7193498099032922e-10,4.560432316793594e-09,0.0,5.833549004759966
2023-06-28,4.81412847992857e-09,1.485952475732688e-10,4.665533232355301e-09,0.0,5.863791751327774
2023-06-29,4.9150378535145475e-09,1.4323162726981308e-10,4.771806226244734e-09,0.0,5.892095625562614
2023-06-30,4.558201461613009e-09,1.4932648586096773e-10,4.4088749757520414e-09,0.0,5.966615199584814
2023-07-01,4.743855295181731e-09,1.664590707051161e-10,4.577396224476615e-09,0.0,5.966350976499759
2023-07-02,4.9623325076098e-09,1.6107251372687867e-10,4.801259993882922e-09,0.0,5.978110373124592
2023-07-03,5.133393900464966e-09,1.4191576021005403e-10,4.991478140254912e-09,0.0,6.00197332855354
2023-07-04,5.105972051531182e-09,1.6245840175344028e-10,4.9435136497777415e-09,0.0,6.067104453485145
2023-07-05,5.177530658819762e-09,1.900907409790875e-10,4.987439917840674e-09,0.0,6.090687483354251
2023-07-06,5.316992451263047e-09,1.5485815648474952e-10,5.1621342947782974e-09,0.0,6.097512311574143
2023-07-07,5.417532487399512e-09,1.2493780559452715e-10,5.292594681804985e-09,0.0,6.104415320489572
2023-07-08,5.42444323627933e-09,1.6220816405621008e-10,5.26223507222312e-09,0.0,6.143015466899363
2023-07-09,5.440149117212911e-09,1.9189191103663458e-10,5.2482572061762766e-09,0.0,6.156484189375637
2023-07-10,5.507999932667929e-09,1.6030070174366527e-10,5.347699230924263e-09,0.0,6.133866882120196
2023-07-11,5.194856752268606e-09,1.4990840782047597e-10,5.04494834444813e-09,0.0,6.1629936545805215
2023-07-12,5.043399406581272e-09,1.5144580611803348e-10,4.891953600463239e-09,0.0,6.181932224218325
2023-07-13,5.26101004009405e-09,1.8232443988352997e-10,5.078685600210519e-09,0.0,6.20541103415374
2023-07-14,5.493497087449838e-09,1.4597200429733447e-10,5.347525083152504e-09,0.0,6.183416474939858
2023-07-15,5.411817451594914e-09,1.5340132147656503e-10,5.2584161301183485e-09,0.0,6.186999682728809
2023-07-16,5.56269080959737e-09,1.5452765467216522e-10,5.408163154925205e-09,0.0,6.209276107142517
2023-07-17,5.155768213569444e-09,1.3673232814426227e-10,5.019035885425182e-09,0.0,6.252546578064047
2023-07-18,5.051292486228931e-09,1.2514665755247732e-10,4.926145828676453e-09,0.0,6.2568821812101225
2023-07-19,5.185271530123713e-09,1.2506154966729354e-10,5.06020998045642e-09,0.0,6.292224018125395
2023-07-20,5.279407497074117e-09,1.0325293901658482e-10,5.176154558057532e-09,0.0,6.345814701122749
2023-07-21,5.511384025336241e-09,1.189283611857661e-10,5.3924556641504746e-09,0.0,6.370773965499881
2023-07-22,5.883964157931132e-09,1.3516796144585895e-10,5.748796196485273e-09,0.0,6.402415397060327
2023-07-23,6.049925032662883e-09,1.3923523223269285e-10,5.9106898004301905e-09,0.0,6.457310098617449
2023-07-24,6.200432928231691e-09,1.315513037170035e-10,6.068881624514688e-09,0.0,6.514205339066112
2023-07-25,6.1762007302235125e-09,1.1570509592218059e-10,6.060495634301332e-09,0.0,6.600103144864554
2023-07-26,6.368264794538447e-09,1.2584947430838154e-10,6.242415320230066e-09,0.0,6.6640201703770545
2023-07-27,6.701586735395892e-09,1.2435773566465967e-10,6.577228999731233e-09,0.0,6.728993688375144
2023-07-28,7.124663275313025e-09,1.3756472998949219e-10,6.987098545323533e-09,0.0,6.773199870896282
2023-07-29,7.674216016368972e-09,1.618654530943786e-10,7.512350563274594e-09,0.0,6.809614998083057
2023-07-30,7.686474386865427e-09,2.0274332310776799e-10,7.483731063757659e-09,0.0,6.85089371975778
2023-07-31,7.760472957727414e-09,1.9048996733772582e-10,7.569982990389689e-09,0.0,6.83728803692428
2023-08-01,7.50041205254348e-09,1.5658775271987222e-10,7.343824299823608e-09,0.0,6.826492159141715
2023-08-02,7.338534632488347e-09,1.7547982270826876e-10,7.163054809780078e-09,0.0,6.852154689298343
2023-08-03,7.592137182648173e-09,1.752423925083235e-10,7.416894790139849e-09,0.0,6.826683258480259
2023-08-04,7.4317275103297214e-09,1.6030719809378978e-10,7.271420312235931e-09,0.0,6.886148541986299
2023-08-05,7.460868997277713e-09,1.5658627109615962e-10,7.304282726181554e-09,0.0,6.882229628820465
2023-08-06,7.702546100638584e-09,1.6200183370784769e-10,7.540544266930737e-09,0.0,6.895923806167723
2023-08-07,7.712872604770382e-09,1.7218519019479571e-10,7.540687414575587e-09,0.0,6.9289107038488575
2023-08-08,7.605628634479443e-09,1.6757671360778658e-10,7.438051920871657e-09,0.0,6.947926728418714
2023-08-09,7.803784195239416e-09,1.6545641035037305e-10,7.638327784889042e-09,0.0,6.9401411742052925
2023-08-10,7.449380714952269e-09,1.5327609578008603e-10,7.296104619172183e-09,0.0,6.957276523503234
2023-08-11,7.302197013139277e-09,1.6540979618895334e-10,7.136787216950324e-09,0.0,7.000395389868357
2023-08-12,7.639313249860891e-09,1.8419439147265847e-10,7.455118858388232e-09,0.0,6.979076613806995
2023-08-13,7.5704587768044e-09,2.0167891893407838e-10,7.3687798578703214e-09,0.0,6.974006663741918
2023-08-14,6.843841445522968e-09,1.9445098860870757e-10,6.6493904569142605e-09,0.0,6.964491960490882
2023-08-15,7.028499855898928e-09,1.8401101204545966e-10,6.8444888438534685e-09,0.0,6.931554443228065
2023-08-16,7.0782792499457504e-09,1.6844441798724572e-10,6.909834831958505e-09,0.0,6.899844791026633
2023-08-17,6.425644647549688e-09,1.952642148239647e-10,6.230380432725723e-09,0.0,6.919594976523732
2023-08-18,6.4597789072351464e-09,2.2252419636714646e-10,6.237254710868e-09,0.0,6.859862430296697
2023-08-19,6.341518623003139e-09,2.234940473044844e-10,6.118024575698655e-09,0.0,6.767389720321825
2023-08-20,5.857427764368594e-09,1.9344244449825963e-10,5.663985319870335e-09,0.0,6.706189293434227
2023-08-21,5.586517256404021e-09,1.7366897935744417e-10,5.4128482770465774e-09,0.0,6.64508869362724
2023-08-22,5.29588256153346e-09,1.6523938096923983e-10,5.13064318056422e-09,0.0,6.59446073400521
2023-08-23,5.002474288442471e-09,1.1107321965297956e-10,4.891401068789491e-09,0.0,6.532890918771346
2023-08-24,4.793087328991419e-09,9.209177498803455e-11,4.700995554003384e-09,0.0,6.515942846168891
2023-08-25,4.776198485494376e-09,7.83494443723498e-11,4.697849041122026e-09,0.0,6.460900795072482
2023-08-26,4.44075695369861e-09,7.26799684969137e-11,4.368076985201696e-09,0.0,6.459350301345393
2023-08-27,4.550586927223321e-09,9.110424429081831e-11,4.4594826829325024e-09,0.0,6.46414707373438
2023-08-28,4.04982050767444e-09,1.0506302018598034e-10,3.944757487488459e-09,0.0,6.467995185442401
2023-08-29,4.775960684888502e-09,1.3575045326064127e-10,4.640210231627861e-09,0.0,6.441150300482641
2023-08-30,4.580424841424957e-09,1.0477559230892552e-10,4.4756492491160315e-09,0.0,6.4315270451807685
2023-08-31,4.3140732041457845e-09,1.1000421389795177e-10,4.204068990247833e-09,0.0,6.435285814845854
2023-09-01,4.939673323853809e-09,1.5298840434496695e-10,4.786684919508843e-09,0.0,6.408322351608139
2023-09-02,3.95620082247916e-09,1.6818886638958474e-10,3.788011956089576e-09,0.0,6.416289503603154
2023-09-03,4.150122686219504e-09,1.6970958217399354e-10,3.9804131040455105e-09,0.0,6.3474561960677045
2023-09-04,4.177912725769061e-09,1.1737705841952104e-10,4.06053566734954e-09,0.0,6.270095864896801
2023-09-05,3.655129662778478e-09,1.1250012301289302e-10,3.5426295397655847e-09,0.0,6.248767065868751
2023-09-06,4.165603930204042e-09,1.1043174069413908e-10,4.055172189509903e-09,0.0,6.187450482200646
2023-09-07,3.6237570285990726e-09,1.1990454463983724e-10,3.5038524839592354e-09,0.0,6.171454578267642
2023-09-08,3.410768676417319e-09,1.379760942654684e-10,3.272792582151851e-09,0.0,6.151709162396232
2023-09-09,3.777596924940951e-09,1.2150828833767945e-10,3.6560886366032714e-09,0.0,6.095530383178706
2023-09-10,3.5343755921424246e-09,1.0528378924234971e-10,3.429091802900075e-09,0.0,6.092387674584525
2023-09-11,3.5755182810248696e-09,9.324781188979613e-11,3.4822704691350735e-09,0.0,6.042329001745276
2023-09-12,3.1552917867827543e-09,9.350156844334377e-11,3.0617902183394107e-09,0.0,6.0490117865140265
2023-09-13,3.1635397865414914e-09,1.204150637335033e-10,3.043124722807988e-09,0.0,6.017018850808461
2023-09-14,3.5222457596262302e-09,1.2357602244605913e-10,3.398669737180171e-09,0.0,5.976537320687585
2023-09-15,3.4752252913961e-09,1.2007904857114227e-10,3.3551462428249576e-09,0.0,5.95935535907265
2023-09-16,3.234109039595978e-09,1.0992787466079789e-10,3.12418116493518e-09,0.0,5.936729449298782
2023-09-17,3.332855306670268e-09,9.993025537724519e-11,3.2329250512930227e-09,0.0,5.901980557684859
2023-09-18,2.725271360901615e-09,1.0634074968152162e-10,2.6189306112200937e-09,0.0,5.890053341308977
2023-09-19,2.657039696920549e-09,1.2856608837097382e-10,2.528473608549575e-09,0.0,5.85827513141799
2023-09-20,2.9927286242603655e-09,1.150467919863729e-10,2.8776818322739927e-09,0.0,5.800384740434007
2023-09-21,3.1824232802080128e-09,1.0499030665300778e-10,3.077432973555005e-09,0.0,5.745688391497577
2023-09-22,2.577709296556207e-09,8.76580658903947e-11,2.4900512306658126e-09,0.0,5.725051513711062
2023-09-23,2.785064714831975e-09,9.2436316609934e-11,2.692628398222041e-09,0.0,5.684778583044859
2023-09-24,2.469688898454336e-09,8.123078222510571e-11,2.3884581162292303e-09,0.0,5.649514435440124
2023-09-25,2.4855227831288573e-09,8.29188075179843e-11,2.402603975610873e-09,0.0,5.60099848489833
2023-09-26,2.7304849881737423e-09,7.348530933981578e-11,2.6569996788339264e-09,0.0,5.527287077827524
2023-09-27,2.309885701734515e-09,5.240334964184967e-11,2.2574823520926655e-09,0.0,5.462471171168763
2023-09-28,2.007708527740348e-09,3.0060674189869014e-11,1.977647853550479e-09,0.0,5.438045869577193
2023-09-29,2.06086667918548e-09,3.101278838180121e-11,2.029853890803679e-09,0.0,5.460894019841683
2023-09-30,2.1529541642317795e-09,2.8766887241182813e-11,2.1241872769905967e-09,0.0,5.4129409893299405
2023-10-01,2.828385187561011e-09,3.20661516095555e-11,2.7963190359514555e-09,0.0,5.36453952634391
2023-10-02,1.984563763182123e-09,3.8920121534502526e-11,1.9456436416476205e-09,0.0,5.344377946857378
2023-10-03,1.7092037540056281e-09,3.2529864215646854e-11,1.6766738897899812e-09,0.0,5.338804863204238
2023-10-04,1.5343198734774077e-09,1.518498156993786e-11,1.5191348919074698e-09,0.0,5.304094662443282
2023-10-05,1.9383413363049936e-09,2.0984398694245952e-11,1.9173569376107476e-09,0.0,5.246581961966219
2023-10-06,2.3408998221530197e-09,3.279175545323198e-11,2.3081080666997877e-09,0.0,5.282472871021016
2023-10-07,1.8474812732183207e-09,3.098153894320887e-11,1.8164997342751119e-09,0.0,5.218774036786274
2023-10-08,1.9891950695960504e-09,3.8587076742757627e-11,1.9506079928532926e-09,0.0,5.194750015062604
2023-10-09,1.8346133819591158e-09,3.472458701025971e-11,1.799888794948856e-09,0.0,5.1551022275606275
2023-10-10,1.5492189123555987e-09,1.5857241617567295e-11,1.5333616707380314e-09,0.0,5.161225187416791
2023-10-11,1.2321054042363499e-09,9.560807407993366e-12,1.2225445968283565e-09,0.0,5.145647264936802
2023-10-12,1.3236869521815462e-09,5.9961276033249074e-12,1.3176908245782213e-09,0.0,5.13099113892017
2023-10-13,1.9829437412122174e-09,8.799357886779546e-12,1.9741443833254377e-09,0.0,5.104405919250316
2023-10-14,1.3811426279985993e-09,1.20904056544191e-11,1.3690522223441801e-09,0.0,5.0878079276331825
2023-10-15,1.192900390680762e-09,8.518659644352055e-12,1.18438173103641e-09,0.0,5.069827938205228
2023-10-16,1.1845004238764111e-09,1.2668045685781947e-11,1.1718323781906292e-09,0.0,5.060286738313843
2023-10-17,1.8621495438608802e-09,1.2763689660744148e-11,1.849385854200136e-09,0.0,5.029222520299179
2023-10-18,1.2056718383868234e-09,9.915454166620207e-12,1.1957563842202033e-09,0.0,5.0477244994196235
2023-10-19,1.2405095176282188e-09,1.5496193781494582e-11,1.2250133238467242e-09,0.0,5.008888066021963
2023-10-20,9.73024833545999e-10,1.8997808415299743e-11,9.540270251306992e-10,0.0,4.913317559687548
2023-10-21,7.789923947321142e-10,1.951578370906759e-11,7.594766110230466e-10,0.0,4.918569337652939
2023-10-22,8.040103448081481e-10,0.0,0.0,8.040103448081481e-10,4.610955966819362
2023-10-23,9.205999985795187e-10,0.0,0.0,9.205999985795187e-10,4.819345525983727
2023-10-24,8.738277593067777e-10,0.0,0.0,8.738277593067777e-10,4.820816796818819
2023-10-25,1.060486724977494e-09,1.702188333396748e-11,1.0434648416435265e-09,0.0,4.826981869882254
2023-10-26,9.056524267303523e-10,1.3687826629915632e-11,8.919646001004366e-10,0.0,4.823881578146163
2023-10-27,4.6051308331351846e-10,7.819455236646178e-12,4.526936280768723e-10,0.0,4.772400288450654
2023-10-28,5.241774997366554e-10,1.1444347374212071e-11,5.127331523624434e-10,0.0,4.608240869054323
2023-10-29,1.3195495624840349e-10,2.7115378986586333e-12,1.2924341834974484e-10,0.0,4.624988332145321
2023-10-30,1.0460127785449911e-09,0.0,0.0,1.0460127785449911e-09,4.674874188835331
2023-10-31,9.194279202517917e-10,0.0,0.0,9.194279202517917e-10,4.77853906696559
2023-11-01,1.2186154571791616e-09,2.7188491418250745e-11,1.191426965760911e-09,0.0,4.741438338214155
2023-11-02,1.2824175061165732e-09,1.5819449528109428e-11,1.2665980565884637e-09,0.0,4.726697183719652
2023-11-03,1.083046242826846e-09,1.95081351828108e-11,1.0635381076440352e-09,0.0,4.692381872985779
2023-11-04,1.3045409582446155e-09,2.6617825881203315e-11,1.2779231323634121e-09,0.0,4.69731561984571
2023-11-05,4.584549087499612e-11,1.005370840190256e-12,4.484012003480586e-11,0.0,4.675042587919094
2023-11-06,8.186869104065407e-10,0.0,0.0,8.186869104065407e-10,4.733420757958527
2023-11-07,9.68679998720745e-10,0.0,0.0,9.68679998720745e-10,4.624847158416688
2023-11-08,9.433621836762995e-10,0.0,0.0,9.433621836762995e-10,4.532198064986672
2023-11-09,1.5713796793193067e-09,0.0,0.0,1.5713796793193067e-09,4.59086062304511
2023-11-10,7.247907171858969e-10,0.0,0.0,7.247907171858969e-10,4.620100081274206
2023-11-11,6.635663783072232e-10,0.0,0.0,6.635663783072232e-10,4.465768103975639
2023-11-12,5.089146661418908e-10,0.0,0.0,5.089146661418908e-10,4.429496896611901
2023-11-13,8.248472168759235e-10,0.0,0.0,8.248472168759235e-10,4.490451905310408
2023-11-14,8.178511036760482e-10,0.0,0.0,8.178511036760482e-10,4.531737649931526
2023-11-15,1.060058115456286e-09,0.0,0.0,1.060058115456286e-09,4.539448478917218
2023-11-16,1.417288305844977e-09,0.0,0.0,1.417288305844977e-09,4.549432462551322
2023-11-17,6.223697739926592e-10,0.0,0.0,6.223697739926592e-10,4.451897730277727
2023-11-18,4.895989087572161e-10,0.0,0.0,4.895989087572161e-10,4.3823732725453715
2023-11-19,4.5739698556701567e-10,0.0,0.0,4.5739698556701567e-10,4.439681439042423
2023-11-20,6.188536529805333e-10,0.0,0.0,6.188536529805333e-10,4.365210415135313
2023-11-21,1.316568551601449e-09,0.0,0.0,1.316568551601449e-09,4.4365749686058935
2023-11-22,8.236202614853027e-10,0.0,0.0,8.236202614853027e-10,4.505147665046879
2023-11-23,8.573836736047724e-10,0.0,0.0,8.573836736047724e-10,4.443683745242081
2023-11-24,6.969866235806421e-10,0.0,0.0,6.969866235806421e-10,4.406116265598117
2023-11-25,6.425236175289228e-10,0.0,0.0,6.425236175289228e-10,4.500239947608601
2023-11-26,1.0697657140212867e-09,0.0,0.0,1.0697657140212867e-09,4.5168136559098
2023-11-27,1.3658646798830886e-09,0.0,0.0,1.3658646798830886e-09,4.473821904757613
2023-11-28,6.262910621046558e-10,0.0,0.0,6.262910621046558e-10,4.478368692701585
2023-11-29,7.224424575724697e-10,0.0,0.0,7.224424575724697e-10,4.406236905584489
2023-11-30,1.2096999449795475e-09,0.0,0.0,1.2096999449795475e-09,4.489517556925429
2023-12-01,9.576956963996962e-10,0.0,0.0,9.576956963996962e-10,4.532234293742081
2023-12-02,7.954515744756917e-10,0.0,0.0,7.954515744756917e-10,4.294188375732287
2023-12-03,8.612370349680986e-10,0.0,0.0,8.612370349680986e-10,4.439948706273474
2023-12-04,8.22743368189549e-10,0.0,0.0,8.22743368189549e-10,4.489505547455945
2023-12-05,9.285933015235059e-10,0.0,0.0,9.285933015235059e-10,4.416210961059683
2023-12-06,6.074875476258512e-10,0.0,0.0,6.074875476258512e-10,4.343313560724202
2023-12-07,5.735877691392942e-10,0.0,0.0,5.735877691392942e-10,4.480228514433124
2023-12-08,8.244071746332792e-10,0.0,0.0,8.244071746332792e-10,4.399788074553405
2023-12-09,5.892875668678243e-10,0.0,0.0,5.892875668678243e-10,4.388583786366933
2023-12-10,6.579154654673402e-10,0.0,0.0,6.579154654673402e-10,4.412715827105361
2023-12-11,1.1508613621913354e-09,0.0,0.0,1.1508613621913354e-09,4.451183065525116
2023-12-12,1.4195541643857722e-09,0.0,0.0,1.4195541643857722e-09,4.33978587687758
2023-12-13,7.968078300280012e-10,0.0,0.0,7.968078300280012e-10,4.312733275344944
2023-12-14,5.235560716698728e-10,0.0,0.0,5.235560716698728e-10,4.259445380320622
2023-12-15,4.757492601470403e-10,0.0,0.0,4.757492601470403e-10,4.360867769435994
2023-12-16,6.378218556335468e-10,0.0,0.0,6.378218556335468e-10,4.415637934107601
2023-12-17,1.1922627155058761e-09,0.0,0.0,1.1922627155058761e-09,4.311952991059592
2023-12-18,5.69353630481828e-10,0.0,0.0,5.69353630481828e-10,4.350032156923058
2023-12-19,8.055626305747409e-10,0.0,0.0,8.055626305747409e-10,4.335817164823714
2023-12-20,1.2475053975435912e-09,0.0,0.0,1.2475053975435912e-09,4.358308867436118
2023-12-21,7.337798992068655e-10,0.0,0.0,7.337798992068655e-10,4.26509266721603
2023-12-22,6.71575979112049e-10,0.0,0.0,6.71575979112049e-10,4.290790192163664
2023-12-23,9.51297988223132e-10,0.0,0.0,9.51297988223132e-10,4.2835486078108955
2023-12-24,1.5967186359944207e-09,0.0,0.0,1.5967186359944207e-09,4.312280271791177
2023-12-25,5.643077329864354e-10,0.0,0.0,5.643077329864354e-10,4.243255365327942
2023-12-26,4.78600587996425e-10,0.0,0.0,4.78600587996425e-10,4.327230362343777
2023-12-27,5.170594936032557e-10,0.0,0.0,5.170594936032557e-10,4.311516209142997
2023-12-28,5.924841700277738e-10,0.0,0.0,5.924841700277738e-10,4.2788625668444284
2023-12-29,6.443741655459688e-10,0.0,0.0,6.443741655459688e-10,4.261988676382615
2023-12-30,9.960493497374046e-10,0.0,0.0,9.960493497374046e-10,4.322095259243141
2023-12-31,6.65518303577528e-10,0.0,0.0,6.65518303577528e-10,4.275687348110702
2024-01-01,5.743321140982971e-10,0.0,0.0,5.743321140982971e-10,4.332485172031561
2024-01-02,6.560386471221591e-10,0.0,0.0,6.560386471221591e-10,4.30636275743222
2024-01-03,9.631480716620898e-10,0.0,0.0,9.631480716620898e-10,4.285297149848792
2024-01-04,1.1418373620131205e-09,0.0,0.0,1.1418373620131205e-09,4.336746949665452
2024-01-05,7.520485475254189e-10,0.0,0.0,7.520485475254189e-10,4.2478203220250785
2024-01-06,5.430305337483787e-10,0.0,0.0,5.430305337483787e-10,4.30140125887599
2024-01-07,8.708453647443547e-10,0.0,0.0,8.708453647443547e-10,4.340025823406517
2024-01-08,1.0367015713086402e-09,0.0,0.0,1.0367015713086402e-09,4.228152257440414
2024-01-09,5.771644087815275e-10,0.0,0.0,5.771644087815275e-10,4.335470963288564
2024-01-10,5.319378449542e-10,0.0,0.0,5.319378449542e-10,4.243668247480833
2024-01-11,6.682236914912209e-10,0.0,0.0,6.682236914912209e-10,4.273175684024844
2024-01-12,1.037692891543429e-09,0.0,0.0,1.037692891543429e-09,4.220863324815998
2024-01-13,9.99230851732591e-10,0.0,0.0,9.99230851732591e-10,4.172045436687053
2024-01-14,1.0920305294348509e-09,0.0,0.0,1.0920305294348509e-09,4.250461426813959
2024-01-15,6.423203501526586e-10,0.0,0.0,6.423203501526586e-10,4.242397213212884
2024-01-16,6.059203316510775e-10,0.0,0.0,6.059203316510775e-10,4.259036908123846
2024-01-17,6.351623980549447e-10,0.0,0.0,6.351623980549447e-10,4.210692492247058
2024-01-18,7.414275849271234e-10,0.0,0.0,7.414275849271234e-10,4.228028499984114
2024-01-19,1.1876120126430578e-09,0.0,0.0,1.1876120126430578e-09,4.185791493304586
2024-01-20,1.3032821479441736e-09,0.0,0.0,1.3032821479441736e-09,4.166518794746649
2024-01-21,9.733165691727662e-10,0.0,0.0,9.733165691727662e-10,4.232356971357175
2024-01-22,1.182325579236476e-09,0.0,0.0,1.182325579236476e-09,4.22000320856795
2024-01-23,1.1130845163620505e-09,0.0,0.0,1.1130845163620505e-09,4.165368701794109
2024-01-24,9.249968309177347e-10,0.0,0.0,9.249968309177347e-10,4.1666916439036905
2024-01-25,9.104101314960643e-10,0.0,0.0,9.104101314960643e-10,4.191495390301646
2024-01-26,9.920833849719201e-10,0.0,0.0,9.920833849719201e-10,4.177460258710537
2024-01-27,1.323280079077449e-09,0.0,0.0,1.323280079077449e-09,4.151671860651862
2024-01-28,1.1997120915907543e-09,0.0,0.0,1.1997120915907543e-09,4.147219270405718
2024-01-29,1.8630091562954474e-09,0.0,0.0,1.8630091562954474e-09,4.160429883059283
2024-01-30,9.082825198447608e-10,0.0,0.0,9.082825198447608e-10,4.114264767426653
2024-01-31,7.755734839065553e-10,0.0,0.0,7.755734839065553e-10,4.088178256142689
2024-02-01,8.486993641554362e-10,0.0,0.0,8.486993641554362e-10,4.17319246928844
2024-02-02,8.75980615546723e-10,0.0,0.0,8.75980615546723e-10,4.157782102981065
2024-02-03,9.710193685918966e-10,0.0,0.0,9.710193685918966e-10,4.171750737132912
2024-02-04,1.3414717969340016e-09,0.0,0.0,1.3414717969340016e-09,4.142548010594613
2024-02-05,1.2523138363462747e-09,0.0,0.0,1.2523138363462747e-09,4.129057144993449
2024-02-06,1.2188576332050615e-09,0.0,0.0,1.2188576332050615e-09,4.112567998913917
2024-02-07,1.1911423800370357e-09,0.0,0.0,1.1911423800370357e-09,4.1203117234042015
2024-02-08,1.1549524671750077e-09,0.0,0.0,1.1549524671750077e-09,4.103129428006072
2024-02-09,1.5523550609941593e-09,0.0,0.0,1.5523550609941593e-09,4.089511372497754
2024-02-10,1.831655605144533e-09,0.0,0.0,1.831655605144533e-09,4.096617837662767
2024-02-11,1.0039515328230663e-09,0.0,0.0,1.0039515328230663e-09,4.095717896043019
2024-02-12,9.582287390230702e-10,0.0,0.0,9.582287390230702e-10,4.07936838627218
2024-02-13,1.0503687522600557e-09,0.0,0.0,1.0503687522600557e-09,4.1003608678218155
2024-02-14,1.1624037807678177e-09,0.0,0.0,1.1624037807678177e-09,4.0737215374372395
2024-02-15,1.2880319090413649e-09,0.0,0.0,1.2880319090413649e-09,4.077399593440954
2024-02-16,1.1862922278282895e-09,0.0,0.0,1.1862922278282895e-09,4.080673360584239
2024-02-17,1.3382286365981597e-09,0.0,0.0,1.3382286365981597e-09,4.071934570089005
2024-02-18,1.4582313815481028e-09,0.0,0.0,1.4582313815481028e-09,4.0362068115971566
2024-02-19,1.4119162801762285e-09,0.0,0.0,1.4119162801762285e-09,4.052626791823175
2024-02-20,1.8171507369402205e-09,0.0,0.0,1.8171507369402205e-09,4.032726710172627
2024-02-21,1.185529761471571e-09,0.0,0.0,1.185529761471571e-09,4.104524893788804
2024-02-22,1.3990858747092716e-09,0.0,0.0,1.3990858747092716e-09,4.04081476153079
2024-02-23,1.0925457925736736e-09,0.0,0.0,1.0925457925736736e-09,4.060916106018231
2024-02-24,1.137938412227868e-09,0.0,0.0,1.137938412227868e-09,4.052736145298137
2024-02-25,1.069869541652224e-09,0.0,0.0,1.069869541652224e-09,4.084124564694622
2024-02-26,1.2254031048541945e-09,0.0,0.0,1.2254031048541945e-09,4.047587920931597
2024-02-27,2.0275174841799525e-09,0.0,0.0,2.0275174841799525e-09,4.0024656464316575
2024-02-28,1.2665074495998851e-09,0.0,0.0,1.2665074495998851e-09,4.010159658310462
2024-02-29,1.2115951696500813e-09,0.0,0.0,1.2115951696500813e-09,4.005686940220919
2024-03-01,1.147712000033607e-09,0.0,0.0,1.147712000033607e-09,3.9874710788636554
2024-03-02,1.091548773786144e-09,0.0,0.0,1.091548773786144e-09,4.0753726820008795
2024-03-03,1.6135378004378252e-09,0.0,0.0,1.6135378004378252e-09,4.032314140224695
2024-03-04,1.6358770389501841e-09,0.0,0.0,1.6358770389501841e-09,4.015938067050365
2024-03-05,1.5190735754799787e-09,0.0,0.0,1.5190735754799787e-09,3.990350562014339
2024-03-06,1.6554399425672272e-09,0.0,0.0,1.6554399425672272e-09,4.003229036815996
2024-03-07,1.5957621909024054e-09,0.0,0.0,1.5957621909024054e-09,3.970806143954856
2024-03-08,1.4790811323450724e-09,0.0,0.0,1.4790811323450724e-09,4.001816930566599
2024-03-09,1.5708013901871707e-09,0.0,0.0,1.5708013901871707e-09,3.980640642836389
2024-03-10,1.394595529120579e-09,0.0,0.0,1.394595529120579e-09,3.9833341636579673
2024-03-11,1.4343668684091425e-09,0.0,0.0,1.4343668684091425e-09,3.9924152116806155
2024-03-12,1.3415560215435107e-09,0.0,0.0,1.3415560215435107e-09,3.9802410452927393
2024-03-13,1.2933170887663436e-09,0.0,0.0,1.2933170887663436e-09,3.9707499979635967
2024-03-14,1.2264087854418902e-09,0.0,0.0,1.2264087854418902e-09,3.9643860513277565
2024-03-15,1.1442738352229753e-09,0.0,0.0,1.1442738352229753e-09,3.9658940635589266
2024-03-16,1.591835204237668e-09,0.0,0.0,1.591835204237668e-09,3.9421432141836714
2024-03-17,1.737896861015997e-09,0.0,0.0,1.737896861015997e-09,3.974500842996227
2024-03-18,1.2569476714929804e-09,0.0,0.0,1.2569476714929804e-09,3.9230942890423037
2024-03-19,1.0871742227891445e-09,0.0,0.0,1.0871742227891445e-09,3.9592524462356846
2024-03-20,1.573843049698098e-09,0.0,0.0,1.573843049698098e-09,3.9369318807597713
2024-03-21,1.643475831087926e-09,0.0,0.0,1.643475831087926e-09,3.916086915428933
2024-03-22,1.6932958843085543e-09,0.0,0.0,1.6932958843085543e-09,3.963810238033562
2024-03-23,1.5902159034908435e-09,0.0,0.0,1.5902159034908435e-09,3.9326763718374615
2024-03-24,2.0033120836160378e-09,0.0,0.0,2.0033120836160378e-09,3.9679320396868225
2024-03-25,1.6531226830807098e-09,0.0,0.0,1.6531226830807098e-09,3.945405597249377
2024-03-26,1.2567069646252093e-09,0.0,0.0,1.2567069646252093e-09,3.9831843215619935
2024-03-27,1.2532642409723849e-09,0.0,0.0,1.2532642409723849e-09,3.9797034502277833
2024-03-28,1.3463078167319507e-09,0.0,0.0,1.3463078167319507e-09,4.00308421962969
2024-03-29,1.6340452961571827e-09,0.0,0.0,1.6340452961571827e-09,3.9927721602250847
2024-03-30,1.922038184716257e-09,0.0,0.0,1.922038184716257e-09,3.9857354238263323
2024-03-31,2.4968370672695527e-09,0.0,0.0,2.4968370672695527e-09,3.983748096718962
2024-04-01,1.2643080361840474e-09,0.0,0.0,1.2643080361840474e-09,4.000431611068754
2024-04-02,1.2297645491798902e-09,0.0,0.0,1.2297645491798902e-09,4.016067615272579
2024-04-03,1.282782174314434e-09,0.0,0.0,1.282782174314434e-09,3.963138610164732
2024-04-04,1.5567578768127531e-09,0.0,0.0,1.5567578768127531e-09,3.961613567010527
2024-04-05,1.7064754970874672e-09,0.0,0.0,1.7064754970874672e-09,3.980931832798595
2024-04-06,1.5542571239279823e-09,0.0,0.0,1.5542571239279823e-09,3.979489366121664
2024-04-07,1.6169496379347946e-09,0.0,0.0,1.6169496379347946e-09,3.9979538620798296
2024-04-08,1.4001741843117087e-09,0.0,0.0,1.4001741843117087e-09,3.9765083556138276
2024-04-09,1.1471761081338626e-09,0.0,0.0,1.1471761081338626e-09,3.9815366382100645
2024-04-10,1.0134576305631525e-09,0.0,0.0,1.0134576305631525e-09,3.9871471588010388
2024-04-11,1.4459328789939718e-09,0.0,0.0,1.4459328789939718e-09,3.982108823823364
2024-04-12,1.4929418361475653e-09,0.0,0.0,1.4929418361475653e-09,3.992936976683158
2024-04-13,7.605262274523738e-10,8.874829163119102e-11,6.717779358211828e-10,0.0,3.998743118310692
2024-04-14,1.048216914636413e-09,9.874337505877405e-11,9.494735395776388e-10,0.0,4.026948007730593
2024-04-15,1.0956957993801807e-09,4.23795277004757e-11,1.053316271679705e-09,0.0,4.01995887133947
2024-04-16,1.3975092953000256e-09,4.572551129733426e-11,1.3517837840026914e-09,0.0,4.030318776705891
2024-04-17,1.3694626890980997e-09,5.62028311890117e-11,1.313259857909088e-09,0.0,4.044936603700134
2024-04-18,1.5401066166642606e-09,5.5714433164766314e-11,1.4843921834994944e-09,0.0,4.075915366903767
2024-04-19,1.5773278927788679e-09,8.878488346297785e-11,1.48854300931589e-09,0.0,4.094898960800942
2024-04-20,1.854582079516831e-09,8.961994225842317e-11,1.7649621372584078e-09,0.0,4.123358178483813
2024-04-21,2.477063915549138e-09,4.3991838460044613e-10,2.0371455309486917e-09,0.0,4.210649096877898
2024-04-22,1.7463280549989687e-09,1.777982219053342e-10,1.5685298330936346e-09,0.0,4.222956428561017
2024-04-23,1.66296489570783e-09,1.3280136673898821e-10,1.5301635289688418e-09,0.0,4.253289596314034
2024-04-24,1.9204262778416134e-09,1.4555230588797483e-10,1.7748739719536387e-09,0.0,4.27360559581878
2024-04-25,1.8533228703176973e-09,1.599469783286622e-10,1.693375891989035e-09,0.0,4.294617575276877
2024-04-26,1.8861050059015836e-09,1.3978089715038777e-10,1.7463241087511958e-09,0.0,4.310111328232796
2024-04-27,1.9944964937579357e-09,1.4977832410778545e-10,1.84471816965015e-09,0.0,4.330275189950971
2024-04-28,2.7746324526845e-09,5.885429369811845e-10,2.1860895157033155e-09,0.0,4.422466545936004
2024-04-29,2.3189988272775963e-09,4.2611284278848414e-10,1.892885984489112e-09,0.0,4.405361221443304
2024-04-30,1.9465795292106235e-09,1.7354550596593297e-10,1.7730340232446906e-09,0.0,4.38561353618726
2024-05-01,1.8151769862129186e-09,1.3288033443359382e-10,1.6822966517793247e-09,0.0,4.394444971575279
2024-05-02,1.911112349546329e-09,1.7176817010522426e-10,1.7393441794411046e-09,0.0,4.414304046279643
2024-05-03,2.6716324795472697e-09,4.910404716440553e-10,2.1805920079032145e-09,0.0,4.3890930779704895
2024-05-04,2.5572206416768493e-09,1.5936014136741505e-10,2.397860500309434e-09,0.0,4.380197938267355
2024-05-05,2.0296716510870284e-09,9.629630966401236e-11,1.933375341423016e-09,0.0,4.410089397271775
2024-05-06,1.7433111628228912e-09,1.0561309435885845e-10,1.6376980684640329e-09,0.0,4.437555683410091
2024-05-07,1.7170997862159253e-09,1.178373162780133e-10,1.599262469937912e-09,0.0,4.4432961298801334
2024-05-08,1.7699038082241713e-09,9.786329769667645e-11,1.6720405105274949e-09,0.0,4.442609872394877
2024-05-09,1.6982250968133882e-09,8.490612080080949e-11,1.6133189760125787e-09,0.0,4.47052991199741
2024-05-10,1.774574092738845e-09,9.765197399147496e-11,1.6769221187473702e-09,0.0,4.513958295770969
2024-05-11,2.0133842684622035e-09,1.1535625189296183e-10,1.8980280165692417e-09,0.0,4.515889933208151
2024-05-12,2.2488422990285526e-09,9.765140413620087e-11,2.151190894892352e-09,0.0,4.56158835129777
2024-05-13,1.8301425467903697e-09,8.177824218691398e-11,1.7483643046034556e-09,0.0,4.589450263607565
2024-05-14,1.8302553353954919e-09,9.36139795193469e-11,1.736641355876145e-09,0.0,4.622253619420487
2024-05-15,1.9563313841608475e-09,1.0888531731367833e-10,1.8474460668471692e-09,0.0,4.6914791567433225
2024-05-16,2.1051872407973346e-09,1.1345849136645824e-10,1.9917287494308763e-09,0.0,4.720632665414744
2024-05-17,2.1122759910952026e-09,1.194036561003031e-10,1.9928723349948993e-09,0.0,4.757718604537962
2024-05-18,2.082340752735945e-09,1.0326233450541621e-10,1.9790784182305285e-09,0.0,4.798200565598089
2024-05-19,2.473585811006984e-09,9.304161688206136e-11,2.3805441941249226e-09,0.0,4.804799145804988
2024-05-20,2.1974200335961313e-09,1.11455685143369e-10,2.0859643484527622e-09,0.0,4.902728629619245
2024-05-21,2.3060091828774884e-09,1.166450508272021e-10,2.1893641320502862e-09,0.0,4.930850636692472
2024-05-22,2.6033910781642078e-09,1.1539679709571259e-10,2.487994281068495e-09,0.0,4.955182351592427
2024-05-23,2.447989187146504e-09,1.1555832969634138e-10,2.3324308574501625e-09,0.0,5.00942809540275
2024-05-24,2.6564103487558555e-09,1.2728482577273324e-10,2.529125522983122e-09,0.0,5.03841470565741
2024-05-25,2.8179589480714637e-09,1.316668846129687e-10,2.686292063458495e-09,0.0,5.0520800774644465
2024-05-26,2.5266444728444526e-09,1.4128226634824157e-10,2.385362206496211e-09,0.0,5.0968028582498235
2024-05-27,2.546197190298471e-09,1.1751321821407145e-10,2.4286839720843996e-09,0.0,5.059734104166498
2024-05-28,2.4098899385727176e-09,9.829071052180892e-11,2.3115992280509088e-09,0.0,5.085951193556716
2024-05-29,2.3698329450816403e-09,8.69446213336289e-11,2.2828883237480113e-09,0.0,5.08938618827538
2024-05-30,2.4181648426235823e-09,9.937837191387187e-11,2.3187864707097104e-09,0.0,5.131651811746218
2024-05-31,2.5709503927373586e-09,8.369373233563237e-11,2.4872566604017264e-09,0.0,5.150392537714094
2024-06-01,3.103821852956656e-09,1.0264850777375044e-10,3.0011733451829056e-09,0.0,5.196265773274283
2024-06-02,3.005784236531639e-09,1.112574823558532e-10,2.8945267541757857e-09,0.0,5.265649330229774
2024-06-03,2.900784128367917e-09,9.654911883316685e-11,2.80423500953475e-09,0.0,5.3233083223687565
2024-06-04,2.9178947167984856e-09,1.0474625900869226e-10,2.8131484577897934e-09,0.0,5.365226735083898
2024-06-05,2.9385437930606884e-09,9.881432204039696e-11,2.8397294710202913e-09,0.0,5.437364487782497
2024-06-06,3.10608070227758e-09,1.1636714665641533e-10,2.989713555621165e-09,0.0,5.528993075327178
2024-06-07,3.376761323501398e-09,1.5715720909525997e-10,3.219604114406138e-09,0.0,5.575945708626169
2024-06-08,3.7877572307820625e-09,1.6067468351366186e-10,3.6270825472684005e-09,0.0,5.590353533174416
2024-06-09,4.2560452476081425e-09,1.5755311604692679e-10,4.0984921315612155e-09,0.0,5.593909859843707
2024-06-10,4.176128886435037e-09,1.3314293799027155e-10,4.0429859484447655e-09,0.0,5.623092728192556
2024-06-11,3.961217757080249e-09,1.1763875733095118e-10,3.8435789997492974e-09,0.0,5.7055477763589
2024-06-12,3.975973290373247e-09,1.3378245807160736e-10,3.84219083230164e-09,0.0,5.78744654033384
2024-06-13,4.053379837962723e-09,1.4526085340804682e-10,3.908118984554676e-09,0.0,5.801824411000422
2024-06-14,4.3995988288614284e-09,1.8148404581808106e-10,4.218114783043347e-09,0.0,5.838096040819956
2024-06-15,4.436486871419731e-09,1.3778999377933585e-10,4.298696877640395e-09,0.0,5.827776988083048
2024-06-16,4.41395076927975e-09,1.0723944706469979e-10,4.30671132221505e-09,0.0,5.873538367557468
2024-06-17,4.752102853302631e-09,1.2258082719540653e-10,4.6295220261072244e-09,0.0,5.930339985636425
2024-06-18,4.994772473594366e-09,1.6065280107113721e-10,4.834119672523229e-09,0.0,6.024607958152739
2024-06-19,5.050093795659904e-09,1.6365411482865965e-10,4.886439680831244e-09,0.0,6.072377813642303
2024-06-20,5.0908819704531535e-09,1.4701501040548236e-10,4.943866960047671e-09,0.0,6.136754977614867
2024-06-21,5.4950561829869564e-09,1.613639946995704e-10,5.333692188287386e-09,0.0,6.152553919299682
2024-06-22,5.6818183708173815e-09,1.947845106542445e-10,5.487033860163137e-09,0.0,6.191470055892157
2024-06-23,5.797223765604541e-09,1.9626717435272666e-10,5.600956591251815e-09,0.0,6.199125631719114
2024-06-24,5.612473010181417e-09,1.671370560174523e-10,5.445335954163965e-09,0.0,6.219710404717167
2024-06-25,5.369225228974983e-09,1.3076178348114808e-10,5.238463445493834e-09,0.0,6.270840894300573
2024-06-26,5.6996307217715975e-09,1.3186706052437103e-10,5.567763661247227e-09,0.0,6.319956296469315
2024-06-27,6.2118961654178406e-09,1.5693131846461483e-10,6.054964846953226e-09,0.0,6.360923477770631
2024-06-28,6.341722901872515e-09,1.6392415499666412e-10,6.177798746875851e-09,0.0,6.413503479798941
2024-06-29,6.27929507139413e-09,1.464693027486419e-10,6.132825768645488e-09,0.0,6.4809577762904365
2024-06-30,6.689387316427541e-09,1.4488624479724875e-10,6.544501071630292e-09,0.0,6.516612995595203
2024-07-01,6.703755333887784e-09,1.549999507233224e-10,6.548755383164461e-09,0.0,6.6064821465144545
2024-07-02,6.9653512724698875e-09,2.120283312478932e-10,6.753322941221995e-09,0.0,6.635734196124173
2024-07-03,7.0600168130496845e-09,2.35584595422722e-10,6.8244322176269625e-09,0.0,6.618207444559247
2024-07-04,7.025769494077849e-09,3.5186887799909525e-10,6.673900616078754e-09,0.0,6.543884448624169
2024-07-05,6.88354923170209e-09,3.270442726943656e-10,6.5565049590077245e-09,0.0,6.4273824797519135
2024-07-06,6.1466015355193794e-09,2.5137441603817474e-10,5.895227119481205e-09,0.0,6.344705940821353
2024-07-07,5.433555378822063e-09,2.0238106611003558e-10,5.231174312712027e-09,0.0,6.29309360472709
2024-07-08,5.265543082089151e-09,2.0128895272364386e-10,5.064254129365508e-09,0.0,6.211668316362665
2024-07-09,5.081051610815734e-09,1.3172133428440702e-10,4.949330276531327e-09,0.0,6.1588090420813355
2024-07-10,4.534857240585665e-09,8.747554836929793e-11,4.447381692216367e-09,0.0,6.139312102055565
2024-07-11,4.185379589287663e-09,8.845250825118e-11,4.096927081036483e-09,0.0,6.1791567485822965
2024-07-12,4.0281054886293076e-09,8.225524666727324e-11,3.945850241962034e-09,0.0,6.218349128807129
2024-07-13,4.6267113645548364e-09,1.0292074188456012e-10,4.523790622670276e-09,0.0,6.185678912409361
2024-07-14,4.777066111518735e-09,1.0159369141504726e-10,4.675472420103687e-09,0.0,6.211334517633304
2024-07-15,4.298725391773672e-09,1.161135040739225e-10,4.1826118876997495e-09,0.0,6.277666122360133
2024-07-16,4.4168290156676446e-09,1.312479270154654e-10,4.285581088652179e-09,0.0,6.335150981517628
2024-07-17,4.617159941950888e-09,1.3124144491172272e-10,4.485918497039165e-09,0.0,6.320938639282803
2024-07-18,4.669762199576154e-09,1.474162739967255e-10,4.522345925579429e-09,0.0,6.363561914774496
2024-07-19,4.579648278273396e-09,1.4836021076547467e-10,4.431288067507921e-09,0.0,6.386428806638731
2024-07-20,4.7090156401452525e-09,1.3111976656432489e-10,4.577895873580928e-09,0.0,6.409250987335897
2024-07-21,4.9089981996530694e-09,1.208539947583631e-10,4.7881442048947065e-09,0.0,6.436554840204626
2024-07-22,5.190911052981306e-09,1.1895931857353046e-10,5.0719517344077755e-09,0.0,6.489991239287327
2024-07-23,5.4179644234508826e-09,1.2214025783663373e-10,5.2958241656142485e-09,0.0,6.535500207158221
2024-07-24,5.4870413466368e-09,1.1229404909940399e-10,5.374747297537396e-09,0.0,6.630993510756799
2024-07-25,5.8559772547539516e-09,1.1386705622840054e-10,5.742110198525551e-09,0.0,6.692855097401409
2024-07-26,6.441320639574144e-09,1.4219560188877266e-10,6.299125037685371e-09,0.0,6.7388078533717675
2024-07-27,6.647877377190524e-09,1.9289920146547955e-10,6.454978175725045e-09,0.0,6.7921582354623
2024-07-28,6.687396042650562e-09,2.1997587481337175e-10,6.46742016783719e-09,0.0,6.716220905219912
2024-07-29,6.303943890593188e-09,1.8356284936515975e-10,6.120381041228029e-09,0.0,6.622452595757198
2024-07-30,5.610157246564995e-09,1.6284184312098658e-10,5.447315403444008e-09,0.0,6.616926804199302
2024-07-31,5.255910690173948e-09,1.9048676190180912e-10,5.065423928272139e-09,0.0,6.5661646051372236
2024-08-01,5.052633982529642e-09,1.7318756562190172e-10,4.87944641690774e-09,0.0,6.525413246888001
2024-08-02,4.897613901668762e-09,1.7249660185569836e-10,4.725117299813064e-09,0.0,6.4977887109133485
2024-08-03,4.7555381545905105e-09,1.6959090981316647e-10,4.585947244777344e-09,0.0,6.42776838841152
2024-08-04,4.71019810408535e-09,1.3381166315440395e-10,4.576386440930946e-09,0.0,6.3668868111172765
2024-08-05,4.740341759887911e-09,1.0821344369915664e-10,4.632128316188754e-09,0.0,6.357258202939225
2024-08-06,4.5358098605241526e-09,8.195643593111867e-11,4.453853424593034e-09,0.0,6.385870186331534
2024-08-07,4.180134249569533e-09,8.361518490929142e-11,4.096519064660242e-09,0.0,6.417618527343254
2024-08-08,4.351776616999814e-09,7.362552935319399e-11,4.27815108764662e-09,0.0,6.463693249992293
2024-08-09,4.4815844841217254e-09,8.30662860629161e-11,4.3985181980588094e-09,0.0,6.513080303322648
2024-08-10,4.720603818100244e-09,1.3811901396820757e-10,4.582484804132036e-09,0.0,6.525037610060479
2024-08-11,5.389028269604523e-09,1.5183354989289909e-10,5.237194719711624e-09,0.0,6.479045692684627
2024-08-12,4.654855326968743e-09,1.7240291764863967e-10,4.482452409320103e-09,0.0,6.517970502276769
2024-08-13,4.462698832128353e-09,1.747708515154045e-10,4.287927980612949e-09,0.0,6.503737695416305
2024-08-14,4.524302580648509e-09,1.489451244651718e-10,4.375357456183337e-09,0.0,6.4539102863823885
2024-08-15,4.5431296443965144e-09,1.4316902866795544e-10,4.399960615728559e-09,0.0,6.423506243105229
2024-08-16,4.967583496018335e-09,1.3232046587319245e-10,4.835263030145143e-09,0.0,6.3915861201077
2024-08-17,4.08527819924842e-09,1.2997383034729635e-10,3.955304368901124e-09,0.0,6.436737840562664
2024-08-18,4.6397813015630615e-09,1.2331400299103732e-10,4.516467298572024e-09,0.0,6.380308436621825
2024-08-19,4.380889696662393e-09,1.0126245591379756e-10,4.279627240748596e-09,0.0,6.381372998218292
2024-08-20,3.975071237967142e-09,1.7933614731902025e-10,3.795735090648122e-09,0.0,6.40632837688371
2024-08-21,4.211618247715875e-09,1.7574637251271951e-10,4.035871875203156e-09,0.0,6.354957613741076
2024-08-22,4.408294777604738e-09,1.3866143071084025e-10,4.269633346893897e-09,0.0,6.301796809661893
2024-08-23,4.040719420324024e-09,1.4546412078431103e-10,3.895255299539713e-09,0.0,6.256417590066227
2024-08-24,4.06542823103706e-09,1.3349020779429565e-10,3.9319380232427646e-09,0.0,6.199490957711398
2024-08-25,3.6675697529986446e-09,1.21424206191989e-10,3.5461455468066556e-09,0.0,6.190028047173669
2024-08-26,3.5638735734266896e-09,1.2311295805034205e-10,3.4407606153763477e-09,0.0,6.175931785652479
2024-08-27,3.908788486146619e-09,1.1388515625654349e-10,3.7949033298900755e-09,0.0,6.133920691404798
2024-08-28,3.5915392848018255e-09,1.134957741477649e-10,3.4780435106540606e-09,0.0,6.150307601804974
2024-08-29,3.2371666479313884e-09,1.0024671025732345e-10,3.136919937674065e-09,0.0,6.160937059266538
2024-08-30,3.3352748551784824e-09,1.0453462900628095e-10,3.2307402261722014e-09,0.0,6.1531042116894765
2024-08-31,3.535899470623604e-09,1.0601989979264202e-10,3.429879570830962e-09,0.0,6.134363121444672
2024-09-01,3.6387524852088402e-09,1.335405545077606e-10,3.5052119307010797e-09,0.0,6.140129702409015
2024-09-02,3.350371867121282e-09,1.3504690993926258e-10,3.2153249571820196e-09,0.0,6.17414674059853
2024-09-03,3.459494621758096e-09,1.3157378450756594e-10,3.3279208372505305e-09,0.0,6.137978583478719
2024-09-04,3.5462009937248237e-09,1.3262657788004616e-10,3.4135744158447774e-09,0.0,6.125759190220243
2024-09-05,4.119288201991367e-09,1.3151120015209015e-10,3.9877770018392766e-09,0.0,6.077086840985126
2024-09-06,3.4676082638895876e-09,1.1550071732813193e-10,3.3521075465614556e-09,0.0,6.083353932271052
2024-09-07,3.106925925866477e-09,9.66027564608396e-11,3.0103231694056375e-09,0.0,6.103968998829598
2024-09-08,3.1396782081571927e-09,1.0472566586372521e-10,3.0349525422934673e-09,0.0,6.1119511486076
2024-09-09,3.390354636962911e-09,1.251858066098066e-10,3.265168830353104e-09,0.0,6.097218781119872
2024-09-10,3.378881861824112e-09,1.1372716388180492e-10,3.265154697942307e-09,0.0,6.081843857267967
2024-09-11,3.500426969935688e-09,1.1926136323836543e-10,3.3811656066973225e-09,0.0,6.06498143602116
2024-09-12,3.7375048995968995e-09,1.3019085972842957e-10,3.60731403986847e-09,0.0,6.038281769225408
2024-09-13,3.328105114199786e-09,1.2652073532848362e-10,3.2015843788713026e-09,0.0,6.044606853010886
2024-09-14,2.94806101010181e-09,9.665110155765432e-11,2.8514099085441555e-09,0.0,6.03015177313438
2024-09-15,3.76936327841193e-09,1.0055752357018831e-10,3.6688057548417414e-09,0.0,5.971855679708292
2024-09-16,3.0641628250194226e-09,1.2601478932339203e-10,2.9381480356960306e-09,0.0,6.00067416000425
2024-09-17,2.8416600195946273e-09,1.1881971827776282e-10,2.7228403013168643e-09,0.0,5.975323379518415
2024-09-18,3.3805250679996844e-09,1.0638648769045743e-10,3.274138580309227e-09,0.0,5.915919747442375
2024-09-19,2.690410549988087e-09,1.0547887207223993e-10,2.584931677915847e-09,0.0,5.91633626162817
2024-09-20,2.734300881552798e-09,1.1850652581912867e-10,2.6157943557336693e-09,0.0,5.887855272169761
2024-09-21,3.0990013902076893e-09,1.1310221784910367e-10,2.9858991723585856e-09,0.0,5.8400172986460435
2024-09-22,3.1698331755869444e-09,1.167893239362172e-10,3.053043851650727e-09,0.0,5.804060327261817
2024-09-23,3.4945507648131975e-09,1.1498987056768327e-10,3.3795608942455143e-09,0.0,5.755670693287608
2024-09-24,2.843232499607495e-09,1.4764564074454255e-10,2.6955868588629524e-09,0.0,5.335108387520024
2024-09-25,2.50079290285754e-09,1.4052962999500094e-10,2.3602632728625393e-09,0.0,5.631115587645821
2024-09-26,2.294185341273902e-09,9.036831182029914e-11,2.2038170294536027e-09,0.0,5.617183659341868
2024-09-27,2.206047756416751e-09,7.01620344756293e-11,2.1358857219411217e-09,0.0,5.6366538001708655
2024-09-28,2.1975890455472323e-09,8.62907551457681e-11,2.1112982904014642e-09,0.0,5.615829637604133
2024-09-29,2.2348305835784287e-09,9.160466982294223e-11,2.1432259137554865e-09,0.0,5.59125925155421
2024-09-30,2.1138393961628308e-09,6.149787653342286e-11,2.052341519629408e-09,0.0,5.551037116686904
2024-10-01,2.4107129983530482e-09,4.472404763866677e-11,2.3659889507143814e-09,0.0,5.331351218989258
2024-10-02,2.0205783671922715e-09,5.425194234298658e-11,1.966326424849285e-09,0.0,5.440972895027861
2024-10-03,2.067406003520844e-09,3.268440896597724e-11,2.0347215945548668e-09,0.0,5.431364193328333
2024-10-04,2.5808511864866545e-09,3.587456919973419e-11,2.5449766172869203e-09,0.0,5.410889695465735
2024-10-05,2.198394988299768e-09,5.7112508971002283e-11,2.1412824793287654e-09,0.0,5.358033748763071
2024-10-06,1.5008599680577104e-09,6.341086644212623e-11,1.4374491016155842e-09,0.0,5.334067014415377
2024-10-07,1.7089129141201196e-09,3.703310277991534e-11,1.6718798113402042e-09,0.0,5.3481011137151935
2024-10-08,1.475217027429032e-09,1.6323132139284268e-11,1.4588938952897477e-09,0.0,5.320863696986766
2024-10-09,1.4633347667558637e-09,9.644561886901214e-12,1.4536902048689626e-09,0.0,5.326875985516264
2024-10-10,1.4359573923550248e-09,7.527618104408162e-12,1.4284297742506167e-09,0.0,5.310605873996774
2024-10-11,1.587966625512527e-09,6.746229436194184e-12,1.5812203960763326e-09,0.0,5.254433790168837
2024-10-12,2.1422038640750426e-09,2.5009395123731792e-11,2.117194468951311e-09,0.0,5.217916678333198
2024-10-13,1.7858892850863839e-09,4.379395835307775e-11,1.742095326733306e-09,0.0,5.172254408929948
2024-10-14,1.0628134654311338e-09,1.3534048513008656e-11,1.049279416918125e-09,0.0,5.178991509212496
2024-10-15,1.0829987854577005e-09,9.256165449667008e-12,1.0737426200080335e-09,0.0,5.17760560009482
2024-10-16,1.2864885147978456e-09,1.5237247983357347e-11,1.2712512668144882e-09,0.0,5.167024399608981
2024-10-17,1.2909733737487272e-09,1.8148508580395627e-11,1.2728248651683315e-09,0.0,5.18089107404699
2024-10-18,1.1756138260443637e-09,6.960784398879482e-12,1.1686530416454843e-09,0.0,5.11677409293195
2024-10-19,8.128021988584865e-10,6.4487801199053506e-12,8.063534187385812e-10,0.0,5.063489188515256
2024-10-20,5.945202117241255e-10,5.0557047936994334e-12,5.89464506930426e-10,0.0,5.0156026445687925
2024-10-21,1.646289715884208e-09,1.6081939113732344e-11,1.6302077767704757e-09,0.0,5.0558205895244015
2024-10-22,1.7678513088403845e-09,2.1165683903312525e-11,1.746685624937072e-09,0.0,5.06854614025602
2024-10-23,1.1750559390666381e-09,3.401899577148981e-11,1.1410369432951482e-09,0.0,5.063143812779453
2024-10-24,1.1179150566453797e-09,2.7830696942565678e-11,1.090084359702814e-09,0.0,4.999225403602712
2024-10-25,7.175638299627973e-10,7.372178058018264e-12,7.10191651904779e-10,0.0,4.9140184154920235
2024-10-26,8.990643192219316e-10,9.45641259297858e-12,8.89607906628953e-10,0.0,4.9313805127781665
2024-10-27,9.33655040995518e-10,0.0,0.0,9.33655040995518e-10,4.848087164976864
2024-10-28,1.1272533978967658e-09,0.0,0.0,1.1272533978967658e-09,4.767600674070368
2024-10-29,1.2278572435775459e-09,0.0,0.0,1.2278572435775459e-09,4.908794937507104
2024-10-30,7.538653601102396e-10,0.0,0.0,7.538653601102396e-10,4.789290070217424
2024-10-31,1.0280627932957031e-09,0.0,0.0,1.0280627932957031e-09,4.747960325774702
2024-11-01,1.0882890876473538e-09,0.0,0.0,1.0882890876473538e-09,4.77176139636344
2024-11-02,1.3564772260110658e-09,0.0,0.0,1.3564772260110658e-09,4.8151943713202
2024-11-03,9.11591384493704e-10,0.0,0.0,9.11591384493704e-10,4.741894992516759
2024-11-04,7.608293334726568e-10,0.0,0.0,7.608293334726568e-10,4.547765692073784
2024-11-05,8.685236603866997e-10,0.0,0.0,8.685236603866997e-10,4.7323527132127845
2024-11-06,1.4014186342592438e-09,0.0,0.0,1.4014186342592438e-09,4.668400664384159
2024-11-07,6.979010133534302e-10,0.0,0.0,6.979010133534302e-10,4.612491753942239
2024-11-08,9.207263354937822e-10,0.0,0.0,9.207263354937822e-10,4.571152914467788
2024-11-09,6.394428089606662e-10,0.0,0.0,6.394428089606662e-10,4.695082447957069
2024-11-10,7.448024958023324e-10,0.0,0.0,7.448024958023324e-10,4.642347402798943
2024-11-11,8.666215974528767e-10,0.0,0.0,8.666215974528767e-10,4.535556114396088
2024-11-12,8.251846281837061e-10,0.0,0.0,8.251846281837061e-10,4.590184011097725
2024-11-13,7.152633638440874e-10,0.0,0.0,7.152633638440874e-10,4.643338000989902
2024-11-14,8.804429812414582e-10,0.0,0.0,8.804429812414582e-10,4.645002620647947
2024-11-15,1.5971967445693734e-09,0.0,0.0,1.5971967445693734e-09,4.665127696738575
2024-11-16,9.023378466110898e-10,0.0,0.0,9.023378466110898e-10,4.676228541253127
2024-11-17,6.303733913171071e-10,0.0,0.0,6.303733913171071e-10,4.741122196993672
2024-11-18,5.341565764638289e-10,0.0,0.0,5.341565764638289e-10,4.558662000199253
2024-11-19,5.069455312423088e-10,0.0,0.0,5.069455312423088e-10,4.559084584862675
2024-11-20,7.001428240016594e-10,0.0,0.0,7.001428240016594e-10,4.694377633697763
2024-11-21,8.411396640894963e-10,0.0,0.0,8.411396640894963e-10,4.621123594605649
2024-11-22,6.864484039681428e-10,0.0,0.0,6.864484039681428e-10,4.653379572390755
2024-11-23,1.1553536452879597e-09,0.0,0.0,1.1553536452879597e-09,4.530473022808666
2024-11-24,1.2406023986955006e-09,0.0,0.0,1.2406023986955006e-09,4.632127614249194
2024-11-25,1.203102730471528e-09,0.0,0.0,1.203102730471528e-09,4.625108070102323
2024-11-26,6.682487651232804e-10,0.0,0.0,6.682487651232804e-10,4.580425722061823
2024-11-27,5.436063725028362e-10,0.0,0.0,5.436063725028362e-10,4.647721824440049
2024-11-28,6.807372574257897e-10,0.0,0.0,6.807372574257897e-10,4.54382597706152
2024-11-29,8.349461920431622e-10,0.0,0.0,8.349461920431622e-10,4.664170286487564
2024-11-30,1.1586749897674053e-09,0.0,0.0,1.1586749897674053e-09,4.606444988187881
2024-12-01,1.064364169849341e-09,0.0,0.0,1.064364169849341e-09,4.514974637841049
2024-12-02,1.3178140272884773e-09,0.0,0.0,1.3178140272884773e-09,4.521607115822738
2024-12-03,8.457397638039765e-10,0.0,0.0,8.457397638039765e-10,4.616169516607089
2024-12-04,1.4397106292562965e-09,0.0,0.0,1.4397106292562965e-09,4.585567155032181
2024-12-05,9.367594985576487e-10,0.0,0.0,9.367594985576487e-10,4.539324584201208
2024-12-06,8.748284251680615e-10,0.0,0.0,8.748284251680615e-10,4.518757615988747
2024-12-07,7.66857433518453e-10,0.0,0.0,7.66857433518453e-10,4.576808929468225
2024-12-08,7.286843673171005e-10,0.0,0.0,7.286843673171005e-10,4.505308208887756
2024-12-09,8.774832099334162e-10,0.0,0.0,8.774832099334162e-10,4.586887396710903
2024-12-10,1.0162932304069726e-09,0.0,0.0,1.0162932304069726e-09,4.449479490277986
2024-12-11,1.0700207812419647e-09,0.0,0.0,1.0700207812419647e-09,4.524412899678517
2024-12-12,1.3532475142596922e-09,0.0,0.0,1.3532475142596922e-09,4.53562182227536
2024-12-13,8.044503870507924e-10,0.0,0.0,8.044503870507924e-10,4.578556407982294
2024-12-14,7.259633083833705e-10,0.0,0.0,7.259633083833705e-10,4.485763096810514
2024-12-15,7.370069896239783e-10,0.0,0.0,7.370069896239783e-10,4.467422086039098
2024-12-16,9.933089157243556e-10,0.0,0.0,9.933089157243556e-10,4.477771546885569
2024-12-17,1.0067767613008982e-09,0.0,0.0,1.0067767613008982e-09,4.558066697630507
2024-12-18,1.0219442572179104e-09,0.0,0.0,1.0219442572179104e-09,4.492392458113087
2024-12-19,1.0940666223291373e-09,0.0,0.0,1.0940666223291373e-09,4.4717247814544185
2024-12-20,1.2721243990654328e-09,0.0,0.0,1.2721243990654328e-09,4.511909778739044
2024-12-21,1.1195322008461516e-09,0.0,0.0,1.1195322008461516e-09,4.50693380520574
2024-12-22,1.5566048136861353e-09,0.0,0.0,1.5566048136861353e-09,4.466312329106645
2024-12-23,1.2489553373029593e-09,0.0,0.0,1.2489553373029593e-09,4.470849860207987
2024-12-24,1.1803996963521967e-09,0.0,0.0,1.1803996963521967e-09,4.489051704965032
2024-12-25,1.2145549979436508e-09,0.0,0.0,1.2145549979436508e-09,4.477294019103278
2024-12-26,1.2060357755672157e-09,0.0,0.0,1.2060357755672157e-09,4.403060806992378
2024-12-27,8.92581924318847e-10,0.0,0.0,8.92581924318847e-10,4.4358495183416515
2024-12-28,7.455258700872491e-10,0.0,0.0,7.455258700872491e-10,4.47436070903638
2024-12-29,7.247193143200547e-10,0.0,0.0,7.247193143200547e-10,4.415000545010744
2024-12-30,9.136907313234132e-10,0.0,0.0,9.136907313234132e-10,4.3657417657218724
2024-12-31,1.0048236393345176e-09,0.0,0.0,1.0048236393345176e-09,4.408796035093378
