time,initial_guess.delta_dissolved,initial_guess.delta_emission,initial_guess.delta_bubble,initial_guess.ch4_conc_mb,all_observations.delta_dissolved,all_observations.delta_emission,all_observations.delta_bubble,all_observations.ch4_conc_mb,no_winter_obs.delta_dissolved,no_winter_obs.delta_emission,no_winter_obs.delta_bubble,no_winter_obs.ch4_conc_mb,no_winter_emission_obs.delta_dissolved,no_winter_emission_obs.delta_emission,no_winter_emission_obs.delta_bubble,no_winter_emission_obs.ch4_conc_mb,temperature_based.delta_dissolved,temperature_based.delta_emission,temperature_based.delta_bubble,temperature_based.C13_sed_prod,temperature_based.ch4_conc_mb
2021-01-01,-58.173242699796845,-58.173242699796845,-58.173242699796845,0.0006292572692447937,-61.85281703983237,-61.85281703983237,-61.85281703983237,0.0006292572692447937,-54.60950104212004,-54.60950104212004,-54.60950104212004,0.0006292572692447937,-60.72581188889248,-60.72581188889248,-60.72581188889248,0.0006292572692447937,-66.94184782706681,-66.94184782706681,-66.94184782706681,-66.94184782706682,0.0006292572692447937
2021-01-02,-57.763523507417204,-57.763523507417204,-58.173242699796845,0.0006224046716736249,-61.44736138718232,-61.44736138718232,-61.85281703983237,0.0006224046716736249,-53.72410375232894,-53.72410375232894,-54.60950104212004,0.0006224046716736249,-60.31986915850307,-60.31986915850307,-60.72581188889248,0.0006224046716736249,-66.53749519779817,-66.53749519779817,-66.88172150071469,-66.8817215007147,0.0006224046716736249
2021-01-03,-57.686837047966286,-57.686837047966286,-58.173242699796845,0.0006313482533649737,-61.371473165945154,-61.371473165945154,-61.85281703983237,0.0006313482533649737,-53.55829336244477,-53.55829336244477,-54.60950104212004,0.0006313482533649737,-60.24388977202233,-60.24388977202233,-60.72581188889248,0.0006313482533649737,-66.46258705671893,-66.46258705671893,-66.96885631374639,-66.96885631374633,0.0006313482533649737
2021-01-04,-57.695755186263575,-57.695755186263575,-58.173242699796845,0.0006501450067252596,-61.38029851283156,-61.38029851283156,-61.85281703983237,0.0006501450067252596,-53.57756117290102,-53.57756117290102,-54.60950104212004,0.0006501450067252596,-60.25272572088214,-60.25272572088214,-60.72581188889248,0.0006501450067252596,-66.48150049274516,-66.48150049274516,-67.28735352819326,-67.28735352819331,0.0006501450067252596
2021-01-05,-57.71077721208317,-57.71077721208317,-58.173242699796845,0.0006713534119638798,-61.39516421171598,-61.39516421171598,-61.85281703983237,0.0006713534119638798,-53.61002651360802,-53.61002651360802,-54.60950104212004,0.0006713534119638798,-60.26760927807218,-60.26760927807218,-60.72581188889248,0.0006713534119638798,-66.50757029619481,-66.50757029619481,-67.3086232766158,-67.30862327661588,0.0006713534119638798
2021-01-06,-57.72777561273035,-57.72777561273035,-58.173242699796845,0.0006969715304906193,-61.411985718047845,-61.411985718047845,-61.85281703983237,0.0006969715304906193,-53.64676324068807,-53.64676324068807,-54.60950104212004,0.0006969715304906193,-60.28445099223978,-60.28445099223978,-60.72581188889248,0.0006969715304906193,-66.5414270979251,-66.5414270979251,-67.42868854786876,-67.42868854786877,0.0006969715304906193
2021-01-07,-57.742368581797486,-57.742368581797486,-58.173242699796845,0.0007205767636680837,-61.426426824988,-61.426426824988,-61.85281703983237,0.0007205767636680837,-53.67830137978735,-53.67830137978735,-54.60950104212004,0.0007205767636680837,-60.29890944741923,-60.29890944741923,-60.72581188889248,0.0007205767636680837,-66.56795488536716,-66.56795488536716,-67.35121817760881,-67.3512181776087,0.0007205767636680837
2021-01-08,-57.76625872842167,-58.173242699796845,-58.173242699796845,0.0007628749516774919,-61.45006835815548,-61.85281703983237,-61.85281703983237,0.0007628749516774919,-53.7299324607462,-54.60950104212004,-54.60950104212004,0.0007628749516774919,-60.32257938138608,-60.72581188889248,-60.72581188889248,0.0007628749516774919,-66.64095374965306,-67.88453622573908,-67.88453622573908,-67.88453622573913,0.0007628749516774919
2021-01-09,-57.78854203239081,-58.173242699796845,-58.173242699796845,0.0008070635270531534,-61.47211977031964,-61.85281703983237,-61.85281703983237,0.0008070635270531534,-53.77809085380103,-54.60950104212004,-54.60950104212004,0.0008070635270531534,-60.34465728412175,-60.72581188889248,-60.72581188889248,0.0008070635270531534,-66.7065368067763,-67.83876773090769,-67.83876773090769,-67.83876773090766,0.0008070635270531534
2021-01-10,-57.811203714737694,-58.173242699796845,-58.173242699796845,0.0008575813387764388,-61.49454562325629,-61.85281703983237,-61.85281703983237,0.0008575813387764388,-53.82706699339168,-54.60950104212004,-54.60950104212004,0.0008575813387764388,-60.367110077449546,-60.72581188889248,-60.72581188889248,0.0008575813387764388,-66.77653936088778,-67.89488764828855,-67.89488764828855,-67.89488764828849,0.0008575813387764388
2021-01-11,-57.82520770900468,-58.173242699796845,-58.173242699796845,0.0008920881109962369,-61.50840388457868,-61.85281703983237,-61.85281703983237,0.0008920881109962369,-53.85733224764599,-54.60950104212004,-54.60950104212004,0.0008920881109962369,-60.3809849868332,-60.72581188889248,-60.72581188889248,0.0008920881109962369,-66.80732191144479,-67.57234683899871,-67.57234683899871,-67.57234683899867,0.0008920881109962369
2021-01-12,-57.84028625686766,-58.173242699796845,-58.173242699796845,0.0009324879697923572,-61.52332551712569,-61.85281703983237,-61.85281703983237,0.0009324879697923572,-53.88991981346136,-54.60950104212004,-54.60950104212004,0.0009324879697923572,-60.39592454487974,-60.72581188889248,-60.72581188889248,0.0009324879697923572,-66.84181798149613,-67.60354178167117,-67.60354178167117,-67.60354178167104,0.0009324879697923572
2021-01-13,-57.85184727723214,-58.173242699796845,-58.173242699796845,0.0009660308009947949,-61.534766227419155,-61.85281703983237,-61.85281703983237,0.0009660308009947949,-53.91490534359611,-54.60950104212004,-54.60950104212004,0.0009660308009947949,-60.40737899900772,-60.72581188889248,-60.72581188889248,0.0009660308009947949,-66.86987784868725,-67.64993986646527,-67.64993986646527,-67.64993986646525,0.0009660308009947949
2021-01-14,-57.86451455676678,-58.173242699796845,-58.173242699796845,0.0010056675573824466,-61.547301684566904,-61.85281703983237,-61.85281703983237,0.0010056675573824466,-53.942281706975905,-54.60950104212004,-54.60950104212004,0.0010056675573824466,-60.419929515119655,-60.72581188889248,-60.72581188889248,0.0010056675573824466,-66.90343933337716,-67.72140303405416,-67.72140303405416,-67.72140303405416,0.0010056675573824466
2021-01-15,-57.87692917655962,-58.173242699796845,-58.173242699796845,0.0010478019163764063,-61.5595871112834,-61.85281703983237,-61.85281703983237,0.0010478019163764063,-53.969112025336166,-54.60950104212004,-54.60950104212004,0.0010478019163764063,-60.43222970043627,-60.72581188889248,-60.72581188889248,0.0010478019163764063,-66.93633195954807,-67.72141681207788,-67.72141681207788,-67.72141681207785,0.0010478019163764063
2021-01-16,-57.88939662571379,-58.173242699796845,-58.173242699796845,0.0010938248080380802,-61.5719248175911,-61.85281703983237,-61.85281703983237,0.0010938248080380802,-53.99605651784023,-54.60950104212004,-54.60950104212004,0.0010938248080380802,-60.44458222814808,-60.72581188889248,-60.72581188889248,0.0010938248080380802,-66.97056318391014,-67.74990453321605,-67.74990453321605,-67.7499045332161,0.0010938248080380802
2021-01-17,-57.90299873917337,-58.173242699796845,-58.173242699796845,0.0011488799852546483,-61.58538538028924,-61.85281703983237,-61.85281703983237,0.0011488799852546483,-54.02545323240593,-54.60950104212004,-54.60950104212004,0.0011488799852546483,-60.45805896114842,-60.72581188889248,-60.72581188889248,0.0011488799852546483,-67.02102002322152,-68.02348601032982,-68.02348601032982,-68.0234860103299,0.0011488799852546483
2021-01-18,-57.913623454287745,-58.173242699796845,-58.173242699796845,0.0011958970025026678,-61.59589952901856,-61.85281703983237,-61.85281703983237,0.0011958970025026678,-54.04841523154591,-54.60950104212004,-54.60950104212004,0.0011958970025026678,-60.46858574062486,-60.72581188889248,-60.72581188889248,0.0011958970025026678,-67.05641563818443,-67.92132192056988,-67.92132192056988,-67.92132192056988,0.0011958970025026678
2021-01-19,-57.92229961207218,-58.173242699796845,-58.173242699796845,0.0012372441907503547,-61.60448539813246,-61.85281703983237,-61.85281703983237,0.0012372441907503547,-54.06716603337325,-54.60950104212004,-54.60950104212004,0.0012372441907503547,-60.47718192402518,-60.72581188889248,-60.72581188889248,0.0012372441907503547,-67.08120831493447,-67.79829426602369,-67.79829426602369,-67.79829426602356,0.0012372441907503547
2021-01-20,-57.93179458119768,-58.173242699796845,-58.173242699796845,0.0012858989305753873,-61.613881557605055,-61.85281703983237,-61.85281703983237,0.0012858989305753873,-54.087686439854174,-54.60950104212004,-54.60950104212004,0.0012858989305753873,-60.486589371193666,-60.72581188889248,-60.72581188889248,0.0012858989305753873,-67.11490434997359,-67.97176277226168,-67.97176277226168,-67.97176277226157,0.0012858989305753873
2021-01-21,-57.93812447750668,-58.173242699796845,-58.173242699796845,0.0013205181396480407,-61.620145581676944,-61.85281703983237,-61.85281703983237,0.0013205181396480407,-54.101366531229544,-54.60950104212004,-54.60950104212004,0.0013205181396480407,-60.492860920297375,-60.72581188889248,-60.72581188889248,0.0013205181396480407,-67.1332028274052,-67.81288307402922,-67.81288307402922,-67.8128830740292,0.0013205181396480407
2021-01-22,-57.94633819685691,-58.173242699796845,-58.173242699796845,0.0013683195946902018,-61.628273824734904,-61.85281703983237,-61.85281703983237,0.0013683195946902018,-54.119117916996416,-54.60950104212004,-54.60950104212004,0.0013683195946902018,-60.50099892789118,-60.72581188889248,-60.72581188889248,0.0013683195946902018,-67.16279851609941,-67.98038123908934,-67.98038123908934,-67.98038123908933,0.0013683195946902018
2021-01-23,-57.95308391426401,-58.173242699796845,-58.173242699796845,0.001410245231615472,-61.63494934265146,-61.85281703983237,-61.85281703983237,0.001410245231615472,-54.13369667563861,-54.60950104212004,-54.60950104212004,0.001410245231615472,-60.507682465170795,-60.72581188889248,-60.72581188889248,0.001410245231615472,-67.18343288778695,-67.85687322584822,-67.85687322584822,-67.85687322584806,0.001410245231615472
2021-01-24,-57.958605983849054,-58.173242699796845,-58.173242699796845,0.0014465273386471604,-61.64041394667008,-61.85281703983237,-61.85281703983237,0.0014465273386471604,-54.14563090217528,-54.60950104212004,-54.60950104212004,0.0014465273386471604,-60.51315363387022,-60.72581188889248,-60.72581188889248,0.0014465273386471604,-67.20084609492416,-67.87767812981471,-67.87767812981471,-67.8776781298147,0.0014465273386471604
2021-01-25,-57.965910031394394,-58.173242699796845,-58.173242699796845,0.001497486526789155,-61.64764198444739,-61.85281703983237,-61.85281703983237,0.001497486526789155,-54.16141631680971,-54.60950104212004,-54.60950104212004,0.001497486526789155,-60.52039035475809,-60.72581188889248,-60.72581188889248,0.001497486526789155,-67.2298264412211,-68.05246245113628,-68.05246245113628,-68.05246245113625,0.001497486526789155
2021-01-26,-57.97094417530047,-58.173242699796845,-58.173242699796845,0.0015347510727957553,-61.652623740398816,-61.85281703983237,-61.85281703983237,0.0015347510727957553,-54.17229604457607,-54.60950104212004,-54.60950104212004,0.0015347510727957553,-60.52537809534053,-60.72581188889248,-60.72581188889248,0.0015347510727957553,-67.24680613958289,-67.92914021447949,-67.92914021447949,-67.9291402144795,0.0015347510727957553
2021-01-27,-57.97574401648242,-58.173242699796845,-58.173242699796845,0.001572050366542343,-61.65737363190394,-61.85281703983237,-61.85281703983237,0.001572050366542343,-54.182669400276275,-54.60950104212004,-54.60950104212004,0.001572050366542343,-60.53013369293569,-60.72581188889248,-60.72581188889248,0.001572050366542343,-67.26408829361897,-67.97519571101695,-67.97519571101695,-67.97519571101698,0.001572050366542343
2021-01-28,-57.98040311518826,-58.173242699796845,-58.173242699796845,0.0016100318724826636,-61.66198424557323,-61.85281703983237,-61.85281703983237,0.0016100318724826636,-54.19273858512752,-54.60950104212004,-54.60950104212004,0.0016100318724826636,-60.534749845379096,-60.72581188889248,-60.72581188889248,0.0016100318724826636,-67.28090866726832,-67.97710208841445,-67.97710208841445,-67.97710208841451,0.0016100318724826636
2021-01-29,-57.98428254206323,-58.173242699796845,-58.173242699796845,0.0016430864644684019,-61.665823301087606,-61.85281703983237,-61.85281703983237,0.0016430864644684019,-54.20112275313627,-54.60950104212004,-54.60950104212004,0.0016430864644684019,-60.53859351278745,-60.72581188889248,-60.72581188889248,0.0016430864644684019,-67.29523331638332,-67.99296214168638,-67.99296214168638,-67.9929621416864,0.0016430864644684019
2021-01-30,-57.98842005666338,-58.173242699796845,-58.173242699796845,0.0016798692640250027,-61.66991775853003,-61.85281703983237,-61.85281703983237,0.0016798692640250027,-54.21006469705336,-54.60950104212004,-54.60950104212004,0.0016798692640250027,-60.54269288894088,-60.72581188889248,-60.72581188889248,0.0016798692640250027,-67.3106079877085,-67.99739405768368,-67.99739405768368,-67.99739405768362,0.0016798692640250027
2021-01-31,-57.993568126945895,-58.173242699796845,-58.173242699796845,0.0017280011999990243,-61.67501225528016,-61.85281703983237,-61.85281703983237,0.0017280011999990243,-54.22119064105524,-54.60950104212004,-54.60950104212004,0.0017280011999990243,-60.54779350575823,-60.72581188889248,-60.72581188889248,0.0017280011999990243,-67.33479720729906,-68.17903348594534,-68.17903348594534,-68.17903348594528,0.0017280011999990243
2021-02-01,-57.99700901849248,-58.173242699796845,-58.173242699796845,0.0017617397264688165,-61.67841733909574,-61.85281703983237,-61.85281703983237,0.0017617397264688165,-54.228627052091305,-54.60950104212004,-54.60950104212004,0.0017617397264688165,-60.551202680133585,-60.72581188889248,-60.72581188889248,0.0017617397264688165,-67.34854209468044,-68.0525201391955,-68.0525201391955,-68.05252013919554,0.0017617397264688165
2021-02-02,-58.00085738412308,-58.173242699796845,-58.173242699796845,0.0018010691704333497,-61.682225656605304,-61.85281703983237,-61.85281703983237,0.0018010691704333497,-54.236944090933825,-54.60950104212004,-54.60950104212004,0.0018010691704333497,-60.55501557261134,-60.72581188889248,-60.72581188889248,0.0018010691704333497,-67.36397713361397,-68.05538078766394,-68.05538078766394,-68.05538078766392,0.0018010691704333497
2021-02-03,-58.00352399450237,-58.173242699796845,-58.173242699796845,0.001829367463988266,-61.68486451683175,-61.85281703983237,-61.85281703983237,0.001829367463988266,-54.24270713536205,-54.60950104212004,-54.60950104212004,0.001829367463988266,-60.55765760292575,-60.72581188889248,-60.72581188889248,0.001829367463988266,-67.37522782396677,-68.09128766345607,-68.09128766345607,-68.09128766345609,0.001829367463988266
2021-02-04,-58.00670603534519,-58.173242699796845,-58.173242699796845,0.001864321460488654,-61.688013443680354,-61.85281703983237,-61.85281703983237,0.001864321460488654,-54.24958412154979,-54.60950104212004,-54.60950104212004,0.001864321460488654,-60.56081031261018,-60.72581188889248,-60.72581188889248,0.001864321460488654,-67.38828402774833,-68.07159915025917,-68.07159915025917,-68.07159915025916,0.001864321460488654
2021-02-05,-58.00982214740025,-58.173242699796845,-58.173242699796845,0.0018998704443374363,-61.69109712783116,-61.85281703983237,-61.85281703983237,0.0018998704443374363,-54.256318623280954,-54.60950104212004,-54.60950104212004,0.0018998704443374363,-60.56389770122006,-60.72581188889248,-60.72581188889248,0.0018998704443374363,-67.40131437202112,-68.08467428376075,-68.08467428376075,-68.0846742837609,0.0018998704443374363
2021-02-06,-58.012601145738365,-58.173242699796845,-58.173242699796845,0.0019327370138778825,-61.693847206448105,-61.85281703983237,-61.85281703983237,0.0019327370138778825,-54.262324559135486,-54.60950104212004,-54.60950104212004,0.0019327370138778825,-60.566651083532655,-60.72581188889248,-60.72581188889248,0.0019327370138778825,-67.41414626324472,-68.15590091612277,-68.15590091612277,-68.15590091612282,0.0019327370138778825
2021-02-07,-58.01484913589883,-58.173242699796845,-58.173242699796845,0.001960167255882932,-61.69607180283809,-61.85281703983237,-61.85281703983237,0.001960167255882932,-54.26718288687171,-54.60950104212004,-54.60950104212004,0.001960167255882932,-60.56887835235158,-60.72581188889248,-60.72581188889248,0.001960167255882932,-67.42430108887166,-68.13981090299548,-68.13981090299548,-68.1398109029956,0.001960167255882932
2021-02-08,-58.01690330578546,-58.173242699796845,-58.173242699796845,0.001985922226825088,-61.69810459595026,-61.85281703983237,-61.85281703983237,0.001985922226825088,-54.271622332698,-54.60950104212004,-54.60950104212004,0.001985922226825088,-60.57091358747746,-60.72581188889248,-60.72581188889248,0.001985922226825088,-67.43380001636123,-68.15674731352495,-68.15674731352495,-68.15674731352492,0.001985922226825088
2021-02-09,-58.019363140489055,-58.173242699796845,-58.173242699796845,0.0020176680963488024,-61.70053883231752,-61.85281703983237,-61.85281703983237,0.0020176680963488024,-54.27693849616588,-54.60950104212004,-54.60950104212004,0.0020176680963488024,-60.5733507481161,-60.72581188889248,-60.72581188889248,0.0020176680963488024,-67.44605062120269,-68.21241011338086,-68.21241011338086,-68.21241011338077,0.0020176680963488024
2021-02-10,-58.02150284798591,-58.173242699796845,-58.173242699796845,0.002046119551261453,-61.70265627289062,-61.85281703983237,-61.85281703983237,0.002046119551261453,-54.281562804787576,-54.60950104212004,-54.60950104212004,0.002046119551261453,-60.57547073239067,-60.72581188889248,-60.72581188889248,0.002046119551261453,-67.45627720400205,-68.18150724626936,-68.18150724626936,-68.18150724626936,0.002046119551261453
2021-02-11,-58.02426626013513,-58.173242699796845,-58.173242699796845,0.002084073684408169,-61.7053909275167,-61.85281703983237,-61.85281703983237,0.002084073684408169,-54.28753505596895,-54.60950104212004,-54.60950104212004,0.002084073684408169,-60.57820867218322,-60.72581188889248,-60.72581188889248,0.002084073684408169,-67.46931219254171,-68.17203262613802,-68.17203262613802,-68.17203262613803,0.002084073684408169
2021-02-12,-58.02669967027174,-58.173242699796845,-58.173242699796845,0.002118680625767006,-61.707799014305124,-61.85281703983237,-61.85281703983237,0.002118680625767006,-54.29279411099897,-54.60950104212004,-54.60950104212004,0.002118680625767006,-60.58061965182926,-60.72581188889248,-60.72581188889248,0.002118680625767006,-67.48194209987213,-68.24253105891454,-68.24253105891454,-68.24253105891457,0.002118680625767006
2021-02-13,-58.0286590522141,-58.173242699796845,-58.173242699796845,0.002147392756280602,-61.70973800588631,-61.85281703983237,-61.85281703983237,0.002147392756280602,-54.297028702325555,-54.60950104212004,-54.60950104212004,0.002147392756280602,-60.582560972739394,-60.72581188889248,-60.72581188889248,0.002147392756280602,-67.4921030820238,-68.24188638399575,-68.24188638399575,-68.2418863839957,0.002147392756280602
2021-02-14,-58.030690067573,-58.173242699796845,-58.173242699796845,0.002177987685337591,-61.71174788542888,-61.85281703983237,-61.85281703983237,0.002177987685337591,-54.30141810688116,-54.60950104212004,-54.60950104212004,0.002177987685337591,-60.58457326676958,-60.72581188889248,-60.72581188889248,0.002177987685337591,-67.50232889105034,-68.22005659651187,-68.22005659651187,-68.22005659651184,0.002177987685337591
2021-02-15,-58.032910212381,-58.173242699796845,-58.173242699796845,0.0022124447675164415,-61.71394492623994,-61.85281703983237,-61.85281703983237,0.0022124447675164415,-54.30621625559584,-54.60950104212004,-54.60950104212004,0.0022124447675164415,-60.586772946906734,-60.72581188889248,-60.72581188889248,0.0022124447675164415,-67.51433866717093,-68.27346111283494,-68.27346111283494,-68.27346111283498,0.0022124447675164415
2021-02-16,-58.03513313409725,-58.173242699796845,-58.173242699796845,0.0022480548390921154,-61.71614471506126,-61.85281703983237,-61.85281703983237,0.0022480548390921154,-54.31102040572966,-54.60950104212004,-54.60950104212004,0.0022480548390921154,-60.58897537835528,-60.72581188889248,-60.72581188889248,0.0022480548390921154,-67.5257895171335,-68.23722793784836,-68.23722793784836,-68.23722793784832,0.0022480548390921154
2021-02-17,-58.03690897839131,-58.173242699796845,-58.173242699796845,0.0022773373622825745,-61.71790207898364,-61.85281703983237,-61.85281703983237,0.0022773373622825745,-54.314858337825896,-54.60950104212004,-54.60950104212004,0.0022773373622825745,-60.5907348534156,-60.72581188889248,-60.72581188889248,0.0022773373622825745,-67.53533281232616,-68.2679831648716,-68.2679831648716,-68.26798316487162,0.0022773373622825745
2021-02-18,-58.03888330952167,-58.173242699796845,-58.173242699796845,0.0023108014769912537,-61.7198558641836,-61.85281703983237,-61.85281703983237,0.0023108014769912537,-54.319125237147546,-54.60950104212004,-54.60950104212004,0.0023108014769912537,-60.5926909857164,-60.72581188889248,-60.72581188889248,0.0023108014769912537,-67.5461855050048,-68.28474508541316,-68.28474508541316,-68.28474508541314,0.0023108014769912537
2021-02-19,-58.040588270276025,-58.173242699796845,-58.173242699796845,0.0023405013961193136,-61.72154308221756,-61.85281703983237,-61.85281703983237,0.0023405013961193136,-54.32280997663908,-54.60950104212004,-54.60950104212004,0.0023405013961193136,-60.59438023062158,-60.72581188889248,-60.72581188889248,0.0023405013961193136,-67.5555924579716,-68.28750020208285,-68.28750020208285,-68.28750020208285,0.0023405013961193136
2021-02-20,-58.04221710110902,-58.173242699796845,-58.173242699796845,0.002369597090982186,-61.7231549625783,-61.85281703983237,-61.85281703983237,0.002369597090982186,-54.32633018511368,-54.60950104212004,-54.60950104212004,0.002369597090982186,-60.59599404734972,-60.72581188889248,-60.72581188889248,0.002369597090982186,-67.56493730315027,-68.31665068516368,-68.31665068516368,-68.31665068516367,0.002369597090982186
2021-02-21,-58.04365568234626,-58.173242699796845,-58.173242699796845,0.0023959026421250694,-61.724578573181034,-61.85281703983237,-61.85281703983237,0.0023959026421250694,-54.329439228582466,-54.60950104212004,-54.60950104212004,0.0023959026421250694,-60.59741936814944,-60.72581188889248,-60.72581188889248,0.0023959026421250694,-67.57365523035975,-68.35896380810924,-68.35896380810924,-68.3589638081092,0.0023959026421250694
2021-02-22,-58.045153177354926,-58.173242699796845,-58.173242699796845,0.0024239131474299153,-61.726060484467496,-61.85281703983237,-61.85281703983237,0.0024239131474299153,-54.3326755957444,-54.60950104212004,-54.60950104212004,0.0024239131474299153,-60.598903059670086,-60.72581188889248,-60.72581188889248,0.0024239131474299153,-67.58213243000677,-68.3072369867147,-68.3072369867147,-68.30723698671466,0.0024239131474299153
2021-02-23,-58.04640642563852,-58.173242699796845,-58.173242699796845,0.002447863433039286,-61.72730069078902,-61.85281703983237,-61.85281703983237,0.002447863433039286,-54.3353840999915,-54.60950104212004,-54.60950104212004,0.002447863433039286,-60.60014475586306,-60.72581188889248,-60.72581188889248,0.002447863433039286,-67.58934903273884,-68.31971269218317,-68.31971269218317,-68.31971269218316,0.002447863433039286
2021-02-24,-58.047911837066145,-58.173242699796845,-58.173242699796845,0.0024772659401717553,-61.728790436112014,-61.85281703983237,-61.85281703983237,0.0024772659401717553,-54.338637576017426,-54.60950104212004,-54.60950104212004,0.0024772659401717553,-60.601636290831266,-60.72581188889248,-60.72581188889248,0.0024772659401717553,-67.59822902816748,-68.33752027286732,-68.33752027286732,-68.33752027286745,0.0024772659401717553
2021-02-25,-58.04909551772119,-58.173242699796845,-58.173242699796845,0.002500885419260913,-61.72996179876233,-61.85281703983237,-61.85281703983237,0.002500885419260913,-54.341195731590794,-54.60950104212004,-54.60950104212004,0.002500885419260913,-60.60280906065074,-60.72581188889248,-60.72581188889248,0.002500885419260913,-67.60564839623385,-68.38380898728047,-68.38380898728047,-68.38380898728052,0.002500885419260913
2021-02-26,-58.05007716698529,-58.173242699796845,-58.173242699796845,0.002520817881493038,-61.73093323246681,-61.85281703983237,-61.85281703983237,0.002520817881493038,-54.34331725949193,-54.60950104212004,-54.60950104212004,0.002520817881493038,-60.603781661347725,-60.72581188889248,-60.72581188889248,0.002520817881493038,-67.6120383316392,-68.41377050597886,-68.41377050597886,-68.41377050597885,0.002520817881493038
2021-02-27,-58.05139771981138,-58.173242699796845,-58.173242699796845,0.002548138442238569,-61.73224004292421,-61.85281703983237,-61.85281703983237,0.002548138442238569,-54.34617122145957,-54.60950104212004,-54.60950104212004,0.002548138442238569,-60.60509004168901,-60.72581188889248,-60.72581188889248,0.002548138442238569,-67.62059127083641,-68.40975523668457,-68.40975523668457,-68.40975523668446,0.002548138442238569
2021-02-28,-58.052577892689136,-58.173242699796845,-58.173242699796845,0.002573060736901404,-61.733407934300935,-61.85281703983237,-61.85281703983237,0.002573060736901404,-54.34872179606898,-54.60950104212004,-54.60950104212004,0.002573060736901404,-60.60625933606478,-60.72581188889248,-60.72581188889248,0.002573060736901404,-67.62832719482203,-68.41927383761237,-68.41927383761237,-68.41927383761242,0.002573060736901404
2021-03-01,-58.053953699301886,-58.173242699796845,-58.173242699796845,0.0026027368508953347,-61.73476942354495,-61.85281703983237,-61.85281703983237,0.0026027368508953347,-54.351695171817816,-54.60950104212004,-54.60950104212004,0.0026027368508953347,-60.60762246087881,-60.72581188889248,-60.72581188889248,0.0026027368508953347,-67.6371863569658,-68.40531800246652,-68.40531800246652,-68.40531800246664,0.0026027368508953347
2021-03-02,-58.05513166429477,-58.173242699796845,-58.173242699796845,0.0026286949070861427,-61.735935130013516,-61.85281703983237,-61.85281703983237,0.0026286949070861427,-54.35424097477481,-54.60950104212004,-54.60950104212004,0.0026286949070861427,-60.60878956772153,-60.72581188889248,-60.72581188889248,0.0026286949070861427,-67.64535450226306,-68.46435006234763,-68.46435006234763,-68.46435006234766,0.0026286949070861427
2021-03-03,-58.05628405495889,-58.173242699796845,-58.173242699796845,0.0026545953736460807,-61.737075528293,-61.85281703983237,-61.85281703983237,0.0026545953736460807,-54.35673150681764,-54.60950104212004,-54.60950104212004,0.0026545953736460807,-60.609931335972256,-60.72581188889248,-60.72581188889248,0.0026545953736460807,-67.65319264873848,-68.44870324978302,-68.44870324978302,-68.44870324978302,0.0026545953736460807
2021-03-04,-58.05738123218984,-58.173242699796845,-58.173242699796845,0.0026797336846103377,-61.73816128771947,-61.85281703983237,-61.85281703983237,0.0026797336846103377,-54.359102712291275,-54.60950104212004,-54.60950104212004,0.0026797336846103377,-60.61101839973182,-60.72581188889248,-60.72581188889248,0.0026797336846103377,-67.6604762481683,-68.4296213740151,-68.4296213740151,-68.42962137401514,0.0026797336846103377
2021-03-05,-58.05850532922718,-58.173242699796845,-58.173242699796845,0.002705987386263616,-61.73927368681043,-61.85281703983237,-61.85281703983237,0.002705987386263616,-54.36153209650752,-54.60950104212004,-54.60950104212004,0.002705987386263616,-60.61213213515837,-60.72581188889248,-60.72581188889248,0.002705987386263616,-67.66834366713026,-68.47137662156288,-68.47137662156288,-68.4713766215629,0.002705987386263616
2021-03-06,-58.05960677229049,-58.173242699796845,-58.173242699796845,0.0027322158080413583,-61.740363667676654,-61.85281703983237,-61.85281703983237,0.0027322158080413583,-54.363912521243506,-54.60950104212004,-54.60950104212004,0.0027322158080413583,-60.61322342542896,-60.72581188889248,-60.72581188889248,0.0027322158080413583,-67.67600371020333,-68.46629067864352,-68.46629067864352,-68.46629067864356,0.0027322158080413583
2021-03-07,-58.06060846359562,-58.173242699796845,-58.173242699796845,0.0027565142532663864,-61.74135493485411,-61.85281703983237,-61.85281703983237,0.0027565142532663864,-54.36607736374888,-54.60950104212004,-54.60950104212004,0.0027565142532663864,-60.61421588342508,-60.72581188889248,-60.72581188889248,0.0027565142532663864,-67.68307526585293,-68.47822968640659,-68.47822968640659,-68.47822968640664,0.0027565142532663864
2021-03-08,-58.061461555588444,-58.173242699796845,-58.173242699796845,0.002777551434935254,-61.74219914912216,-61.85281703983237,-61.85281703983237,0.002777551434935254,-54.367921055311186,-54.60950104212004,-54.60950104212004,0.002777551434935254,-60.61506111185566,-60.72581188889248,-60.72581188889248,0.002777551434935254,-67.68959263905572,-68.54356787254834,-68.54356787254834,-68.54356787254834,0.002777551434935254
2021-03-09,-58.062538168620506,-58.173242699796845,-58.173242699796845,0.0028045634103295775,-61.74326455835144,-61.85281703983237,-61.85281703983237,0.0028045634103295775,-54.37024781769972,-54.60950104212004,-54.60950104212004,0.0028045634103295775,-60.61612780097136,-60.72581188889248,-60.72581188889248,0.0028045634103295775,-67.69749725066387,-68.51030212680465,-68.51030212680465,-68.51030212680462,0.0028045634103295775
2021-03-10,-58.06356053933548,-58.173242699796845,-58.173242699796845,0.002830705341589658,-61.74427628973789,-61.85281703983237,-61.85281703983237,0.002830705341589658,-54.37245735228258,-54.60950104212004,-54.60950104212004,0.002830705341589658,-60.61714074776048,-60.72581188889248,-60.72581188889248,0.002830705341589658,-67.70509127816283,-68.51979511349904,-68.51979511349904,-68.51979511349893,0.002830705341589658
2021-03-11,-58.06462381886279,-58.173242699796845,-58.173242699796845,0.0028584153585901437,-61.74532850421799,-61.85281703983237,-61.85281703983237,0.0028584153585901437,-54.374755298470134,-54.60950104212004,-54.60950104212004,0.0028584153585901437,-60.618194226275904,-60.72581188889248,-60.72581188889248,0.0028584153585901437,-67.71295641208187,-68.5164159190319,-68.5164159190319,-68.51641591903201,0.0028584153585901437
2021-03-12,-58.06536715278276,-58.173242699796845,-58.173242699796845,0.0028781117323510618,-61.74606410261363,-61.85281703983237,-61.85281703983237,0.0028781117323510618,-54.37636178228167,-54.60950104212004,-54.60950104212004,0.0028781117323510618,-60.61893070835289,-60.72581188889248,-60.72581188889248,0.0028781117323510618,-67.7190956150544,-68.61004093722367,-68.61004093722367,-68.61004093722363,0.0028781117323510618
2021-03-13,-58.06620464590617,-58.173242699796845,-58.173242699796845,0.0029006308150194304,-61.746892880342294,-61.85281703983237,-61.85281703983237,0.0029006308150194304,-54.378171761765735,-54.60950104212004,-54.60950104212004,0.0029006308150194304,-60.619760481700254,-60.72581188889248,-60.72581188889248,0.0029006308150194304,-67.72540953279571,-68.53237671682155,-68.53237671682155,-68.53237671682155,0.0029006308150194304
2021-03-14,-58.067178912507345,-58.173242699796845,-58.173242699796845,0.0029272750429663024,-61.747857008211724,-61.85281703983237,-61.85281703983237,0.0029272750429663024,-54.38027733434958,-54.60950104212004,-54.60950104212004,0.0029272750429663024,-60.620725767785544,-60.72581188889248,-60.72581188889248,0.0029272750429663024,-67.73317442395398,-68.57850132229603,-68.57850132229603,-68.57850132229612,0.0029272750429663024
2021-03-15,-58.06817987765767,-58.173242699796845,-58.173242699796845,0.002955164073967503,-61.74884755679122,-61.85281703983237,-61.85281703983237,0.002955164073967503,-54.382440607498864,-54.60950104212004,-54.60950104212004,0.002955164073967503,-60.621717506320614,-60.72581188889248,-60.72581188889248,0.002955164073967503,-67.74148799470392,-68.6140930046536,-68.6140930046536,-68.61409300465361,0.002955164073967503
2021-03-16,-58.069014138270035,-58.173242699796845,-58.173242699796845,0.002978817638343402,-61.74967313564805,-61.85281703983237,-61.85281703983237,0.002978817638343402,-54.38424360092087,-54.60950104212004,-54.60950104212004,0.002978817638343402,-60.62254407695311,-60.72581188889248,-60.72581188889248,0.002978817638343402,-67.74848991131333,-68.62327614157194,-68.62327614157194,-68.62327614157195,0.002978817638343402
2021-03-17,-58.06971038543152,-58.173242699796845,-58.173242699796845,0.002998849966784293,-61.75036213729468,-61.85281703983237,-61.85281703983237,0.002998849966784293,-54.38574832142895,-54.60950104212004,-54.60950104212004,0.002998849966784293,-60.62323390630397,-60.72581188889248,-60.72581188889248,0.002998849966784293,-67.75434543985592,-68.62506557386938,-68.62506557386938,-68.62506557386948,0.002998849966784293
2021-03-18,-58.070575035501726,-58.173242699796845,-58.173242699796845,0.0030241057846873746,-61.751217789360325,-61.85281703983237,-61.85281703983237,0.0030241057846873746,-54.387616992160545,-54.60950104212004,-54.60950104212004,0.0030241057846873746,-60.624090586272715,-60.72581188889248,-60.72581188889248,0.0030241057846873746,-67.76163398458456,-68.6270683253316,-68.6270683253316,-68.62706832533154,0.0030241057846873746
2021-03-19,-58.071456809675624,-58.173242699796845,-58.173242699796845,0.0030503037024608806,-61.75209038732743,-61.85281703983237,-61.85281703983237,0.0030503037024608806,-54.38952267128738,-54.60950104212004,-54.60950104212004,0.0030503037024608806,-60.62496423250019,-60.72581188889248,-60.72581188889248,0.0030503037024608806,-67.7684332976768,-68.5532988061348,-68.5532988061348,-68.55329880613482,0.0030503037024608806
2021-03-20,-58.07212295307052,-58.173242699796845,-58.173242699796845,0.0030703980928192386,-61.75274959848287,-61.85281703983237,-61.85281703983237,0.0030703980928192386,-54.39096233191765,-54.60950104212004,-54.60950104212004,0.0030703980928192386,-60.625624235572495,-60.72581188889248,-60.72581188889248,0.0030703980928192386,-67.77417090101756,-68.6451320201017,-68.6451320201017,-68.64513202010174,0.0030703980928192386
2021-03-21,-58.07287919795523,-58.173242699796845,-58.173242699796845,0.0030935337228988977,-61.75349797348495,-61.85281703983237,-61.85281703983237,0.0030935337228988977,-54.392596718742084,-54.60950104212004,-54.60950104212004,0.0030935337228988977,-60.626373509604534,-60.72581188889248,-60.72581188889248,0.0030935337228988977,-67.78047349228056,-68.61690907352536,-68.61690907352536,-68.61690907352538,0.0030935337228988977
2021-03-22,-58.07374010512978,-58.173242699796845,-58.173242699796845,0.00312029931012047,-61.75434992160555,-61.85281703983237,-61.85281703983237,0.00312029931012047,-54.39445730037518,-54.60950104212004,-54.60950104212004,0.00312029931012047,-60.627226481178354,-60.72581188889248,-60.72581188889248,0.00312029931012047,-67.7871427302389,-68.55796506862232,-68.55796506862232,-68.55796506862228,0.00312029931012047
2021-03-23,-58.074469007845295,-58.173242699796845,-58.173242699796845,0.0031433256301381567,-61.755071238975276,-61.85281703983237,-61.85281703983237,0.0031433256301381567,-54.39603259565096,-54.60950104212004,-54.60950104212004,0.0031433256301381567,-60.627948665073376,-60.72581188889248,-60.72581188889248,0.0031433256301381567,-67.7932709279444,-68.62370371344973,-68.62370371344973,-68.62370371344971,0.0031433256301381567
2021-03-24,-58.07531427584911,-58.173242699796845,-58.173242699796845,0.003170457207199506,-61.75590771067485,-61.85281703983237,-61.85281703983237,0.003170457207199506,-54.3978593781076,-54.60950104212004,-54.60950104212004,0.003170457207199506,-60.628786141634365,-60.72581188889248,-60.72581188889248,0.003170457207199506,-67.80038639441388,-68.62474791508045,-68.62474791508045,-68.62474791508049,0.003170457207199506
2021-03-25,-58.076008603879956,-58.173242699796845,-58.173242699796845,0.003193096768851857,-61.756594813162316,-61.85281703983237,-61.85281703983237,0.003193096768851857,-54.399359951014524,-54.60950104212004,-54.60950104212004,0.003193096768851857,-60.62947406954444,-60.72581188889248,-60.72581188889248,0.003193096768851857,-67.80711743685686,-68.74973648368321,-68.74973648368321,-68.74973648368307,0.003193096768851857
2021-03-26,-58.076759173425366,-58.173242699796845,-58.173242699796845,0.0032179366693002045,-61.757337571885394,-61.85281703983237,-61.85281703983237,0.0032179366693002045,-54.400982072367434,-54.60950104212004,-54.60950104212004,0.0032179366693002045,-60.63021772055055,-60.72581188889248,-60.72581188889248,0.0032179366693002045,-67.81400243769875,-68.69904921907366,-68.69904921907366,-68.69904921907369,0.0032179366693002045
2021-03-27,-58.0774097925576,-58.173242699796845,-58.173242699796845,0.0032397835611838502,-61.75798142033195,-61.85281703983237,-61.85281703983237,0.0032397835611838502,-54.40238818215892,-54.60950104212004,-54.60950104212004,0.0032397835611838502,-60.63086234245863,-60.72581188889248,-60.72581188889248,0.0032397835611838502,-67.82019606733314,-68.7324863840727,-68.7324863840727,-68.73248638407273,0.0032397835611838502
2021-03-28,-58.07797848753893,-58.173242699796845,-58.173242699796845,0.003259123968334796,-61.758544197173634,-61.85281703983237,-61.85281703983237,0.003259123968334796,-54.40361723851783,-54.60950104212004,-54.60950104212004,0.003259123968334796,-60.63142579536962,-60.72581188889248,-60.72581188889248,0.003259123968334796,-67.82565276835662,-68.73972505938619,-68.73972505938619,-68.7397250593862,0.003259123968334796
2021-03-29,-58.07871934007858,-58.173242699796845,-58.173242699796845,0.003284668238835124,-61.759277340011295,-61.85281703983237,-61.85281703983237,0.003284668238835124,-54.40521835960177,-54.60950104212004,-54.60950104212004,0.003284668238835124,-60.63215981893866,-60.72581188889248,-60.72581188889248,0.003284668238835124,-67.83259283212129,-68.71805668425867,-68.71805668425867,-68.7180566842587,0.003284668238835124
2021-03-30,-58.07941967229202,-58.173242699796845,-58.173242699796845,0.0033091863026777713,-61.75997038419867,-61.85281703983237,-61.85281703983237,0.0033091863026777713,-54.40673190867207,-54.60950104212004,-54.60950104212004,0.0033091863026777713,-60.63285369568672,-60.72581188889248,-60.72581188889248,0.0033091863026777713,-67.83961579867093,-68.78047782250974,-68.78047782250974,-68.78047782250968,0.0033091863026777713
2021-03-31,-58.08004758030361,-58.173242699796845,-58.173242699796845,0.003331482154672616,-61.76059175786863,-61.85281703983237,-61.85281703983237,0.003331482154672616,-54.408088935478546,-54.60950104212004,-54.60950104212004,0.003331482154672616,-60.633475815818684,-60.72581188889248,-60.72581188889248,0.003331482154672616,-67.8461305959136,-68.81306730707348,-68.81306730707348,-68.81306730707345,0.003331482154672616
2021-04-01,-58.08071116761626,-58.173242699796845,-58.173242699796845,0.0033553737863961453,-61.76124843954178,-61.85281703983237,-61.85281703983237,0.0033553737863961453,-54.40952307193625,-54.60950104212004,-54.60950104212004,0.0033553737863961453,-60.634133286369796,-60.72581188889248,-60.72581188889248,0.0033553737863961453,-67.85250000855692,-68.74065971246179,-68.74065971246179,-68.74065971246178,0.0033553737863961453
2021-04-02,-58.08133358103185,-58.173242699796845,-58.173242699796845,0.0033780965552302387,-61.76186437579545,-61.85281703983237,-61.85281703983237,0.0033780965552302387,-54.41086822389196,-54.60950104212004,-54.60950104212004,0.0033780965552302387,-60.63474996255336,-60.72581188889248,-60.72581188889248,0.0033780965552302387,-67.85810269340064,-68.68542712713554,-68.68542712713554,-68.6854271271355,0.0033780965552302387
2021-04-03,-58.0820113651791,-58.173242699796845,-58.173242699796845,0.0034031934180864024,-61.7625351065636,-61.85281703983237,-61.85281703983237,0.0034031934180864024,-54.41233304236859,-54.60950104212004,-54.60950104212004,0.0034031934180864024,-60.63542149907697,-60.72581188889248,-60.72581188889248,0.0034031934180864024,-67.86448291513203,-68.72327571229442,-68.72327571229442,-68.72327571229437,0.0034031934180864024
2021-04-04,-58.082635314258724,-58.173242699796845,-58.173242699796845,0.003426628807910816,-61.76315256250031,-61.85281703983237,-61.85281703983237,0.003426628807910816,-54.413681513181714,-54.60950104212004,-54.60950104212004,0.003426628807910816,-60.63603969676934,-60.72581188889248,-60.72581188889248,0.003426628807910816,-67.87075232515971,-68.78117093142544,-68.78117093142544,-68.78117093142546,0.003426628807910816
2021-04-05,-58.08320398912059,-58.173242699796845,-58.173242699796845,0.0034482710287849373,-61.7637153194317,-61.85281703983237,-61.85281703983237,0.0034482710287849373,-54.41491052605863,-54.60950104212004,-54.60950104212004,0.0034482710287849373,-60.63660312974606,-60.72581188889248,-60.72581188889248,0.0034482710287849373,-67.87628814171698,-68.7527780639271,-68.7527780639271,-68.75277806392707,0.0034482710287849373
2021-04-06,-58.08379209822534,-58.173242699796845,-58.173242699796845,0.00347094230826534,-61.76429730836341,-61.85281703983237,-61.85281703983237,0.00347094230826534,-54.416181539974076,-54.60950104212004,-54.60950104212004,0.00347094230826534,-60.63718581782662,-60.72581188889248,-60.72581188889248,0.00347094230826534,-67.88166804250272,-68.69994369531496,-68.69994369531496,-68.69994369531503,0.00347094230826534
2021-04-07,-58.084376516136075,-58.173242699796845,-58.173242699796845,0.003493768548441238,-61.764875644513275,-61.85281703983237,-61.85281703983237,0.003493768548441238,-54.41744457652775,-54.60950104212004,-54.60950104212004,0.003493768548441238,-60.63776484873718,-60.72581188889248,-60.72581188889248,0.003493768548441238,-67.88727073775914,-68.73921270699768,-68.73921270699768,-68.73921270699768,0.003493768548441238
2021-04-08,-58.08500042040799,-58.173242699796845,-58.173242699796845,0.0035184707335743845,-61.76549305610835,-61.85281703983237,-61.85281703983237,0.0035184707335743845,-54.418792950502784,-54.60950104212004,-54.60950104212004,0.0035184707335743845,-60.63838300203472,-60.72581188889248,-60.72581188889248,0.0035184707335743845,-67.89355907850548,-68.7829543689561,-68.7829543689561,-68.782954368956,0.0035184707335743845
2021-04-09,-58.08560104753913,-58.173242699796845,-58.173242699796845,0.003542583571810426,-61.766087432797214,-61.85281703983237,-61.85281703983237,0.003542583571810426,-54.420091018218095,-54.60950104212004,-54.60950104212004,0.003542583571810426,-60.638978092754094,-60.72581188889248,-60.72581188889248,0.003542583571810426,-67.89938980026189,-68.7501906746778,-68.7501906746778,-68.75019067467797,0.003542583571810426
2021-04-10,-58.08608574687846,-58.173242699796845,-58.173242699796845,0.0035622846726295673,-61.7665670880998,-61.85281703983237,-61.85281703983237,0.0035622846726295673,-54.421138544264004,-54.60950104212004,-54.60950104212004,0.0035622846726295673,-60.63945832427109,-60.72581188889248,-60.72581188889248,0.0035622846726295673,-67.90418988089274,-68.7673237200711,-68.7673237200711,-68.76732372007112,0.0035622846726295673
2021-04-11,-58.08670421429807,-58.173242699796845,-58.173242699796845,0.003587743368804605,-61.767179119421755,-61.85281703983237,-61.85281703983237,0.003587743368804605,-54.42247516818344,-54.60950104212004,-54.60950104212004,0.003587743368804605,-60.64007109083202,-60.72581188889248,-60.72581188889248,0.003587743368804605,-67.90978715318829,-68.69298033676475,-68.69298033676475,-68.69298033676469,0.003587743368804605
2021-04-12,-58.08738245315548,-58.173242699796845,-58.173242699796845,0.003616084155816568,-61.76785030016807,-61.85281703983237,-61.85281703983237,0.003616084155816568,-54.42394096937364,-54.60950104212004,-54.60950104212004,0.003616084155816568,-60.64074307787426,-60.72581188889248,-60.72581188889248,0.003616084155816568,-67.91578672960486,-68.67529070863465,-68.67529070863465,-68.67529070863459,0.003616084155816568
2021-04-13,-58.08788382104013,-58.173242699796845,-58.173242699796845,0.00363732375607918,-61.768346450554176,-61.85281703983237,-61.85281703983237,0.00363732375607918,-54.42502451926756,-54.60950104212004,-54.60950104212004,0.00363732375607918,-60.641239824290594,-60.72581188889248,-60.72581188889248,0.00363732375607918,-67.9201635459794,-68.66532523210911,-68.66532523210911,-68.66532523210914,0.00363732375607918
2021-04-14,-58.08838580583509,-58.173242699796845,-58.173242699796845,0.0036588409379445757,-61.76884321143095,-61.85281703983237,-61.85281703983237,0.0036588409379445757,-54.42610940242032,-54.60950104212004,-54.60950104212004,0.0036588409379445757,-60.64173718193078,-60.72581188889248,-60.72581188889248,0.0036588409379445757,-67.92426732152911,-68.6179808566324,-68.6179808566324,-68.6179808566324,0.0036588409379445757
2021-04-15,-58.08891499325908,-58.173242699796845,-58.173242699796845,0.0036818015127080806,-61.76936689185164,-61.85281703983237,-61.85281703983237,0.0036818015127080806,-54.42725307554874,-54.60950104212004,-54.60950104212004,0.0036818015127080806,-60.642261491453795,-60.72581188889248,-60.72581188889248,0.0036818015127080806,-67.92824537889008,-68.56216152757477,-68.56216152757477,-68.5621615275746,0.0036818015127080806
2021-04-16,-58.050071461033916,-58.173242699796845,-58.173242699796845,0.003696102771735681,-61.73092758808163,-61.85281703983237,-61.85281703983237,0.003696102771735681,-54.34330408311572,-54.60950104212004,-54.60950104212004,0.003696102771735681,-60.60377601018185,-60.72581188889248,-60.72581188889248,0.003696102771735681,-67.89431790931133,-68.648626552273,-68.648626552273,-68.64862655227303,0.003696102771735681
2021-04-17,-58.05066357453548,-58.173242699796845,-58.173242699796845,0.0037139566465291545,-61.731513539727615,-61.85281703983237,-61.85281703983237,0.0037139566465291545,-54.34458375534368,-54.60950104212004,-54.60950104212004,0.0037139566465291545,-60.60436266573721,-60.72581188889248,-60.72581188889248,0.0037139566465291545,-67.89744562255251,-68.54494369870478,-68.54494369870478,-68.5449436987048,0.0037139566465291545
2021-04-18,-58.05143867185447,-58.173242699796845,-58.173242699796845,0.0037375999484440224,-61.73228082002857,-61.85281703983237,-61.85281703983237,0.0037375999484440224,-54.34625889175837,-54.60950104212004,-54.60950104212004,0.0037375999484440224,-60.60513054058225,-60.72581188889248,-60.72581188889248,0.0037375999484440224,-67.90097153389985,-68.4548398871806,-68.4548398871806,-68.4548398871806,0.0037375999484440224
2021-04-19,-58.052227058904116,-58.173242699796845,-58.173242699796845,0.0037619763458881096,-61.73306169053872,-61.85281703983237,-61.85281703983237,0.0037619763458881096,-54.34796275098075,-54.60950104212004,-54.60950104212004,0.0037619763458881096,-60.605911445543285,-60.72581188889248,-60.72581188889248,0.0037619763458881096,-67.9042049848534,-68.4000081267877,-68.4000081267877,-68.40000812678768,0.0037619763458881096
2021-04-20,-57.24640330969821,-58.173242699796845,-58.173242699796845,0.003591756698317999,-60.935624761010885,-61.85281703983237,-61.85281703983237,0.003591756698317999,-52.60633110659829,-54.60950104212004,-54.60950104212004,0.003591756698317999,-59.80751556831987,-60.72581188889248,-60.72581188889248,0.003591756698317999,-67.11791658958354,-68.60158631992952,-68.60158631992952,-68.60158631992957,0.003591756698317999
2021-04-21,-57.25195513389647,-58.173242699796845,-58.173242699796845,0.0036134046679828138,-60.94111957539716,-61.85281703983237,-61.85281703983237,0.0036134046679828138,-52.618330215176144,-54.60950104212004,-54.60950104212004,0.0036134046679828138,-59.813015976228016,-60.72581188889248,-60.72581188889248,0.0036134046679828138,-67.12526993368317,-68.3453257231016,-68.3453257231016,-68.34532572310154,0.0036134046679828138
2021-04-22,-57.25759061139291,-58.173242699796845,-58.173242699796845,0.0036356473949208886,-60.94669719438994,-61.85281703983237,-61.85281703983237,0.0036356473949208886,-52.63051012289577,-54.60950104212004,-54.60950104212004,0.0036356473949208886,-59.81859925948485,-60.72581188889248,-60.72581188889248,0.0036356473949208886,-67.13264364113402,-68.33054171299679,-68.33054171299679,-68.33054171299678,0.0036356473949208886
2021-04-23,-56.21807375670951,-58.173242699796845,-58.173242699796845,0.0034118940963034747,-59.91800498423716,-61.85281703983237,-61.85281703983237,0.0034118940963034747,-50.38159546562304,-54.60950104212004,-54.60950104212004,0.0034118940963034747,-58.788670139388046,-60.72581188889248,-60.72581188889248,0.0034118940963034747,-66.11455453414771,-68.45135123881806,-68.45135123881806,-68.45135123881803,0.0034118940963034747
2021-04-24,-56.18312882921928,-58.173242699796845,-58.173242699796845,0.0034289002002484362,-59.883425206740945,-61.85281703983237,-61.85281703983237,0.0034289002002484362,-50.30583632037533,-54.60950104212004,-54.60950104212004,0.0034289002002484362,-58.75404766236991,-60.72581188889248,-60.72581188889248,0.0034289002002484362,-66.08253516977913,-68.30614220282183,-68.30614220282183,-68.30614220282187,0.0034289002002484362
2021-04-25,10.0,-58.173242699796845,-58.173242699796845,0.0005469304331401368,10.0,-61.85281703983237,-61.85281703983237,0.0005469304331401368,10.0,-54.60950104212004,-54.60950104212004,0.0005469304331401368,10.0,-60.72581188889248,-60.72581188889248,0.0005469304331401368,9.94621265552964,-68.30693568754631,-68.30693568754631,-68.30693568754643,0.0005469304331401368
2021-04-26,10.0,-58.173242699796845,-58.173242699796845,9.511504737305947e-05,10.0,-61.85281703983237,-61.85281703983237,9.511504737305947e-05,10.0,-54.60950104212004,-54.60950104212004,9.511504737305947e-05,10.0,-60.72581188889248,-60.72581188889248,9.511504737305947e-05,7.417708126506328,-68.34818425616041,-68.34818425616041,-68.3481842561604,9.511504737305947e-05
2021-04-27,-100.0,-58.173242699796845,-58.173242699796845,2.7290630936214845e-05,-100.0,-61.85281703983237,-61.85281703983237,2.7290630936214845e-05,-3.183555427003326,-54.60950104212004,-54.60950104212004,2.7290630936214845e-05,-100.0,-60.72581188889248,-60.72581188889248,2.7290630936214845e-05,-100.0,-68.24974109192172,-68.24974109192172,-68.2497410919217,2.7290630936214845e-05
2021-04-28,,-58.173242699796845,-58.173242699796845,0.0,,-61.85281703983237,-61.85281703983237,0.0,,-54.60950104212004,-54.60950104212004,0.0,,-60.72581188889248,-60.72581188889248,0.0,,-68.23238947266108,-68.23238947266108,-68.23238947266107,0.0
2021-04-29,,-58.17324269979625,-58.17324269979618,0.0,,-61.85281703983227,-61.85281703983225,0.0,,-54.60950104212054,-54.60950104212059,0.0,,-60.72581188889218,-60.725811888892146,0.0,,-68.19485907521592,-68.19485907521594,-68.19485907521579,0.0
2021-04-30,,-58.17324269979714,-58.17324269979718,0.0,,-61.852817039832175,-61.85281703983214,0.0,,-54.60950104212072,-54.60950104212081,0.0,,-60.725811888892196,-60.725811888892146,0.0,,-68.10750471192999,-68.10750471193006,-68.1075047119295,0.0
2021-05-01,,-58.17324269979656,-58.17324269979651,0.0,,-61.85281703983284,-61.85281703983292,0.0,,-54.60950104212042,-54.60950104212048,0.0,,-60.725811888892956,-60.725811888893034,0.0,,-68.00222577314348,-68.00222577314341,-68.0022257731438,0.0
2021-05-02,,-58.17324269979585,-58.173242699795736,0.0,,-61.852817039831464,-61.852817039831365,0.0,,-54.60950104212013,-54.609501042120144,0.0,,-60.725811888891876,-60.72581188889181,0.0,,-67.92034508024517,-67.92034508024514,-67.92034508024544,0.0
2021-05-03,,-58.17324269979645,-58.173242699796404,0.0,,-61.85281703983257,-61.85281703983259,0.0,,-54.609501042120854,-54.609501042120925,0.0,,-60.725811888892274,-60.72581188889225,0.0,,-67.80169381390473,-67.80169381390478,-67.80169381390412,0.0
2021-05-04,,-58.17324269979645,-58.173242699796404,0.0,,-61.85281703983297,-61.85281703983303,0.0,,-54.60950104211902,-54.60950104211892,0.0,,-60.725811888892174,-60.725811888892146,0.0,,-67.62316088736421,-67.6231608873642,-67.62316088736435,0.0
2021-05-05,,-58.17324269979695,-58.17324269979696,0.0,,-61.85281703983297,-61.85281703983303,0.0,,-54.60950104212034,-54.60950104212037,0.0,,-60.72581188889227,-60.72581188889225,0.0,,-67.44490585928921,-67.4449058592892,-67.44490585928938,0.0
2021-05-06,,-58.17324269979696,-58.17324269979696,0.0,,-61.85281703983382,-61.852817039833916,0.0,,-54.60950104212035,-54.60950104212037,0.0,,-60.72581188889363,-60.7258118888937,0.0,,-67.29029566805431,-67.29029566805434,-67.29029566805366,0.0
2021-05-07,,-58.1732426997981,-58.17324269979818,0.0,,-61.85281703983289,-61.85281703983292,0.0,,-54.60950104212202,-54.60950104212215,0.0,,-60.72581188889332,-60.72581188889337,0.0,,-67.12622282057077,-67.12622282057079,-67.12622282057059,0.0
2021-05-08,,-58.173242699797164,-58.17324269979718,0.0,,-61.85281703983309,-61.85281703983314,0.0,,-54.609501042120556,-54.60950104212059,0.0,,-60.72581188889249,-60.72581188889248,0.0,,-66.96166084659157,-66.96166084659161,-66.96166084659092,0.0
2021-05-09,,-58.17324269979685,-58.173242699796845,0.0,,-61.85281703983216,-61.85281703983214,0.0,,-54.60950104211973,-54.6095010421197,0.0,,-60.72581188889227,-60.72581188889225,0.0,,-66.78729765952085,-66.78729765952085,-66.78729765952096,0.0
2021-05-10,,-58.17324269979653,-58.17324269979651,0.0,,-61.852817039833,-61.85281703983303,0.0,,-54.60950104212077,-54.60950104212081,0.0,,-60.72581188889269,-60.7258118888927,0.0,,-66.58048690506509,-66.58048690506513,-66.58048690506429,0.0
2021-05-11,,-58.17324269979673,-58.17324269979673,0.0,,-61.85281703983257,-61.85281703983259,0.0,,-54.60950104212036,-54.60950104212037,0.0,,-60.72581188889258,-60.725811888892586,0.0,,-66.32865885965022,-66.32865885965022,-66.32865885965022,0.0
2021-05-12,,-58.17324269979695,-58.17324269979696,0.0,,-61.85281703983237,-61.85281703983237,0.0,,-54.60950104211982,-54.60950104211981,0.0,,-60.72581188889258,-60.725811888892586,0.0,,-66.10522986379651,-66.10522986379652,-66.10522986379638,0.0
2021-05-13,,-58.17324269979716,-58.17324269979718,0.0,,-61.852817039832885,-61.85281703983292,0.0,,-54.609501042120456,-54.60950104212048,0.0,,-60.72581188889289,-60.72581188889292,0.0,,-65.8509078761642,-65.85090787616421,-65.85090787616399,0.0
2021-05-14,-35.27722663312283,-56.84396400061668,-58.17324269979751,1.228862835663485e-05,-41.53744804072179,-60.67336349656745,-61.85281703983358,1.228862835663485e-05,-9.064675902911823,-51.96529579090216,-54.60950104211981,1.228862835663485e-05,-37.27988870736964,-59.364607119597,-60.7258118888927,1.228862835663485e-05,-45.373115741784154,-64.47948039693557,-65.65711255900541,-65.65711255900564,1.228862835663485e-05
2021-05-15,-63.88823550974521,-58.51417797273248,-58.17324269979607,1.63946176331915e-05,-67.36306889278431,-62.181538226701306,-61.85281703983225,1.63946176331915e-05,-65.00173592659519,-55.2294632283519,-54.60950104211959,1.63946176331915e-05,-66.44437682262283,-61.066960261483615,-60.725811888892146,1.63946176331915e-05,-70.76473417945073,-65.78988393098169,-65.4742747445154,-65.47427474451534,1.63946176331915e-05
2021-05-16,-20.854061966904425,-55.817686204560616,-58.17324269979651,1.3143304936888907e-05,-29.117209221090178,-59.78657195865452,-61.85281703983259,1.3143304936888907e-05,10.0,-50.53140160786311,-54.60950104211937,1.3143304936888907e-05,-22.393709355388648,-58.3063205890939,-60.72581188889248,1.3143304936888907e-05,-32.35630110689358,-63.114797360273656,-65.18704751205584,-65.1870475120555,1.3143304936888907e-05
2021-05-17,,-58.17324269979653,-58.17324269979651,6.583673773996784e-06,,-61.85281703983226,-61.85281703983225,6.583673773996784e-06,,-54.60950104211982,-54.60950104211981,6.583673773996784e-06,,-60.72581188889205,-60.72581188889203,6.583673773996784e-06,,-64.91989598788633,-64.91989598788628,-64.91989598788717,6.583673773996784e-06
2021-05-18,,-58.17324269979645,-58.173242699796404,0.0,,-61.852817039832956,-61.85281703983303,0.0,,-54.60950104212003,-54.60950104212004,0.0,,-60.72581188889188,-60.72581188889181,0.0,,-64.74686876123133,-64.74686876123137,-64.74686876123097,0.0
2021-05-19,,-58.17324269979684,-58.173242699796845,0.0,,-61.85281703983225,-61.85281703983225,0.0,,-54.60950104211983,-54.60950104211981,0.0,,-60.72581188889187,-60.72581188889181,0.0,,-64.57113791161908,-64.57113791161906,-64.57113791161926,0.0
2021-05-20,,-58.17324269979684,-58.173242699796845,0.0,,-61.85281703983237,-61.85281703983237,0.0,,-54.60950104212014,-54.609501042120144,0.0,,-60.725811888892686,-60.7258118888927,0.0,,-64.37054559790343,-64.37054559790344,-64.37054559790319,0.0
2021-05-21,,-58.17324269979758,-58.173242699797626,0.0,,-61.85281703983237,-61.85281703983237,0.0,,-54.609501042119724,-54.6095010421197,0.0,,-60.72581188889217,-60.725811888892146,0.0,,-64.18723641932691,-64.1872364193269,-64.18723641932712,0.0
2021-05-22,,-58.173242699796845,-58.173242699796845,0.0,,-61.85281703983196,-61.85281703983192,0.0,,-54.60950104212004,-54.60950104212004,0.0,,-60.72581188889228,-60.72581188889225,0.0,,-63.92366297529971,-63.92366297529972,-63.923662975299635,0.0
2021-05-23,,-58.17324269979714,-58.17324269979718,0.0,,-61.85281703983266,-61.8528170398327,0.0,,-54.609501042119646,-54.60950104211959,0.0,,-60.72581188889219,-60.725811888892146,0.0,,-63.85460733010703,-63.85460733010695,-63.854607330107555,0.0
2021-05-24,,-58.173242699796745,-58.17324269979673,0.0,,-61.852817039831855,-61.852817039831805,0.0,,-54.60950104212043,-54.60950104212048,0.0,,-60.72581188889287,-60.72581188889292,0.0,,-63.89485325799985,-63.89485325799993,-63.89485325799913,0.0
2021-05-25,,-58.17324269979622,-58.17324269979618,0.0,,-61.852817039832374,-61.85281703983237,0.0,,-54.609501042119206,-54.60950104211915,0.0,,-60.725811888892174,-60.725811888892146,0.0,,-63.79349578989496,-63.793495789894905,-63.7934957898957,0.0
2021-05-26,,-58.173242699796845,-58.173242699796845,0.0,,-61.85281703983309,-61.85281703983314,0.0,,-54.60950104212035,-54.60950104212037,0.0,,-60.72581188889248,-60.72581188889248,0.0,,-63.75033565154559,-63.75033565154564,-63.75033565154488,0.0
2021-05-27,,-58.173242699797264,-58.17324269979729,0.0,,-61.852817039833724,-61.85281703983381,0.0,,-54.60950104212004,-54.60950104212004,0.0,,-60.72581188889332,-60.72581188889337,0.0,,-63.590192356218886,-63.59019235621888,-63.59019235621912,0.0
2021-05-28,,-58.17324269979644,-58.173242699796404,0.0,,-61.85281703983226,-61.85281703983225,0.0,,-54.60950104212044,-54.60950104212048,0.0,,-60.72581188889257,-60.725811888892586,0.0,,-63.28682037068185,-63.28682037068178,-63.28682037068265,0.0
2021-05-29,,-58.17324269979627,-58.17324269979618,0.0,,-61.8528170398317,-61.852817039831585,0.0,,-54.60950104211975,-54.6095010421197,0.0,,-60.72581188889267,-60.7258118888927,0.0,,-63.42091572594037,-63.42091572594022,-63.420915725941164,0.0
2021-05-30,,-58.173242699797896,-58.17324269979807,0.0,,-61.85281703983284,-61.85281703983292,0.0,,-54.60950104212004,-54.60950104212004,0.0,,-60.72581188889219,-60.725811888892146,0.0,,-63.68881424094346,-63.688814240943415,-63.6888142409438,0.0
2021-05-31,,-58.173242699796845,-58.173242699796845,0.0,,-61.852817039833,-61.85281703983303,0.0,,-54.609501042120144,-54.609501042120144,0.0,,-60.72581188889185,-60.72581188889181,0.0,,-63.7139403088097,-63.713940308809725,-63.71394030880909,0.0
2021-06-01,,-58.1732426997976,-58.173242699797626,0.0,,-61.8528170398329,-61.85281703983292,0.0,,-54.60950104212004,-54.60950104212004,0.0,,-60.725811888892906,-60.72581188889292,0.0,,-63.64422312552385,-63.644223125523865,-63.64422312552351,0.0
2021-06-02,,-58.173242699796845,-58.173242699796845,0.0,,-61.852817039832146,-61.85281703983214,0.0,,-54.60950104212014,-54.609501042120144,0.0,,-60.72581188889247,-60.72581188889248,0.0,,-63.367938698941074,-63.36793869894108,-63.367938698940975,0.0
2021-06-03,,-58.17324269979717,-58.17324269979718,0.0,,-61.85281703983269,-61.8528170398327,0.0,,-54.60950104212047,-54.60950104212048,0.0,,-60.72581188889205,-60.72581188889203,0.0,,-63.256373170642945,-63.256373170642924,-63.25637317064323,0.0
2021-06-04,,-58.173242699797164,-58.17324269979718,0.0,,-61.85281703983225,-61.85281703983225,0.0,,-54.60950104211971,-54.6095010421197,0.0,,-60.72581188889183,-60.72581188889181,0.0,,-63.04725295220718,-63.047252952207145,-63.04725295220816,0.0
2021-06-05,,-58.17324269979673,-58.17324269979673,0.0,,-61.85281703983226,-61.85281703983225,0.0,,-54.60950104212046,-54.60950104212048,0.0,,-60.72581188889248,-60.72581188889248,0.0,,-62.79772604874246,-62.797726048742454,-62.79772604874252,0.0
2021-06-06,,-58.173242699796525,-58.17324269979651,0.0,,-61.85281703983237,-61.85281703983237,0.0,,-54.60950104211982,-54.60950104211981,0.0,,-60.72581188889248,-60.72581188889248,0.0,,-62.43999489596776,-62.43999489596774,-62.43999489596821,0.0
2021-06-07,,-58.17324269979728,-58.17324269979729,0.0,,-61.85281703983269,-61.8528170398327,0.0,,-54.60950104211939,-54.60950104211937,0.0,,-60.725811888892906,-60.72581188889292,0.0,,-62.26532384628792,-62.26532384628791,-62.26532384628789,0.0
2021-06-08,,-58.17324269979619,-58.17324269979618,0.0,,-61.85281703983258,-61.85281703983259,0.0,,-54.60950104211971,-54.6095010421197,0.0,,-60.725811888891506,-60.72581188889148,0.0,,-62.02000158777488,-62.02000158777488,-62.02000158777497,0.0
2021-06-09,,-58.17324269979727,-58.17324269979729,0.0,,-61.85281703983225,-61.85281703983225,0.0,,-54.609501042119604,-54.60950104211959,0.0,,-60.725811888892586,-60.725811888892586,0.0,,-61.92884961164381,-61.9288496116438,-61.92884961164438,0.0
2021-06-10,,-58.173242699796525,-58.17324269979651,0.0,,-61.85281703983259,-61.85281703983259,0.0,,-54.609501042119604,-54.60950104211959,0.0,,-60.72581188889248,-60.72581188889248,0.0,,-61.54418798317943,-61.5441879831794,-61.54418798318014,0.0
2021-06-11,,-58.17324269979696,-58.17324269979696,0.0,,-61.85281703983194,-61.85281703983192,0.0,,-54.60950104212078,-54.60950104212081,0.0,,-60.72581188889174,-60.7258118888917,0.0,,-61.34540467769322,-61.345404677693224,-61.34540467769293,0.0
2021-06-12,,-58.173242699796845,-58.173242699796845,0.0,,-61.852817039832374,-61.85281703983237,0.0,,-54.609501042119824,-54.60950104211981,0.0,,-60.72581188889324,-60.725811888893254,0.0,,-61.262253046729825,-61.26225304672983,-61.26225304672957,0.0
2021-06-13,,-58.17324269979814,-58.17324269979818,0.0,,-61.852817039832686,-61.8528170398327,0.0,,-54.60950104212111,-54.609501042121146,0.0,,-60.725811888891826,-60.72581188889181,0.0,,-61.05670262127249,-61.05670262127249,-61.05670262127248,0.0
2021-06-14,,-58.17324269979696,-58.17324269979696,5.959514654995763e-07,,-61.85281703983259,-61.85281703983259,5.959514654995763e-07,,-54.60950104212058,-54.60950104212059,5.959514654995763e-07,,-60.72581188889303,-60.725811888893034,5.959514654995763e-07,,-60.63341094435092,-60.63341094435093,-60.63341094435047,5.959514654995763e-07
2021-06-15,,-58.173242699796205,-58.17324269979618,0.0,,-61.85281703983183,-61.852817039831805,0.0,,-54.60950104211885,-54.609501042118815,0.0,,-60.72581188889141,-60.72581188889137,0.0,,-60.50528701434924,-60.50528701434921,-60.50528701435005,0.0
2021-06-16,,-58.17324269979641,-58.173242699796404,0.0,,-61.85281703983237,-61.85281703983237,0.0,,-54.6095010421196,-54.60950104211959,0.0,,-60.72581188889225,-60.72581188889225,0.0,,-60.14489343423556,-60.14489343423557,-60.1448934342353,0.0
2021-06-17,,-58.17324269979685,-58.173242699796845,0.0,,-61.85281703983237,-61.85281703983237,0.0,,-54.6095010421194,-54.60950104211937,0.0,,-60.72581188889227,-60.72581188889225,0.0,,-59.66388369362164,-59.663883693621635,-59.66388369362183,0.0
2021-06-18,,-58.173242699796845,-58.173242699796845,0.0,,-61.85281703983182,-61.852817039831805,0.0,,-54.60950104211895,-54.60950104211892,0.0,,-60.72581188889301,-60.725811888893034,0.0,,-59.564129093322606,-59.56412909332265,-59.56412909332157,0.0
2021-06-19,,-58.17324269979695,-58.17324269979696,1.5326491596029418e-06,,-61.85281703983182,-61.852817039831805,1.5326491596029418e-06,,-54.60950104212058,-54.60950104212059,1.5326491596029418e-06,,-60.72581188889096,-60.725811888890924,1.5326491596029418e-06,,-59.26503023320482,-59.26503023320484,-59.265030233204065,1.5326491596029418e-06
2021-06-20,,-58.173242699798024,-58.17324269979807,1.2896806494715025e-06,,-61.85281703983236,-61.85281703983237,1.2896806494715025e-06,,-54.609501042118524,-54.60950104211848,1.2896806494715025e-06,,-60.72581188889171,-60.7258118888917,1.2896806494715025e-06,,-58.88834416645817,-58.88834416645816,-58.88834416645855,1.2896806494715025e-06
2021-06-21,,-58.17324269980288,-58.17324269980306,9.331358076056861e-08,,-61.85281703982817,-61.85281703982803,9.331358076056861e-08,,-54.60950104212466,-54.609501042124805,9.331358076056861e-08,,-60.72581188889151,-60.72581188889148,9.331358076056861e-08,,-58.63429469694144,-58.63429469694148,-58.63429469693989,9.331358076056861e-08
2021-06-22,,-58.17324269979383,-58.17324269979374,0.0,,-61.85281703983968,-61.85281703983991,0.0,,-54.609501042127995,-54.60950104212825,0.0,,-60.72581188889527,-60.725811888895365,0.0,,-58.33167787055949,-58.33167787055948,-58.3316778705599,0.0
2021-06-23,,-58.173242699796845,-58.173242699796845,0.0,,-61.85281703983237,-61.85281703983237,0.0,,-54.60950104212004,-54.60950104212004,0.0,,-60.72581188889248,-60.72581188889248,0.0,,-58.24071136090447,-58.24071136090447,-58.2407113609045,0.0
2021-06-24,,-58.173242699796845,-58.173242699796845,0.0,,-61.85281703983237,-61.85281703983237,0.0,,-54.60950104212003,-54.60950104212004,0.0,,-60.72581188889248,-60.72581188889248,0.0,,-57.985417929524274,-57.985417929524274,-57.98541792952429,0.0
2021-06-25,,-58.17324269979684,-58.173242699796845,0.0,,-61.85281703983236,-61.85281703983237,0.0,,-54.60950104212003,-54.60950104212004,0.0,,-60.72581188889247,-60.72581188889248,0.0,,-57.705348658427575,-57.70534865842758,-57.70534865842761,0.0
2021-06-26,,-58.17324269979684,-58.173242699796845,0.0,,-61.85281703983237,-61.85281703983237,0.0,,-54.60950104212004,-54.60950104212004,0.0,,-60.72581188889248,-60.72581188889248,0.0,,-57.6743788394668,-57.6743788394668,-57.67437883946695,0.0
2021-06-27,,-58.173242699796845,-58.173242699796845,0.0,,-61.852817039832374,-61.85281703983237,0.0,,-54.60950104212004,-54.60950104212004,0.0,,-60.72581188889248,-60.72581188889248,0.0,,-57.65365728431338,-57.653657284313375,-57.65365728431338,0.0
2021-06-28,,-58.173242699796845,-58.173242699796845,0.0,,-61.85281703983237,-61.85281703983237,0.0,,-54.60950104212004,-54.60950104212004,0.0,,-60.72581188889248,-60.72581188889248,0.0,,-57.69026904264818,-57.69026904264818,-57.69026904264802,0.0
2021-06-29,,-58.173242699796845,-58.173242699796845,0.0,,-61.85281703983237,-61.85281703983237,0.0,,-54.60950104212004,-54.60950104212004,0.0,,-60.72581188889248,-60.72581188889248,0.0,,-57.61956243484801,-57.61956243484801,-57.61956243484802,0.0
2021-06-30,,-58.173242699796845,-58.173242699796845,0.0,,-61.852817039832374,-61.85281703983237,0.0,,-54.60950104212004,-54.60950104212004,0.0,,-60.72581188889248,-60.72581188889248,0.0,,-57.717960583091084,-57.717960583091084,-57.71796058309104,0.0
2021-07-01,,-58.17324269979684,-58.173242699796845,3.733309287980786e-07,,-61.85281703983236,-61.85281703983237,3.733309287980786e-07,,-54.60950104212003,-54.60950104212004,3.733309287980786e-07,,-60.72581188889248,-60.72581188889248,3.733309287980786e-07,,-57.86153153463402,-57.861531534634025,-57.86153153463397,3.733309287980786e-07
2021-07-02,,-58.173242699796845,-58.173242699796845,0.0,,-61.85281703983237,-61.85281703983237,0.0,,-54.60950104212004,-54.60950104212004,0.0,,-60.72581188889248,-60.72581188889248,0.0,,-57.76300206792684,-57.76300206792684,-57.76300206792679,0.0
2021-07-03,,-58.173242699796845,-58.173242699796845,0.0,,-61.852817039832374,-61.85281703983237,0.0,,-54.609501042120044,-54.60950104212004,0.0,,-60.72581188889248,-60.72581188889248,0.0,,-57.34993321240745,-57.34993321240744,-57.34993321240741,0.0
2021-07-04,,-58.17324269979684,-58.173242699796845,0.0,,-61.85281703983236,-61.85281703983237,0.0,,-54.60950104212003,-54.60950104212004,0.0,,-60.72581188889247,-60.72581188889248,0.0,,-57.32337008162125,-57.32337008162125,-57.32337008162126,0.0
2021-07-05,,-58.173242699796845,-58.173242699796845,0.0,,-61.85281703983237,-61.85281703983237,0.0,,-54.609501042120044,-54.60950104212004,0.0,,-60.72581188889248,-60.72581188889248,0.0,,-57.273186438898456,-57.27318643889845,-57.27318643889848,0.0
2021-07-06,,-58.173242699796845,-58.173242699796845,0.0,,-61.85281703983237,-61.85281703983237,0.0,,-54.60950104212004,-54.60950104212004,0.0,,-60.72581188889248,-60.72581188889248,0.0,,-57.336395294897315,-57.336395294897315,-57.33639529489727,0.0
2021-07-07,,-58.173242699796845,-58.173242699796845,0.0,,-61.85281703983237,-61.85281703983237,0.0,,-54.60950104212004,-54.60950104212004,0.0,,-60.72581188889248,-60.72581188889248,0.0,,-57.20214416063784,-57.20214416063784,-57.2021441606378,0.0
2021-07-08,,-58.17324269979685,-58.173242699796845,0.0,,-61.852817039832374,-61.85281703983237,0.0,,-54.609501042120044,-54.60950104212004,0.0,,-60.72581188889248,-60.72581188889248,0.0,,-57.339439237577565,-57.33943923757756,-57.33943923757765,0.0
2021-07-09,,-58.17324269979685,-58.173242699796845,0.0,,-61.852817039832374,-61.85281703983237,0.0,,-54.609501042120044,-54.60950104212004,0.0,,-60.72581188889249,-60.72581188889248,0.0,,-57.403417904230764,-57.40341790423076,-57.40341790423071,0.0
2021-07-10,,-58.173242699796845,-58.173242699796845,0.0,,-61.85281703983237,-61.85281703983237,0.0,,-54.60950104212004,-54.60950104212004,0.0,,-60.72581188889248,-60.72581188889248,0.0,,-57.257723819232666,-57.257723819232666,-57.25772381923263,0.0
2021-07-11,,-58.173242699796845,-58.173242699796845,0.0,,-61.85281703983237,-61.85281703983237,0.0,,-54.60950104212004,-54.60950104212004,0.0,,-60.72581188889248,-60.72581188889248,0.0,,-57.094199223057245,-57.09419922305725,-57.09419922305726,0.0
2021-07-12,,-58.17324269979684,-58.173242699796845,0.0,,-61.85281703983236,-61.85281703983237,0.0,,-54.60950104212003,-54.60950104212004,0.0,,-60.72581188889247,-60.72581188889248,0.0,,-56.87625643673798,-56.87625643673799,-56.87625643673802,0.0
2021-07-13,,-58.173242699796845,-58.173242699796845,0.0,,-61.85281703983236,-61.85281703983237,0.0,,-54.60950104212004,-54.60950104212004,0.0,,-60.72581188889248,-60.72581188889248,0.0,,-56.95552406216664,-56.95552406216664,-56.95552406216665,0.0
2021-07-14,,-58.17324269979684,-58.173242699796845,0.0,,-61.85281703983236,-61.85281703983237,0.0,,-54.60950104212003,-54.60950104212004,0.0,,-60.72581188889247,-60.72581188889248,0.0,,-56.656940628341914,-56.65694062834192,-56.65694062834189,0.0
2021-07-15,,-58.17324269979685,-58.173242699796845,0.0,,-61.852817039832374,-61.85281703983237,0.0,,-54.609501042120044,-54.60950104212004,0.0,,-60.72581188889249,-60.72581188889248,0.0,,-56.530804189963476,-56.530804189963476,-56.53080418996344,0.0
2021-07-16,,-58.173242699796845,-58.173242699796845,0.0,,-61.852817039832374,-61.85281703983237,0.0,,-54.60950104212004,-54.60950104212004,0.0,,-60.72581188889248,-60.72581188889248,0.0,,-56.39890495787725,-56.39890495787725,-56.398904957877306,0.0
2021-07-17,,-58.173242699796845,-58.173242699796845,0.0,,-61.852817039832374,-61.85281703983237,0.0,,-54.60950104212004,-54.60950104212004,0.0,,-60.72581188889248,-60.72581188889248,0.0,,-56.255984675691266,-56.25598467569126,-56.25598467569131,0.0
2021-07-18,,-58.173242699796845,-58.173242699796845,0.0,,-61.85281703983237,-61.85281703983237,0.0,,-54.60950104212004,-54.60950104212004,0.0,,-60.72581188889248,-60.72581188889248,0.0,,-56.165521646747486,-56.165521646747486,-56.16552164674745,0.0
2021-07-19,,-58.17324269979684,-58.173242699796845,0.0,,-61.85281703983237,-61.85281703983237,0.0,,-54.60950104212003,-54.60950104212004,0.0,,-60.72581188889247,-60.72581188889248,0.0,,-56.07266561781143,-56.07266561781144,-56.072665617811424,0.0
2021-07-20,,-58.173242699796845,-58.173242699796845,0.0,,-61.85281703983237,-61.85281703983237,0.0,,-54.60950104212004,-54.60950104212004,0.0,,-60.72581188889248,-60.72581188889248,0.0,,-56.11706242197512,-56.11706242197512,-56.11706242197516,0.0
2021-07-21,,-58.173242699796845,-58.173242699796845,0.0,,-61.85281703983237,-61.85281703983237,0.0,,-54.60950104212004,-54.60950104212004,0.0,,-60.72581188889248,-60.72581188889248,0.0,,-55.91364097852225,-55.91364097852225,-55.91364097852241,0.0
2021-07-22,,-58.17324269979685,-58.173242699796845,0.0,,-61.852817039832374,-61.85281703983237,0.0,,-54.609501042120044,-54.60950104212004,0.0,,-60.72581188889248,-60.72581188889248,0.0,,-55.62142701924033,-55.62142701924033,-55.62142701924042,0.0
2021-07-23,,-58.17324269979684,-58.173242699796845,0.0,,-61.85281703983237,-61.85281703983237,0.0,,-54.60950104212003,-54.60950104212004,0.0,,-60.72581188889247,-60.72581188889248,0.0,,-55.44818423800323,-55.448184238003236,-55.44818423800312,0.0
2021-07-24,,-58.173242699796845,-58.173242699796845,0.0,,-61.85281703983237,-61.85281703983237,0.0,,-54.60950104212004,-54.60950104212004,0.0,,-60.72581188889248,-60.72581188889248,0.0,,-55.23614676297728,-55.23614676297728,-55.23614676297723,0.0
2021-07-25,,-58.173242699796845,-58.173242699796845,0.0,,-61.85281703983236,-61.85281703983237,0.0,,-54.60950104212004,-54.60950104212004,0.0,,-60.72581188889248,-60.72581188889248,0.0,,-55.15135152279159,-55.1513515227916,-55.151351522791686,0.0
2021-07-26,,-58.173242699796845,-58.173242699796845,0.0,,-61.852817039832374,-61.85281703983237,0.0,,-54.609501042120044,-54.60950104212004,0.0,,-60.72581188889248,-60.72581188889248,0.0,,-55.44384643380152,-55.44384643380151,-55.44384643380137,0.0
2021-07-27,,-58.173242699796845,-58.173242699796845,0.0,,-61.85281703983237,-61.85281703983237,0.0,,-54.60950104212004,-54.60950104212004,0.0,,-60.72581188889249,-60.72581188889248,0.0,,-55.52943199363314,-55.52943199363314,-55.529431993633104,0.0
2021-07-28,,-58.17324269979684,-58.173242699796845,0.0,,-61.85281703983236,-61.85281703983237,0.0,,-54.60950104212003,-54.60950104212004,0.0,,-60.725811888892466,-60.72581188889248,0.0,,-55.58414999394367,-55.584149993943676,-55.58414999394364,0.0
2021-07-29,,-58.17324269979685,-58.173242699796845,0.0,,-61.85281703983237,-61.85281703983237,0.0,,-54.60950104212004,-54.60950104212004,0.0,,-60.72581188889248,-60.72581188889248,0.0,,-55.7579557454867,-55.7579557454867,-55.75795574548682,0.0
2021-07-30,,-58.173242699796845,-58.173242699796845,0.0,,-61.85281703983237,-61.85281703983237,0.0,,-54.60950104212004,-54.60950104212004,0.0,,-60.72581188889248,-60.72581188889248,0.0,,-55.87611984404683,-55.87611984404683,-55.87611984404688,0.0
2021-07-31,,-58.173242699796845,-58.173242699796845,0.0,,-61.85281703983237,-61.85281703983237,0.0,,-54.60950104212003,-54.60950104212004,0.0,,-60.72581188889248,-60.72581188889248,0.0,,-55.90461522843825,-55.90461522843826,-55.90461522843822,0.0
2021-08-01,,-58.17324269979684,-58.173242699796845,0.0,,-61.85281703983236,-61.85281703983237,0.0,,-54.60950104212003,-54.60950104212004,0.0,,-60.72581188889247,-60.72581188889248,0.0,,-55.8184241329036,-55.81842413290361,-55.81842413290366,0.0
2021-08-02,,-58.17324269979684,-58.173242699796845,0.0,,-61.85281703983236,-61.85281703983237,0.0,,-54.60950104212003,-54.60950104212004,0.0,,-60.72581188889247,-60.72581188889248,0.0,,-55.685199505498105,-55.685199505498105,-55.68519950549816,0.0
2021-08-03,,-58.173242699796845,-58.173242699796845,0.0,,-61.852817039832374,-61.85281703983237,0.0,,-54.60950104212004,-54.60950104212004,0.0,,-60.72581188889249,-60.72581188889248,0.0,,-55.58578377340618,-55.58578377340617,-55.585783773406135,0.0
2021-08-04,,-58.173242699796845,-58.173242699796845,0.0,,-61.85281703983237,-61.85281703983237,0.0,,-54.60950104212004,-54.60950104212004,0.0,,-60.72581188889248,-60.72581188889248,0.0,,-55.26099013424767,-55.26099013424768,-55.260990134247656,0.0
2021-08-05,,-58.17324269979685,-58.173242699796845,0.0,,-61.852817039832374,-61.85281703983237,0.0,,-54.609501042120044,-54.60950104212004,0.0,,-60.72581188889248,-60.72581188889248,0.0,,-55.15625561995196,-55.15625561995196,-55.156255619952006,0.0
2021-08-06,,-58.173242699796845,-58.173242699796845,0.0,,-61.85281703983236,-61.85281703983237,0.0,,-54.60950104212003,-54.60950104212004,0.0,,-60.72581188889247,-60.72581188889248,0.0,,-55.01122523491586,-55.01122523491586,-55.011225234915855,0.0
2021-08-07,,-58.173242699796845,-58.173242699796845,0.0,,-61.852817039832374,-61.85281703983237,0.0,,-54.609501042120044,-54.60950104212004,0.0,,-60.72581188889249,-60.72581188889248,0.0,,-54.836908432690954,-54.836908432690954,-54.836908432690926,0.0
2021-08-08,,-58.17324269979685,-58.173242699796845,0.0,,-61.852817039832374,-61.85281703983237,0.0,,-54.609501042120044,-54.60950104212004,0.0,,-60.72581188889248,-60.72581188889248,0.0,,-54.99797986065747,-54.997979860657466,-54.99797986065752,0.0
2021-08-09,,-58.173242699796845,-58.173242699796845,0.0,,-61.85281703983237,-61.85281703983237,0.0,,-54.60950104212003,-54.60950104212004,0.0,,-60.72581188889248,-60.72581188889248,0.0,,-55.012180891829125,-55.01218089182913,-55.01218089182912,0.0
2021-08-10,,-58.173242699796845,-58.173242699796845,0.0,,-61.85281703983237,-61.85281703983237,0.0,,-54.60950104212004,-54.60950104212004,0.0,,-60.72581188889247,-60.72581188889248,0.0,,-55.0606836303038,-55.06068363030381,-55.060683630303814,0.0
2021-08-11,,-58.173242699796845,-58.173242699796845,0.0,,-61.85281703983237,-61.85281703983237,0.0,,-54.60950104212003,-54.60950104212004,0.0,,-60.72581188889247,-60.72581188889248,0.0,,-55.01749548899981,-55.01749548899981,-55.017495488999764,0.0
2021-08-12,,-58.173242699796845,-58.173242699796845,0.0,,-61.85281703983237,-61.85281703983237,0.0,,-54.60950104212004,-54.60950104212004,0.0,,-60.72581188889248,-60.72581188889248,0.0,,-55.17112425080095,-55.17112425080095,-55.17112425080094,0.0
2021-08-13,,-58.17324269979685,-58.173242699796845,0.0,,-61.85281703983237,-61.85281703983237,0.0,,-54.60950104212004,-54.60950104212004,0.0,,-60.72581188889248,-60.72581188889248,0.0,,-55.24489466623584,-55.24489466623584,-55.24489466623585,0.0
2021-08-14,,-58.173242699796845,-58.173242699796845,0.0,,-61.85281703983237,-61.85281703983237,0.0,,-54.60950104212004,-54.60950104212004,0.0,,-60.72581188889248,-60.72581188889248,0.0,,-55.288702290271054,-55.288702290271054,-55.288702290271004,0.0
2021-08-15,,-58.173242699796845,-58.173242699796845,0.0,,-61.852817039832374,-61.85281703983237,0.0,,-54.609501042120044,-54.60950104212004,0.0,,-60.72581188889249,-60.72581188889248,0.0,,-55.49134723589022,-55.49134723589022,-55.49134723589023,0.0
2021-08-16,,-58.173242699796845,-58.173242699796845,0.0,,-61.85281703983237,-61.85281703983237,0.0,,-54.60950104212003,-54.60950104212004,0.0,,-60.72581188889248,-60.72581188889248,0.0,,-55.739543427844374,-55.739543427844374,-55.73954342784437,0.0
2021-08-17,,-58.173242699796845,-58.173242699796845,0.0,,-61.85281703983237,-61.85281703983237,0.0,,-54.60950104212004,-54.60950104212004,0.0,,-60.72581188889249,-60.72581188889248,0.0,,-56.15633954852829,-56.15633954852828,-56.15633954852825,0.0
2021-08-18,,-58.173242699796845,-58.173242699796845,0.0,,-61.85281703983237,-61.85281703983237,0.0,,-54.60950104212004,-54.60950104212004,0.0,,-60.72581188889248,-60.72581188889248,0.0,,-56.24595937252752,-56.24595937252752,-56.24595937252748,0.0
2021-08-19,,-58.173242699796845,-58.173242699796845,0.0,,-61.85281703983237,-61.85281703983237,0.0,,-54.60950104212004,-54.60950104212004,0.0,,-60.72581188889248,-60.72581188889248,0.0,,-56.40135328630447,-56.40135328630447,-56.40135328630444,0.0
2021-08-20,,-58.173242699796845,-58.173242699796845,0.0,,-61.85281703983237,-61.85281703983237,0.0,,-54.609501042120044,-54.60950104212004,0.0,,-60.72581188889248,-60.72581188889248,0.0,,-56.733590512982545,-56.733590512982545,-56.73359051298259,0.0
2021-08-21,,-58.173242699796845,-58.173242699796845,0.0,,-61.85281703983237,-61.85281703983237,0.0,,-54.60950104212004,-54.60950104212004,0.0,,-60.72581188889248,-60.72581188889248,0.0,,-56.76263393801795,-56.76263393801795,-56.76263393801792,0.0
2021-08-22,,-58.173242699796845,-58.173242699796845,0.0,,-61.85281703983237,-61.85281703983237,0.0,,-54.60950104212004,-54.60950104212004,0.0,,-60.72581188889249,-60.72581188889248,0.0,,-56.87604829694793,-56.87604829694792,-56.87604829694791,0.0
2021-08-23,,-58.173242699796845,-58.173242699796845,0.0,,-61.85281703983237,-61.85281703983237,0.0,,-54.60950104212004,-54.60950104212004,0.0,,-60.72581188889248,-60.72581188889248,0.0,,-56.968628739752056,-56.968628739752056,-56.96862873975208,0.0
2021-08-24,,-58.173242699796845,-58.173242699796845,6.31437219929997e-07,,-61.85281703983237,-61.85281703983237,6.31437219929997e-07,,-54.609501042120044,-54.60950104212004,6.31437219929997e-07,,-60.72581188889248,-60.72581188889248,6.31437219929997e-07,,-57.009710709471584,-57.009710709471584,-57.00971070947157,6.31437219929997e-07
2021-08-25,,-58.173242699796845,-58.173242699796845,0.0,,-61.852817039832374,-61.85281703983237,0.0,,-54.60950104212004,-54.60950104212004,0.0,,-60.72581188889249,-60.72581188889248,0.0,,-56.919370174051586,-56.91937017405158,-56.919370174051664,0.0
2021-08-26,,-58.173242699796845,-58.173242699796845,0.0,,-61.85281703983237,-61.85281703983237,0.0,,-54.60950104212003,-54.60950104212004,0.0,,-60.72581188889248,-60.72581188889248,0.0,,-57.007679127426435,-57.007679127426435,-57.0076791274265,0.0
2021-08-27,,-58.173242699796845,-58.173242699796845,0.0,,-61.85281703983237,-61.85281703983237,0.0,,-54.609501042120044,-54.60950104212004,0.0,,-60.72581188889249,-60.72581188889248,0.0,,-57.007833364511875,-57.007833364511875,-57.00783336451191,0.0
2021-08-28,,-58.173242699796845,-58.173242699796845,0.0,,-61.85281703983237,-61.85281703983237,0.0,,-54.60950104212004,-54.60950104212004,0.0,,-60.72581188889248,-60.72581188889248,0.0,,-57.08285375223176,-57.08285375223176,-57.082853752231905,0.0
2021-08-29,,-58.173242699796845,-58.173242699796845,0.0,,-61.85281703983237,-61.85281703983237,0.0,,-54.60950104212004,-54.60950104212004,0.0,,-60.72581188889248,-60.72581188889248,0.0,,-57.20360050939277,-57.20360050939277,-57.20360050939264,0.0
2021-08-30,,-58.17324269979685,-58.173242699796845,7.171037970866803e-07,,-61.852817039832374,-61.85281703983237,7.171037970866803e-07,,-54.609501042120044,-54.60950104212004,7.171037970866803e-07,,-60.72581188889249,-60.72581188889248,7.171037970866803e-07,,-57.340687123284106,-57.340687123284106,-57.3406871232842,7.171037970866803e-07
2021-08-31,,-58.173242699796845,-58.173242699796845,1.632729370371398e-06,,-61.85281703983237,-61.85281703983237,1.632729370371398e-06,,-54.60950104212004,-54.60950104212004,1.632729370371398e-06,,-60.72581188889248,-60.72581188889248,1.632729370371398e-06,,-57.54236378358768,-57.54236378358768,-57.542363783587824,1.632729370371398e-06
2021-09-01,,-58.173242699796845,-58.173242699796845,1.64579863995481e-06,,-61.85281703983237,-61.85281703983237,1.64579863995481e-06,,-54.60950104212004,-54.60950104212004,1.64579863995481e-06,,-60.72581188889248,-60.72581188889248,1.64579863995481e-06,,-57.777458890245434,-57.777458890245434,-57.77745889024547,1.64579863995481e-06
2021-09-02,,-58.173242699796845,-58.173242699796845,7.655326916921555e-07,,-61.852817039832374,-61.85281703983237,7.655326916921555e-07,,-54.60950104212004,-54.60950104212004,7.655326916921555e-07,,-60.72581188889249,-60.72581188889248,7.655326916921555e-07,,-57.68746682186754,-57.68746682186754,-57.68746682186753,7.655326916921555e-07
2021-09-03,,-58.173242699796845,-58.173242699796845,0.0,,-61.85281703983236,-61.85281703983237,0.0,,-54.60950104212004,-54.60950104212004,0.0,,-60.72581188889248,-60.72581188889248,0.0,,-57.728526470906196,-57.7285264709062,-57.728526470906246,0.0
2021-09-04,,-58.17324269979685,-58.173242699796845,0.0,,-61.852817039832374,-61.85281703983237,0.0,,-54.60950104212004,-54.60950104212004,0.0,,-60.72581188889249,-60.72581188889248,0.0,,-57.61140793525988,-57.61140793525988,-57.61140793525982,0.0
2021-09-05,,-58.173242699796845,-58.173242699796845,0.0,,-61.85281703983237,-61.85281703983237,0.0,,-54.609501042120044,-54.60950104212004,0.0,,-60.72581188889249,-60.72581188889248,0.0,,-57.59590586228759,-57.59590586228758,-57.59590586228761,0.0
2021-09-06,,-58.173242699796845,-58.173242699796845,0.0,,-61.85281703983237,-61.85281703983237,0.0,,-54.609501042120044,-54.60950104212004,0.0,,-60.72581188889248,-60.72581188889248,0.0,,-57.462562197729724,-57.46256219772972,-57.46256219772971,0.0
2021-09-07,,-58.173242699796845,-58.173242699796845,0.0,,-61.85281703983237,-61.85281703983237,0.0,,-54.60950104212004,-54.60950104212004,0.0,,-60.72581188889249,-60.72581188889248,0.0,,-57.592903043012015,-57.592903043012015,-57.59290304301196,0.0
2021-09-08,,-58.173242699796845,-58.173242699796845,0.0,,-61.85281703983237,-61.85281703983237,0.0,,-54.60950104212004,-54.60950104212004,0.0,,-60.72581188889248,-60.72581188889248,0.0,,-57.814772401942,-57.814772401941994,-57.814772401942,0.0
2021-09-09,,-58.173242699796845,-58.173242699796845,0.0,,-61.85281703983237,-61.85281703983237,0.0,,-54.60950104212004,-54.60950104212004,0.0,,-60.72581188889249,-60.72581188889248,0.0,,-57.91356977429164,-57.91356977429163,-57.91356977429156,0.0
2021-09-10,,-58.173242699796845,-58.173242699796845,0.0,,-61.852817039832374,-61.85281703983237,0.0,,-54.609501042120044,-54.60950104212004,0.0,,-60.72581188889249,-60.72581188889248,0.0,,-57.92545818071438,-57.92545818071437,-57.925458180714415,0.0
2021-09-11,,-58.17324269979684,-58.173242699796845,0.0,,-61.85281703983237,-61.85281703983237,0.0,,-54.60950104212003,-54.60950104212004,0.0,,-60.72581188889247,-60.72581188889248,0.0,,-57.85086957169171,-57.85086957169172,-57.85086957169172,0.0
2021-09-12,,-58.173242699796845,-58.173242699796845,0.0,,-61.85281703983237,-61.85281703983237,0.0,,-54.60950104212004,-54.60950104212004,0.0,,-60.72581188889248,-60.72581188889248,0.0,,-57.923248034209564,-57.923248034209564,-57.923248034209564,0.0
2021-09-13,,-58.173242699796845,-58.173242699796845,0.0,,-61.85281703983237,-61.85281703983237,0.0,,-54.60950104212004,-54.60950104212004,0.0,,-60.72581188889249,-60.72581188889248,0.0,,-58.11766435464993,-58.11766435464993,-58.1176643546499,0.0
2021-09-14,,-58.173242699796845,-58.173242699796845,0.0,,-61.85281703983237,-61.85281703983237,0.0,,-54.60950104212004,-54.60950104212004,0.0,,-60.72581188889248,-60.72581188889248,0.0,,-57.974401459018665,-57.974401459018665,-57.974401459018765,0.0
2021-09-15,,-58.173242699796845,-58.173242699796845,0.0,,-61.85281703983237,-61.85281703983237,0.0,,-54.60950104212004,-54.60950104212004,0.0,,-60.72581188889248,-60.72581188889248,0.0,,-58.18802438730564,-58.18802438730564,-58.18802438730566,0.0
2021-09-16,,-58.173242699796845,-58.173242699796845,0.0,,-61.85281703983237,-61.85281703983237,0.0,,-54.60950104212004,-54.60950104212004,0.0,,-60.72581188889248,-60.72581188889248,0.0,,-58.3862210786793,-58.3862210786793,-58.386221078679455,0.0
2021-09-17,,-58.173242699796845,-58.173242699796845,0.0,,-61.85281703983236,-61.85281703983237,0.0,,-54.60950104212004,-54.60950104212004,0.0,,-60.72581188889248,-60.72581188889248,0.0,,-58.533716593748174,-58.533716593748174,-58.53371659374814,0.0
2021-09-18,,-58.17324269979684,-58.173242699796845,0.0,,-61.85281703983236,-61.85281703983237,0.0,,-54.60950104212003,-54.60950104212004,0.0,,-60.72581188889247,-60.72581188889248,0.0,,-58.63176944371583,-58.63176944371584,-58.63176944371584,0.0
2021-09-19,,-58.173242699796845,-58.173242699796845,0.0,,-61.85281703983237,-61.85281703983237,0.0,,-54.60950104212004,-54.60950104212004,0.0,,-60.72581188889248,-60.72581188889248,0.0,,-58.83045507456852,-58.83045507456852,-58.83045507456837,0.0
2021-09-20,,-58.173242699796845,-58.173242699796845,0.0,,-61.85281703983237,-61.85281703983237,0.0,,-54.60950104212004,-54.60950104212004,0.0,,-60.72581188889248,-60.72581188889248,0.0,,-59.12192917926895,-59.12192917926895,-59.12192917926883,0.0
2021-09-21,,-58.17324269979684,-58.173242699796845,0.0,,-61.85281703983236,-61.85281703983237,0.0,,-54.60950104212003,-54.60950104212004,0.0,,-60.72581188889247,-60.72581188889248,0.0,,-59.204196506230424,-59.20419650623043,-59.20419650623038,0.0
2021-09-22,,-58.173242699796845,-58.173242699796845,0.0,,-61.85281703983237,-61.85281703983237,0.0,,-54.60950104212004,-54.60950104212004,0.0,,-60.72581188889248,-60.72581188889248,0.0,,-60.5112966155974,-60.5112966155974,-60.511296615597374,0.0
2021-09-23,,-58.17324269979684,-58.173242699796845,0.0,,-61.85281703983237,-61.85281703983237,0.0,,-54.60950104212003,-54.60950104212004,0.0,,-60.72581188889247,-60.72581188889248,0.0,,-60.28710295765682,-60.28710295765683,-60.28710295765683,0.0
2021-09-24,,-58.17324269979685,-58.173242699796845,2.9442526438666923e-06,,-61.85281703983237,-61.85281703983237,2.9442526438666923e-06,,-54.60950104212004,-54.60950104212004,2.9442526438666923e-06,,-60.72581188889248,-60.72581188889248,2.9442526438666923e-06,,-60.42891380535698,-60.42891380535698,-60.42891380535701,2.9442526438666923e-06
2021-09-25,-100.0,-59.037487063416755,-58.173242699796845,1.4221665973561854e-05,-100.0,-62.64103228742323,-61.85281703983237,1.4221665973561854e-05,-100.0,-55.5473811317643,-54.60950104212004,1.4221665973561854e-05,-100.0,-61.537313853224965,-60.72581188889248,1.4221665973561854e-05,-100.0,-61.28917578915656,-60.47243850335826,-60.47243850335829,1.4221665973561854e-05
2021-09-26,10.0,-57.258985894286376,-58.173242699796845,2.0257323055976467e-05,4.856616543567505,-60.95819106591557,-61.85281703983237,2.0257323055976467e-05,10.0,-53.7430368152604,-54.60950104212004,2.0257323055976467e-05,7.259033727039066,-59.814081636458276,-60.72581188889248,2.0257323055976467e-05,7.554143742988018,-59.67208720964474,-60.585898774598526,-60.58589877459856,2.0257323055976467e-05
2021-09-27,-88.7787106271627,-58.5599368200416,-58.173242699796845,1.2961713724533505e-05,-91.43420920295198,-62.22657216245555,-61.85281703983237,1.2961713724533505e-05,-39.87522315475434,-54.42333631369248,-54.60950104212004,1.2961713724533505e-05,-91.4798354375379,-61.114382980448845,-60.72581188889248,1.2961713724533505e-05,-91.22802867449376,-60.844560977425296,-60.455759354100195,-60.455759354100266,1.2961713724533505e-05
2021-09-28,6.747818193576727,-57.377881788758465,-58.173242699796845,1.0059235997416167e-05,1.6387861219848698,-61.07496870157108,-61.85281703983237,1.0059235997416167e-05,-2.185274612491961,-53.96724135135446,-54.60950104212004,1.0059235997416167e-05,4.075833488178304,-59.9319139612455,-60.72581188889248,1.0059235997416167e-05,4.127866326226082,-59.77755294774527,-60.57018168330741,-60.57018168330728,1.0059235997416167e-05
2021-09-29,,-58.173242699796845,-58.173242699796845,8.211547889697308e-06,,-61.85281703983237,-61.85281703983237,8.211547889697308e-06,,-54.609501042120044,-54.60950104212004,8.211547889697308e-06,,-60.72581188889248,-60.72581188889248,8.211547889697308e-06,,-60.68009308963718,-60.680093089637175,-60.68009308963721,8.211547889697308e-06
2021-09-30,,-58.173242699796845,-58.173242699796845,6.574021496751321e-06,,-61.852817039832374,-61.85281703983237,6.574021496751321e-06,,-54.60950104212004,-54.60950104212004,6.574021496751321e-06,,-60.72581188889248,-60.72581188889248,6.574021496751321e-06,,-60.74578428346389,-60.74578428346389,-60.74578428346388,6.574021496751321e-06
2021-10-01,,-58.173242699796845,-58.173242699796845,4.576375792879536e-06,,-61.85281703983237,-61.85281703983237,4.576375792879536e-06,,-54.60950104212004,-54.60950104212004,4.576375792879536e-06,,-60.72581188889248,-60.72581188889248,4.576375792879536e-06,,-61.002099575410696,-61.002099575410696,-61.002099575410654,4.576375792879536e-06
2021-10-02,,-58.173242699796845,-58.173242699796845,3.541011216372252e-06,,-61.852817039832374,-61.85281703983237,3.541011216372252e-06,,-54.60950104212004,-54.60950104212004,3.541011216372252e-06,,-60.72581188889248,-60.72581188889248,3.541011216372252e-06,,-60.99289492783278,-60.99289492783277,-60.99289492783277,3.541011216372252e-06
2021-10-03,,-58.17324269972122,-58.17324269972046,3.8572975126879294e-06,,-61.85281703990941,-61.85281703991019,3.8572975126879294e-06,,-54.60950104214839,-54.60950104214868,3.8572975126879294e-06,,-60.72581188886411,-60.72581188886383,3.8572975126879294e-06,,-61.360042991360366,-61.36004299135989,-61.36004299140804,3.8572975126879294e-06
2021-10-04,,-58.17324269979684,-58.173242699796845,3.0625595094555497e-06,,-61.85281703983237,-61.85281703983237,3.0625595094555497e-06,,-54.60950104212003,-54.60950104212004,3.0625595094555497e-06,,-60.72581188889247,-60.72581188889248,3.0625595094555497e-06,,-61.28659914816814,-61.28659914816814,-61.28659914816813,3.0625595094555497e-06
2021-10-05,,-58.17324269979684,-58.173242699796845,1.3554180501731886e-06,,-61.85281703983237,-61.85281703983237,1.3554180501731886e-06,,-54.60950104212003,-54.60950104212004,1.3554180501731886e-06,,-60.72581188889248,-60.72581188889248,1.3554180501731886e-06,,-61.20927616386107,-61.20927616386107,-61.20927616386112,1.3554180501731886e-06
2021-10-06,,-58.17324269980423,-58.173242699804284,0.0,,-61.85281703984294,-61.852817039843025,0.0,,-54.60950104214922,-54.609501042149454,0.0,,-60.725811888902726,-60.725811888902804,0.0,,-61.60079794640957,-61.60079794640983,-61.60079794637764,0.0
2021-10-07,,-58.17324269977659,-58.17324269977642,0.0,,-61.85281703980913,-61.85281703980894,0.0,,-54.60950104210099,-54.60950104210083,0.0,,-60.725811888874524,-60.72581188887438,0.0,,-61.714243287543475,-61.71424328754349,-61.714243287541635,0.0
2021-10-08,,-58.1732426997909,-58.17324269979085,0.0,,-61.85281703983964,-61.85281703983969,0.0,,-54.60950104211452,-54.60950104211448,0.0,,-60.72581188888984,-60.725811888889815,0.0,,-61.828929255806756,-61.82892925580663,-61.82892925582398,0.0
2021-10-09,,-58.17324269980115,-58.17324269980118,0.0,,-61.85281703983148,-61.85281703983148,0.0,,-54.609501042116946,-54.609501042116925,0.0,,-60.7258118888949,-60.725811888894924,0.0,,-61.89206275806063,-61.89206275806058,-61.89206275806891,0.0
2021-10-10,,-58.173242699798934,-58.173242699798955,0.0,,-61.85281703983138,-61.852817039831365,0.0,,-54.60950104212037,-54.60950104212037,0.0,,-60.72581188889522,-60.72581188889525,0.0,,-62.02597550352474,-62.025975503524734,-62.02597550352516,0.0
2021-10-11,,-58.173242699797285,-58.17324269979729,0.0,,-61.85281703983225,-61.85281703983225,0.0,,-54.60950104212234,-54.60950104212237,0.0,,-60.72581188889182,-60.72581188889181,0.0,,-62.15886643108015,-62.15886643108015,-62.15886643108051,0.0
2021-10-12,,-58.17324269979563,-58.17324269979562,0.0,,-61.85281703983335,-61.85281703983336,0.0,,-54.60950104211981,-54.60950104211981,0.0,,-60.7258118888938,-60.72581188889381,0.0,,-62.19496077361089,-62.194960773610866,-62.19496077361374,0.0
2021-10-13,,-58.17324269979685,-58.173242699796845,0.0,,-61.85281703983214,-61.85281703983214,0.0,,-54.60950104211883,-54.609501042118815,0.0,,-60.72581188888973,-60.7258118888897,0.0,,-62.252273370250535,-62.25227337025052,-62.252273370251814,0.0
2021-10-14,,-58.17324269979751,-58.17324269979751,2.757032937434292e-07,,-61.85281703983137,-61.852817039831365,2.757032937434292e-07,,-54.609501042119376,-54.60950104211937,2.757032937434292e-07,,-60.7258118888927,-60.7258118888927,2.757032937434292e-07,,-62.332793341868694,-62.332793341868694,-62.332793341868665,2.757032937434292e-07
2021-10-15,,-58.17324269979718,-58.17324269979718,1.7648455281749009e-06,,-61.852817039831365,-61.852817039831365,1.7648455281749009e-06,,-54.60950104211981,-54.60950104211981,1.7648455281749009e-06,,-60.72581188889203,-60.72581188889203,1.7648455281749009e-06,,-62.30890214858676,-62.30890214858675,-62.30890214858739,1.7648455281749009e-06
2021-10-16,,-58.17324269979696,-58.17324269979696,7.903470977102886e-06,,-61.852817039832594,-61.85281703983259,7.903470977102886e-06,,-54.60950104211982,-54.60950104211981,7.903470977102886e-06,,-60.72581188889248,-60.72581188889248,7.903470977102886e-06,,-62.646704252890544,-62.64670425289054,-62.646704252890984,7.903470977102886e-06
2021-10-17,,-58.17324269979618,-58.17324269979618,6.087018607477841e-06,,-61.85281703983148,-61.85281703983148,6.087018607477841e-06,,-54.60950104211882,-54.609501042118815,6.087018607477841e-06,,-60.72581188889225,-60.72581188889225,6.087018607477841e-06,,-62.473982423941194,-62.4739824239412,-62.47398242394038,6.087018607477841e-06
2021-10-18,,-58.17324269979652,-58.17324269979651,8.417175456527538e-06,,-61.85281703983226,-61.85281703983225,8.417175456527538e-06,,-54.60950104212048,-54.60950104212048,8.417175456527538e-06,,-60.725811888891705,-60.7258118888917,8.417175456527538e-06,,-62.63598040680585,-62.63598040680585,-62.63598040680552,8.417175456527538e-06
2021-10-19,-54.57927420111031,-58.14689699248381,-58.173242699796845,1.1459445303698898e-05,-57.50338054526449,-61.8209333488915,-61.85281703983214,1.1459445303698898e-05,-28.824485113769228,-54.42048311306479,-54.6095010421197,1.1459445303698898e-05,-56.63749367123583,-60.69584233428945,-60.725811888893034,1.1459445303698898e-05,-58.239205840301736,-62.74369889370894,-62.7769630761964,-62.77696307619591,1.1459445303698898e-05
2021-10-20,-48.24788346828901,-58.098217310296356,-58.17324269979651,2.4824569820708286e-05,-52.30510725288306,-61.78064628722852,-61.85281703983225,2.4824569820708286e-05,-39.22357695194789,-54.493199463430074,-54.60950104211959,2.4824569820708286e-05,-51.07335005595448,-60.65284931980354,-60.72581188889148,2.4824569820708286e-05,-53.64069090074652,-62.97172671616106,-63.04279685527714,-63.042796855277956,2.4824569820708286e-05
2021-10-21,-44.05456527437768,-58.054329580951254,-58.17324269979696,2.167964017769256e-05,-47.99958869264997,-61.736139638740894,-61.85281703983225,2.167964017769256e-05,-26.700253589316382,-54.37443825548305,-54.609501042120144,2.167964017769256e-05,-46.814197212375454,-60.60864273490426,-60.725811888892146,2.167964017769256e-05,-49.18673412549246,-62.79188868956204,-62.9074500180361,-62.907450018036485,2.167964017769256e-05
2021-10-22,-42.78840369152348,-58.09556292498193,-58.17324269979729,1.9621889284477695e-05,-46.6773489435609,-61.77619440219603,-61.85281703983314,1.9621889284477695e-05,-22.248649239007044,-54.446107477875685,-54.60950104212081,1.9621889284477695e-05,-45.513307038434036,-60.64900224853697,-60.725811888893034,1.9621889284477695e-05,-47.655217957348505,-62.59947768476334,-62.67531584079889,-62.67531584079784,1.9621889284477695e-05
2021-10-23,-43.3702036791197,-58.08040868258455,-58.17324269979673,1.8870479057752008e-05,-47.22163211724173,-61.76106076795843,-61.85281703983214,1.8870479057752008e-05,-22.750703586183473,-54.40970557125372,-54.6095010421197,1.8870479057752008e-05,-46.06866701790457,-60.633892814887645,-60.72581188889225,1.8870479057752008e-05,-48.25435913624887,-62.80515751981346,-62.89698554445844,-62.89698554445883,1.8870479057752008e-05
2021-10-24,-46.28711056198653,-58.08842469343548,-58.17324269979696,2.245261683136605e-05,-50.09602759569343,-61.76892200734425,-61.8528170398327,2.245261683136605e-05,-28.742210106500355,-54.4249151716538,-54.60950104211981,2.245261683136605e-05,-48.951208091359334,-60.64178973532528,-60.72581188889248,2.245261683136605e-05,-51.19580869609608,-62.877548127397084,-62.96150673051204,-62.961506730511545,2.245261683136605e-05
2021-10-25,-47.0523345164835,-58.132939686711346,-58.17324269979718,2.75370162309088e-05,-50.84994185365333,-61.812941787263,-61.85281703983237,2.75370162309088e-05,-30.318454337250888,-54.52146845008047,-54.60950104212037,2.75370162309088e-05,-49.7078102979096,-60.68588181708707,-60.72581188889248,2.75370162309088e-05,-52.11644408769689,-63.111871986897626,-63.15186518832461,-63.151865188324436,2.75370162309088e-05
2021-10-26,-44.507982165391425,-58.14225171513995,-58.17324269979618,2.5663716589517652e-05,-48.33232971480128,-61.82215438146695,-61.85281703983192,2.5663716589517652e-05,-24.753111525891548,-54.54179074072749,-54.6095010421197,2.5663716589517652e-05,-47.18674721530947,-60.69510709958335,-60.725811888892146,2.5663716589517652e-05,-49.49173439160604,-62.86052988606862,-62.89091744255116,-62.89091744255146,2.5663716589517652e-05
2021-10-27,-43.897318184935365,-58.14197190151877,-58.173242699796845,2.4998985237022775e-05,-47.728211206426785,-61.82187769861383,-61.85281703983225,2.4998985237022775e-05,-23.35737299906915,-54.54104460059352,-54.60950104212048,2.4998985237022775e-05,-46.58178171942995,-60.69482999950197,-60.725811888892586,2.4998985237022775e-05,-48.94653268291926,-63.070773659435105,-63.10178011976719,-63.10178011976687,2.4998985237022775e-05
2021-10-28,-44.08760011578872,-58.13108373034086,-58.17324269979651,2.513424340466341e-05,-47.91644740925038,-61.81110485112124,-61.85281703983214,2.513424340466341e-05,-23.740685709921937,-54.517109272630854,-54.60950104211959,2.513424340466341e-05,-46.77033879202486,-60.68404252263692,-60.72581188889203,2.513424340466341e-05,-49.08639045884955,-62.92514669610383,-62.96669106768027,-62.96669106768038,2.513424340466341e-05
2021-10-29,-51.67936091796077,-58.1464897639011,-58.173242699796845,5.466476310111349e-05,-55.42744715508774,-61.82634635336061,-61.85281703983259,5.466476310111349e-05,-40.35781424773699,-54.55078816805998,-54.60950104211981,5.466476310111349e-05,-54.292124028753165,-60.69930693474056,-60.72581188889248,5.466476310111349e-05,-57.293381871159625,-63.76344545169364,-63.79021052787115,-63.79021052787111,5.466476310111349e-05
2021-10-30,-48.47742178331649,-58.05226186051961,-58.173242699796845,5.864341244535499e-05,-52.258655471078775,-61.733104668002525,-61.85281703983237,5.864341244535499e-05,-33.51630519660953,-54.34630800685157,-54.609501042120144,5.864341244535499e-05,-51.11924868094086,-60.60594477403155,-60.725811888892586,5.864341244535499e-05,-53.998516571959975,-63.30232616174193,-63.419882453395026,-63.419882453394905,5.864341244535499e-05
2021-10-31,-46.60432002101855,-57.989993328127404,-58.17324269979651,5.475023882088878e-05,-50.404533168833645,-61.67147856223165,-61.85281703983237,5.475023882088878e-05,-29.575614229203183,-54.21296938949518,-54.60950104211981,5.475023882088878e-05,-49.262580973453815,-60.54423665316166,-60.725811888892586,5.475023882088878e-05,-52.04359806702252,-63.002099040161085,-63.17847318717873,-63.17847318717834,5.475023882088878e-05
2021-11-01,-46.207657900310785,-57.89738020388282,-58.173242699796845,5.4190398238901364e-05,-50.011133604618394,-61.57981104781447,-61.8528170398327,5.4190398238901364e-05,-28.85582444073553,-54.01575876998956,-54.60950104212037,5.4190398238901364e-05,-48.86873476359077,-60.45245100057499,-60.72581188889292,5.4190398238901364e-05,-51.586373840375344,-62.938418802721706,-63.20631254525178,-63.20631254525168,5.4190398238901364e-05
2021-11-02,-45.712577414847914,-58.058449682929385,-58.17324269979651,5.364057033170366e-05,-49.521334684850316,-61.73921411177047,-61.85281703983259,5.364057033170366e-05,-27.74733579280697,-54.3620352031751,-54.60950104212004,5.364057033170366e-05,-48.37834692438037,-60.6120617221459,-60.725811888892586,5.364057033170366e-05,-51.06146391408694,-63.132142646268356,-63.24437688919693,-63.24437688919697,5.364057033170366e-05
2021-11-03,-45.197477225303764,-58.12154261995562,-58.17324269979673,5.2812633727525204e-05,-49.0119098871179,-61.80165428366744,-61.85281703983259,5.2812633727525204e-05,-26.56686097885985,-54.4977691575484,-54.609501042120144,5.2812633727525204e-05,-47.86826609154171,-60.67458283842987,-60.72581188889248,5.2812633727525204e-05,-50.558776202127675,-63.34874997168105,-63.39991364540598,-63.39991364540591,5.2812633727525204e-05
2021-11-04,-44.78616688933978,-58.039375817539664,-58.17324269979718,5.171745157241133e-05,-48.60491760984564,-61.72034188108499,-61.85281703983237,5.171745157241133e-05,-25.66177981809281,-54.32003221086926,-54.609501042120144,5.171745157241133e-05,-47.46074029882041,-60.59316501351607,-60.725811888892586,5.171745157241133e-05,-50.170920876157155,-63.33021303130919,-63.46313128703651,-63.463131287036546,5.171745157241133e-05
2021-11-05,-44.324980547272745,-58.04434477865597,-58.17324269979696,5.015988219958326e-05,-48.148575112303305,-61.72525964123545,-61.85281703983292,5.015988219958326e-05,-24.645355844593595,-54.33059846342936,-54.60950104212037,5.015988219958326e-05,-47.00381201227199,-60.59808920148874,-60.725811888892586,5.015988219958326e-05,-49.72126170587621,-63.295765430014725,-63.42330233923676,-63.42330233923657,5.015988219958326e-05
2021-11-06,-49.21964645800314,-58.10987220526788,-58.17324269979696,7.785347000321613e-05,-52.99260123878147,-61.79010746015262,-61.85281703983259,7.785347000321613e-05,-35.158995101302715,-54.47183700780118,-54.60950104212037,7.785347000321613e-05,-51.85426403741289,-60.66302210483203,-60.72581188889248,7.785347000321613e-05,-55.06827262232339,-64.17874769752886,-64.2436881531847,-64.34342969020327,7.785347000321613e-05
2021-11-07,-49.43417767801639,-58.1390978823529,-58.173242699796845,9.238222149287697e-05,-53.205025167399334,-61.81902884006002,-61.85281703983214,9.238222149287697e-05,-35.59640652669338,-54.53521407438895,-54.609501042120144,9.238222149287697e-05,-52.067115226295925,-60.69198108249477,-60.72581188889225,9.238222149287697e-05,-55.343714949925186,-64.07035637285726,-64.10458639120209,-64.04556282356457,9.238222149287697e-05
2021-11-08,-48.9714534434188,-58.10262663364426,-58.17324269979651,0.00010253588394829196,-52.74716728826523,-61.78293876428163,-61.85281703983225,0.00010253588394829196,-34.57905047520538,-54.45578402221412,-54.60950104212004,0.00010253588394829196,-51.608799655423084,-60.65584641575959,-60.72581188889225,0.00010253588394829196,-54.89394141181181,-63.95711078233219,-64.02720093991488,-63.975959039585945,0.00010253588394829196
2021-11-09,-49.87434104288235,-58.17324269979696,-58.17324269979696,0.00013771495295945125,-53.64070842754665,-61.8528170398327,-61.8528170398327,0.00013771495295945125,-36.50875538346499,-54.60950104212004,-54.60950104212004,0.00013771495295945125,-52.50364469611624,-60.725811888892586,-60.725811888892586,0.00013771495295945125,-55.97167195909347,-64.3111995015947,-64.3111995015947,-64.38080443142358,0.00013771495295945125
2021-11-10,-49.07416977940371,-58.173242699796845,-58.173242699796845,0.00015403742805677117,-52.84892387700435,-61.85281703983292,-61.85281703983292,0.00015403742805677117,-34.75527175909998,-54.60950104212037,-54.60950104212037,0.00015403742805677117,-51.7109842702258,-60.72581188889292,-60.72581188889292,0.00015403742805677117,-55.18121931779507,-64.09611195509312,-64.09611195509312,-64.09611195509251,0.00015403742805677117
2021-11-11,-47.643889252551695,-58.173242699796404,-58.173242699796404,0.00015548835323510706,-51.43363828272251,-61.85281703983214,-61.85281703983214,0.00015548835323510706,-31.62058369782983,-54.60950104211959,-54.60950104211959,0.00015548835323510706,-50.29403448555914,-60.72581188889225,-60.72581188889225,0.00015548835323510706,-53.70470903803781,-63.87148046849833,-63.87148046849833,-63.87148046849842,0.00015548835323510706
2021-11-12,-47.191944933888784,-58.17324269979651,-58.17324269979651,0.00016439707044403764,-50.98648045545862,-61.85281703983225,-61.85281703983225,0.00016439707044403764,-30.610970669977423,-54.60950104212004,-54.60950104212004,0.00016439707044403764,-49.84636663424957,-60.7258118888927,-60.7258118888927,0.00016439707044403764,-53.22212799662252,-64.04433805291099,-64.04433805291099,-64.04433805291113,0.00016439707044403764
2021-11-13,-46.59591474764746,-58.17324269979673,-58.17324269979673,0.0001690402417890331,-50.39673911721854,-61.85281703983237,-61.85281703983237,0.0001690402417890331,-29.288861667756017,-54.6095010421197,-54.6095010421197,0.0001690402417890331,-49.255933533343345,-60.725811888892586,-60.725811888892586,0.0001690402417890331,-52.64057506611475,-64.10400021019969,-64.10400021019969,-64.10400021020038,0.0001690402417890331
2021-11-14,-46.96645044080439,-58.173242699794514,-58.173242699794514,0.00018523202301844145,-50.76343663851102,-61.85281703983192,-61.85281703983192,0.00018523202301844145,-30.082382069396395,-54.60950104211837,-54.60950104211837,0.00018523202301844145,-49.62308415836658,-60.72581188889248,-60.72581188889248,0.00018523202301844145,-53.14315769702149,-64.58721654729793,-64.58721654729793,-64.58721654729746,0.00018523202301844145
2021-11-15,-46.39506207853561,-58.173242699796845,-58.173242699796845,0.00018753792951640915,-50.19805463042359,-61.85281703983237,-61.85281703983237,0.00018753792951640915,-28.823769388233387,-54.60950104212004,-54.60950104212004,0.00018753792951640915,-49.057029276688425,-60.72581188889248,-60.72581188889248,0.00018753792951640915,-52.57483399113061,-64.0427581252364,-64.0427581252364,-64.04275812523633,0.00018753792951640915
2021-11-16,-46.26885335337505,-58.173242699796845,-58.173242699796845,0.00019466699149652943,-50.07319499353391,-61.85281703983237,-61.85281703983237,0.00019466699149652943,-28.536855209308932,-54.60950104212004,-54.60950104212004,0.00019466699149652943,-48.93202473623703,-60.72581188889248,-60.72581188889248,0.00019466699149652943,-52.47420809625447,-64.2896062515963,-64.2896062515963,-64.28960625159618,0.00019466699149652943
2021-11-17,-45.76325775177603,-58.173242699796845,-58.173242699796845,0.00019518374156533575,-49.57292093827825,-61.85281703983237,-61.85281703983237,0.00019518374156533575,-27.420518482536018,-54.60950104212004,-54.60950104212004,0.00019518374156533575,-48.43115301094725,-60.72581188889248,-60.72581188889248,0.00019518374156533575,-51.9376092916155,-64.06607973834465,-64.06607973834465,-64.06607973834471,0.00019518374156533575
2021-11-18,-45.40261028118131,-58.173242699796845,-58.173242699796845,0.00019588887508975483,-49.21608097210539,-61.85281703983237,-61.85281703983237,0.00019588887508975483,-26.619652923452918,-54.60950104212004,-54.60950104212004,0.00019588887508975483,-48.07388682957037,-60.72581188889248,-60.72581188889248,0.00019588887508975483,-51.57934505749295,-64.17693118533663,-64.17693118533663,-64.17693118533668,0.00019588887508975483
2021-11-19,-45.23943101021955,-58.173242699796845,-58.173242699796845,0.0001979092547118495,-49.054638021249765,-61.85281703983237,-61.85281703983237,0.0001979092547118495,-26.251905029015752,-54.60950104212004,-54.60950104212004,0.0001979092547118495,-47.91225171265489,-60.72581188889248,-60.72581188889248,0.0001979092547118495,-51.41910407391259,-64.1883854304951,-64.1883854304951,-64.18838543049503,0.0001979092547118495
2021-11-20,-44.91587094860472,-58.173242699796845,-58.173242699796845,0.00019702600647901876,-48.73449446693867,-61.85281703983237,-61.85281703983237,0.00019702600647901876,-25.53316717788412,-54.60950104212004,-54.60950104212004,0.00019702600647901876,-47.59172489513341,-60.72581188889248,-60.72581188889248,0.00019702600647901876,-51.08881177364122,-64.13203631749187,-64.13203631749187,-64.13203631749184,0.00019702600647901876
2021-11-21,-45.18320962928313,-58.173242699796845,-58.173242699796845,0.0002042262660305761,-48.99905409054994,-61.85281703983237,-61.85281703983237,0.0002042262660305761,-26.109595595026903,-54.60950104212004,-54.60950104212004,0.0002042262660305761,-47.85660361248234,-60.72581188889248,-60.72581188889248,0.0002042262660305761,-51.40606720654528,-64.39164362737971,-64.39164362737971,-64.39164362737975,0.0002042262660305761
2021-11-22,-45.026137164785204,-58.173242699796845,-58.173242699796845,0.00020599806927985026,-48.84364393362861,-61.85281703983237,-61.85281703983237,0.00020599806927985026,-25.759119938115195,-54.60950104212004,-54.60950104212004,0.00020599806927985026,-47.701007662678705,-60.72581188889248,-60.72581188889248,0.00020599806927985026,-51.27933377009608,-64.35018327954867,-64.35018327954867,-64.3501832795487,0.00020599806927985026
2021-11-23,-44.76256174545401,-58.173242699796845,-58.173242699796845,0.000205485119273708,-48.582848040178874,-61.85281703983237,-61.85281703983237,0.000205485119273708,-25.17500657323857,-54.60950104212004,-54.60950104212004,0.000205485119273708,-47.43989912571156,-60.72581188889248,-60.72581188889248,0.000205485119273708,-51.05145655239085,-64.40484374573197,-64.40484374573197,-64.40484374573191,0.000205485119273708
2021-11-24,-44.911744156416525,-58.173242699796845,-58.173242699796845,0.0002102177404071992,-48.73047962943866,-61.85281703983237,-61.85281703983237,0.0002102177404071992,-25.49665383914035,-54.60950104212004,-54.60950104212004,0.0002102177404071992,-47.58770857723205,-60.72581188889248,-60.72581188889248,0.0002102177404071992,-51.23116436528108,-64.43888304853107,-64.43888304853107,-64.43888304853094,0.0002102177404071992
2021-11-25,-44.89451165213354,-58.173242699796845,-58.173242699796845,0.00021305122925628083,-48.713437394258264,-61.85281703983237,-61.85281703983237,0.00021305122925628083,-25.45500868508832,-54.60950104212004,-54.60950104212004,0.00021305122925628083,-47.57064628014196,-60.72581188889248,-60.72581188889248,0.00021305122925628083,-51.23200515728365,-64.40083338429359,-64.40083338429359,-64.40083338429352,0.00021305122925628083
2021-11-26,-44.71599224386058,-58.173242699796845,-58.173242699796845,0.00021338438888074564,-48.536799537080675,-61.85281703983237,-61.85281703983237,0.00021338438888074564,-25.05976775929053,-54.60950104212004,-54.60950104212004,0.00021338438888074564,-47.393796545843855,-60.72581188889248,-60.72581188889248,0.00021338438888074564,-51.13166073561348,-64.68751178020472,-64.68751178020472,-64.68751178020467,0.00021338438888074564
2021-11-27,-44.361787041482856,-58.173242699796845,-58.173242699796845,0.00021020253227218078,-48.18632098994735,-61.85281703983237,-61.85281703983237,0.00021020253227218078,-24.27826212343853,-54.60950104212004,-54.60950104212004,0.00021020253227218078,-47.0428971802882,-60.72581188889248,-60.72581188889248,0.00021020253227218078,-50.81502333546051,-64.58936938748062,-64.58936938748062,-64.58936938748063,0.00021020253227218078
2021-11-28,-44.677322966690355,-58.173242699796845,-58.173242699796845,0.00021632669919654973,-48.49855845244444,-61.85281703983237,-61.85281703983237,0.00021632669919654973,-24.96592337912351,-54.60950104212004,-54.60950104212004,0.00021632669919654973,-47.355509941898966,-60.72581188889248,-60.72581188889248,0.00021632669919654973,-51.18917889891905,-64.73565747234589,-64.73565747234589,-64.73565747234599,0.00021632669919654973
2021-11-29,-44.77457097024706,-58.173242699796845,-58.173242699796845,0.0002201723007932272,-48.59479091407726,-61.85281703983237,-61.85281703983237,0.0002201723007932272,-25.177393166536554,-54.60950104212004,-54.60950104212004,0.0002201723007932272,-47.4518581671356,-60.72581188889248,-60.72581188889248,0.0002201723007932272,-51.33974246274731,-64.76424395760527,-64.76424395760527,-64.76424395760523,0.0002201723007932272
2021-11-30,-44.775781470992925,-58.173242699796845,-58.173242699796845,0.00022273578858659604,-48.59599100938983,-61.85281703983237,-61.85281703983237,0.00022273578858659604,-25.179078659915533,-54.60950104212004,-54.60950104212004,0.00022273578858659604,-47.453059823170385,-60.72581188889248,-60.72581188889248,0.00022273578858659604,-51.365235733395465,-64.68085664763323,-64.68085664763323,-64.68085664763328,0.00022273578858659604
2021-12-01,-44.611181371183136,-58.173242699796845,-58.173242699796845,0.00022272046857274133,-48.433120691582346,-61.85281703983237,-61.85281703983237,0.00022272046857274133,-24.81667001280785,-54.60950104212004,-54.60950104212004,0.00022272046857274133,-47.28999394376909,-60.72581188889248,-60.72581188889248,0.00022272046857274133,-51.22882190402645,-64.71239489127711,-64.71239489127711,-64.71239489127711,0.00022272046857274133
2021-12-02,-44.38893472891381,-58.173242699796845,-58.173242699796845,0.00022110157407588386,-48.213211478334685,-61.85281703983237,-61.85281703983237,0.00022110157407588386,-24.326651546311307,-54.60950104212004,-54.60950104212004,0.00022110157407588386,-47.06982062094212,-60.72581188889248,-60.72581188889248,0.00022110157407588386,-51.06056389888825,-64.88947861123351,-64.88947861123351,-64.88947861123353,0.00022110157407588386
2021-12-03,-44.30202330106159,-58.173242699796845,-58.173242699796845,0.00022084663140883672,-48.12721905481487,-61.85281703983237,-61.85281703983237,0.00022084663140883672,-24.133069511607317,-54.60950104212004,-54.60950104212004,0.00022084663140883672,-46.98372494522574,-60.72581188889248,-60.72581188889248,0.00022084663140883672,-51.007931857695034,-64.86162831084941,-64.86162831084941,-64.86162831084941,0.00022084663140883672
2021-12-04,-44.82193287777436,-58.173242699796845,-58.173242699796845,0.00023032397308194984,-48.64167674934106,-61.85281703983237,-61.85281703983237,0.00023032397308194984,-25.272901071226485,-54.60950104212004,-54.60950104212004,0.00023032397308194984,-47.4988007124314,-60.72581188889248,-60.72581188889248,0.00023032397308194984,-51.565973370536035,-64.93145512874199,-64.93145512874199,-64.93145512874206,0.00023032397308194984
2021-12-05,-45.03029494638477,-58.173242699796845,-58.173242699796845,0.0002364443624121057,-48.8478489978873,-61.85281703983237,-61.85281703983237,0.0002364443624121057,-25.73160054842505,-54.60950104212004,-54.60950104212004,0.0002364443624121057,-47.705220677549455,-60.72581188889248,-60.72581188889248,0.0002364443624121057,-51.81078614162726,-64.94770066249755,-64.94770066249755,-64.9477006624974,0.0002364443624121057
2021-12-06,-45.29271722943528,-58.173242699796845,-58.173242699796845,0.00024468092934178885,-49.10751084661602,-61.85281703983237,-61.85281703983237,0.00024468092934178885,-26.31029443695376,-54.60950104212004,-54.60950104212004,0.00024468092934178885,-47.965194496102036,-60.72581188889248,-60.72581188889248,0.00024468092934178885,-52.0828172169725,-64.84013944331912,-64.84013944331912,-64.84013944331926,0.00024468092934178885
2021-12-07,-45.145042771642665,-58.173242699796845,-58.173242699796845,0.00024673987672783914,-48.96137675724144,-61.85281703983237,-61.85281703983237,0.00024673987672783914,-25.9897112259041,-54.60950104212004,-54.60950104212004,0.00024673987672783914,-47.81888488261665,-60.72581188889248,-60.72581188889248,0.00024673987672783914,-51.97186582644942,-64.96059288357236,-64.96059288357236,-64.9605928835723,0.00024673987672783914
2021-12-08,-44.780437252561086,-58.173242699796845,-58.173242699796845,0.00024401922234497587,-48.600593635165446,-61.85281703983237,-61.85281703983237,0.00024401922234497587,-25.190694398574244,-54.60950104212004,-54.60950104212004,0.00024401922234497587,-47.45766836795795,-60.72581188889248,-60.72581188889248,0.00024401922234497587,-51.659386269463425,-65.09133112093424,-65.09133112093424,-65.09133112093429,0.00024401922234497587
2021-12-09,-44.58134375502798,-58.173242699796845,-58.173242699796845,0.00024279236304991647,-48.40359219470414,-61.85281703983237,-61.85281703983237,0.00024279236304991647,-24.752499592168743,-54.60950104212004,-54.60950104212004,0.00024279236304991647,-47.26043028222149,-60.72581188889248,-60.72581188889248,0.00024279236304991647,-51.47047829644258,-64.9168520505532,-64.9168520505532,-64.9168520505532,0.00024279236304991647
2021-12-10,-44.61324286681179,-58.173242699796845,-58.173242699796845,0.0002451901868289204,-48.43516143701954,-61.85281703983237,-61.85281703983237,0.0002451901868289204,-24.820619124457544,-54.60950104212004,-54.60950104212004,0.0002451901868289204,-47.29203746251409,-60.72581188889248,-60.72581188889248,0.0002451901868289204,-51.49741360656024,-64.85010478135578,-64.85010478135578,-64.85010478135578,0.0002451901868289204
2021-12-11,-44.0714895903096,-58.173242699796845,-58.173242699796845,0.00023788712115748083,-47.89909944272996,-61.85281703983237,-61.85281703983237,0.00023788712115748083,-23.62878980463656,-54.60950104212004,-54.60950104212004,0.00023788712115748083,-46.75533150233846,-60.72581188889248,-60.72581188889248,0.00023788712115748083,-50.970324520713596,-64.91668225062864,-64.91668225062864,-64.91668225062867,0.00023788712115748083
2021-12-12,-43.86705089662346,-58.173242699796845,-58.173242699796845,0.00023480672950852238,-47.696818422551246,-61.85281703983237,-61.85281703983237,0.00023480672950852238,-23.17511187814858,-54.60950104212004,-54.60950104212004,0.00023480672950852238,-46.55280748832369,-60.72581188889248,-60.72581188889248,0.00023480672950852238,-50.78544593946255,-64.98954801084378,-64.98954801084378,-64.9895480108438,0.00023480672950852238
2021-12-13,-44.72867571952999,-58.173242699796845,-58.173242699796845,0.0002496410872593341,-48.54940833152111,-61.85281703983237,-61.85281703983237,0.0002496410872593341,-25.06405667338052,-54.60950104212004,-54.60950104212004,0.0002496410872593341,-47.40642163091291,-60.72581188889248,-60.72581188889248,0.0002496410872593341,-51.73172168617035,-65.38380112576303,-65.38380112576303,-65.38380112576306,0.0002496410872593341
2021-12-14,-45.26654724601731,-58.173242699796845,-58.173242699796845,0.0002620904858965685,-49.081630539857926,-61.85281703983237,-61.85281703983237,0.0002620904858965685,-26.24685225492851,-54.60950104212004,-54.60950104212004,0.0002620904858965685,-47.93928320959529,-60.72581188889248,-60.72581188889248,0.0002620904858965685,-52.30452554721954,-65.22713188547036,-65.22713188547036,-65.22713188547021,0.0002620904858965685
2021-12-15,-45.58288356318785,-58.173242699796845,-58.173242699796845,0.00027266903355729476,-49.394636345925555,-61.85281703983237,-61.85281703983237,0.00027266903355729476,-26.945618775548354,-54.60950104212004,-54.60950104212004,0.00027266903355729476,-48.25266503812087,-60.72581188889248,-60.72581188889248,0.00027266903355729476,-52.65822025643152,-65.26289730663548,-65.26289730663548,-65.26289730663545,0.00027266903355729476
2021-12-16,-45.52107690402263,-58.173242699796845,-58.173242699796845,0.0002762519143320999,-49.333466634648104,-61.85281703983237,-61.85281703983237,0.0002762519143320999,-26.814486027374684,-54.60950104212004,-54.60950104212004,0.0002762519143320999,-48.1914218469629,-60.72581188889248,-60.72581188889248,0.0002762519143320999,-52.58161461045774,-64.97140034492988,-64.97140034492988,-64.97140034492992,0.0002762519143320999
2021-12-17,-45.82648040307091,-58.173242699796845,-58.173242699796845,0.00028843793093972787,-49.63565440057338,-61.85281703983237,-61.85281703983237,0.00028843793093972787,-27.489255885480567,-54.60950104212004,-54.60950104212004,0.00028843793093972787,-48.49397263803512,-60.72581188889248,-60.72581188889248,0.00028843793093972787,-52.91524850360396,-65.22872704070859,-65.22872704070859,-65.22872704070859,0.00028843793093972787
2021-12-18,-45.6270255719925,-58.173242699796845,-58.173242699796845,0.0002902181945643342,-49.43828063030953,-61.85281703983237,-61.85281703983237,0.0002902181945643342,-27.05608096547718,-54.60950104212004,-54.60950104212004,0.0002902181945643342,-48.296361763486615,-60.72581188889248,-60.72581188889248,0.0002902181945643342,-52.69748484147752,-64.95442664104046,-64.95442664104046,-64.95442664104041,0.0002902181945643342
2021-12-19,-45.86468528867738,-58.173242699796845,-58.173242699796845,0.00030132804986517754,-49.67343899792975,-61.85281703983237,-61.85281703983237,0.00030132804986517754,-27.58076999560877,-54.60950104212004,-54.60950104212004,0.00030132804986517754,-48.53180263166035,-60.72581188889248,-60.72581188889248,0.00030132804986517754,-52.95360641808755,-65.19518536128265,-65.19518536128265,-65.1951853612826,0.00030132804986517754
2021-12-20,-46.281685799291374,-58.173242699796845,-58.173242699796845,0.00031793368205914945,-50.08605514823372,-61.85281703983237,-61.85281703983237,0.00031793368205914945,-28.499597172374603,-54.60950104212004,-54.60950104212004,0.00031793368205914945,-48.944914463793566,-60.72581188889248,-60.72581188889248,0.00031793368205914945,-53.398679808615015,-65.28783462669652,-65.28783462669652,-65.28783462669658,0.00031793368205914945
2021-12-21,-46.44879123527268,-58.173242699796845,-58.173242699796845,0.00033023819353255815,-50.251395285412116,-61.85281703983237,-61.85281703983237,0.00033023819353255815,-28.871090133881673,-54.60950104212004,-54.60950104212004,0.00033023819353255815,-49.1104532272596,-60.72581188889248,-60.72581188889248,0.00033023819353255815,-53.57846154084855,-65.21976853125922,-65.21976853125922,-65.2197685312592,0.00033023819353255815
2021-12-22,-46.52148478722229,-58.173242699796845,-58.173242699796845,0.0003404982400987809,-50.32331475873863,-61.85281703983237,-61.85281703983237,0.0003404982400987809,-29.03512417614207,-54.60950104212004,-54.60950104212004,0.0003404982400987809,-49.18245909937513,-60.72581188889248,-60.72581188889248,0.0003404982400987809,-53.65497449055767,-65.17284550866876,-65.17284550866876,-65.17284550866871,0.0003404982400987809
2021-12-23,-47.28214670352826,-58.173242699796845,-58.173242699796845,0.0003730012448209958,-51.07598617733811,-61.85281703983237,-61.85281703983237,0.0003730012448209958,-30.7083671331011,-54.60950104212004,-54.60950104212004,0.0003730012448209958,-49.93603471071217,-60.72581188889248,-60.72581188889248,0.0003730012448209958,-54.47353791681386,-65.50908303008929,-65.50908303008929,-65.50908303008927,0.0003730012448209958
2021-12-24,-47.318155243244675,-58.173242699796845,-58.173242699796845,0.00038628021733151495,-51.11160111053792,-61.85281703983237,-61.85281703983237,0.00038628021733151495,-30.793625734002127,-54.60950104212004,-54.60950104212004,0.00038628021733151495,-49.97169242929655,-60.72581188889248,-60.72581188889248,0.00038628021733151495,-54.506893132379886,-65.1962778381855,-65.1962778381855,-65.19627783818551,0.00038628021733151495
2021-12-25,-47.545306959113965,-58.173242699796845,-58.173242699796845,0.0004053406878666744,-51.3363583173484,-61.85281703983237,-61.85281703983237,0.0004053406878666744,-31.296594711710533,-54.60950104212004,-54.60950104212004,0.0004053406878666744,-50.19671963976968,-60.72581188889248,-60.72581188889248,0.0004053406878666744,-54.74219252820245,-65.29534456858622,-65.29534456858622,-65.29534456858623,0.0004053406878666744
2021-12-26,-48.00462013337459,-58.173242699796845,-58.173242699796845,0.0004353453329053825,-51.79084270517586,-61.85281703983237,-61.85281703983237,0.0004353453329053825,-32.30847575110052,-54.60950104212004,-54.60950104212004,0.0004353453329053825,-50.65175000468414,-60.72581188889248,-60.72581188889248,0.0004353453329053825,-55.22190514266268,-65.40475827072089,-65.40475827072089,-65.40475827072085,0.0004353453329053825
2021-12-27,-48.32618569237579,-58.173242699796845,-58.173242699796845,0.0004633713627597931,-52.10902306681464,-61.85281703983237,-61.85281703983237,0.0004633713627597931,-33.01869042516525,-54.60950104212004,-54.60950104212004,0.0004633713627597931,-50.97031259994156,-60.72581188889248,-60.72581188889248,0.0004633713627597931,-55.55380830520884,-65.35848558954326,-65.35848558954326,-65.35848558954328,0.0004633713627597931
2021-12-28,-48.64409814396309,-58.173242699796845,-58.173242699796845,0.0004918679547841497,-52.42359084315184,-61.85281703983237,-61.85281703983237,0.0004918679547841497,-33.720021626071464,-54.60950104212004,-54.60950104212004,0.0004918679547841497,-51.28525826993724,-60.72581188889248,-60.72581188889248,0.0004918679547841497,-55.868868087049826,-65.27622220907591,-65.27622220907591,-65.27622220907581,0.0004918679547841497
2021-12-29,-49.09034943362389,-58.173242699796845,-58.173242699796845,0.0005260884229775887,-52.865155455825374,-61.85281703983237,-61.85281703983237,0.0005260884229775887,-34.70123165631589,-54.60950104212004,-54.60950104212004,0.0005260884229775887,-51.727353338692716,-60.72581188889248,-60.72581188889248,0.0005260884229775887,-56.31473127774922,-65.32135549149265,-65.32135549149265,-65.32135549149271,0.0005260884229775887
2021-12-30,-49.71886099339273,-58.173242699796845,-58.173242699796845,0.0005719606314673205,-53.48707268792341,-61.85281703983237,-61.85281703983237,0.0005719606314673205,-36.08062457766192,-54.60950104212004,-54.60950104212004,0.0005719606314673205,-52.350017686155766,-60.72581188889248,-60.72581188889248,0.0005719606314673205,-56.94624703970486,-65.38835882425298,-65.38835882425298,-65.38835882425302,0.0005719606314673205
2021-12-31,-50.44351122207213,-58.173242699796845,-58.173242699796845,0.0006281299909731929,-54.204123980109095,-61.85281703983237,-61.85281703983237,0.0006281299909731929,-37.669405772234214,-54.60950104212004,-54.60950104212004,0.0006281299909731929,-53.067930379121165,-60.72581188889248,-60.72581188889248,0.0006281299909731929,-57.68321290274103,-65.51876905565068,-65.51876905565068,-65.51876905565065,0.0006281299909731929
2022-01-01,-51.13449729603525,-58.173242699796845,-58.173242699796845,0.0006902659813596996,-54.88786549963043,-61.85281703983237,-61.85281703983237,0.0006902659813596996,-39.183840392695735,-54.60950104212004,-54.60950104212004,0.0006902659813596996,-53.7524932840443,-60.72581188889248,-60.72581188889248,0.0006902659813596996,-58.379723202405366,-65.47214754214347,-65.47214754214347,-65.47214754214343,0.0006902659813596996
2022-01-02,-51.66553571504018,-58.173242699796845,-58.173242699796845,0.000746625929477352,-55.413336520715674,-61.85281703983237,-61.85281703983237,0.000746625929477352,-40.34763664848462,-54.60950104212004,-54.60950104212004,0.000746625929477352,-54.27859555862469,-60.72581188889248,-60.72581188889248,0.000746625929477352,-58.91853872755781,-65.52133168533203,-65.52133168533203,-65.52133168533209,0.000746625929477352
2022-01-03,-52.17293482789964,-58.173242699796845,-58.173242699796845,0.0008097631103804927,-55.91541608695394,-61.85281703983237,-61.85281703983237,0.0008097631103804927,-41.45961946587195,-54.60950104212004,-54.60950104212004,0.0008097631103804927,-54.78127827797397,-60.72581188889248,-60.72581188889248,0.0008097631103804927,-59.445208894525315,-65.67340093309748,-65.67340093309748,-65.67340093309734,0.0008097631103804927
2022-01-04,-52.59067663097217,-58.173242699796845,-58.173242699796845,0.0008703574587245822,-56.32877830645167,-61.85281703983237,-61.85281703983237,0.0008703574587245822,-42.37511503142643,-54.60950104212004,-54.60950104212004,0.0008703574587245822,-55.195137073563274,-60.72581188889248,-60.72581188889248,0.0008703574587245822,-59.8802264745465,-65.69366034584378,-65.69366034584378,-65.69366034584367,0.0008703574587245822
2022-01-05,-52.94663820956336,-58.173242699796845,-58.173242699796845,0.0009296337662642584,-56.68100800216702,-61.85281703983237,-61.85281703983237,0.0009296337662642584,-43.15521710344861,-54.60950104212004,-54.60950104212004,0.0009296337662642584,-55.54778990626896,-60.72581188889248,-60.72581188889248,0.0009296337662642584,-60.24621312092526,-65.62001626230352,-65.62001626230352,-65.62001626230337,0.0009296337662642584
2022-01-06,-53.24763616307382,-58.173242699796845,-58.173242699796845,0.0009864425793665783,-56.978850308619265,-61.85281703983237,-61.85281703983237,0.0009864425793665783,-43.81486449611294,-54.60950104212004,-54.60950104212004,0.0009864425793665783,-55.84599001360735,-60.72581188889248,-60.72581188889248,0.0009864425793665783,-60.5561331059864,-65.6277420205127,-65.6277420205127,-65.62774202051264,0.0009864425793665783
2022-01-07,-53.54347911189772,-58.173242699796845,-58.173242699796845,0.0010494764850908396,-57.2715916551888,-61.85281703983237,-61.85281703983237,0.0010494764850908396,-44.46321451827651,-54.60950104212004,-54.60950104212004,0.0010494764850908396,-56.13908303322979,-60.72581188889248,-60.72581188889248,0.0010494764850908396,-60.86795886139662,-65.74784372566667,-65.74784372566667,-65.74784372566663,0.0010494764850908396
2022-01-08,-53.77939294134693,-58.173242699796845,-58.173242699796845,0.0011058247969643745,-57.50503217618763,-61.85281703983237,-61.85281703983237,0.0011058247969643745,-44.98022780914612,-54.60950104212004,-54.60950104212004,0.0011058247969643745,-56.37280398861777,-60.72581188889248,-60.72581188889248,0.0011058247969643745,-61.11528002406119,-65.72158917249715,-65.72158917249715,-65.72158917249715,0.0011058247969643745
2022-01-09,-54.0043757794868,-58.173242699796845,-58.173242699796845,0.0011655032674126615,-57.72765630582788,-61.85281703983237,-61.85281703983237,0.0011655032674126615,-45.47328545569229,-54.60950104212004,-54.60950104212004,0.0011655032674126615,-56.59569555880994,-60.72581188889248,-60.72581188889248,0.0011655032674126615,-61.353868840878455,-65.77485061090727,-65.77485061090727,-65.77485061090727,0.0011655032674126615
2022-01-10,-54.1616160225441,-58.173242699796845,-58.173242699796845,0.0012111864856670697,-57.8832480502669,-61.85281703983237,-61.85281703983237,0.0012111864856670697,-45.8178828695448,-54.60950104212004,-54.60950104212004,0.0012111864856670697,-56.75147421713878,-60.72581188889248,-60.72581188889248,0.0012111864856670697,-61.51609557659343,-65.65494125695659,-65.65494125695659,-65.65494125695656,0.0012111864856670697
2022-01-11,-54.324204059435274,-58.173242699796845,-58.173242699796845,0.0012623484643878274,-58.04413152254418,-61.85281703983237,-61.85281703983237,0.0012623484643878274,-46.174200157960584,-54.60950104212004,-54.60950104212004,0.0012623484643878274,-56.91255096031034,-60.72581188889248,-60.72581188889248,0.0012623484643878274,-61.68778071914704,-65.75218029184005,-65.75218029184005,-65.75218029184009,0.0012623484643878274
2022-01-12,-54.45761676386329,-58.173242699796845,-58.173242699796845,0.0013076741579501616,-58.17614553504302,-61.85281703983237,-61.85281703983237,0.0013076741579501616,-46.466578699401516,-54.60950104212004,-54.60950104212004,0.0013076741579501616,-57.04472356253809,-60.72581188889248,-60.72581188889248,0.0013076741579501616,-61.83011075418732,-65.79408983643332,-65.79408983643332,-65.7940898364332,0.0013076741579501616
2022-01-13,-54.58757663748137,-58.173242699796845,-58.173242699796845,0.001355069862220206,-58.304742916032495,-61.85281703983237,-61.85281703983237,0.001355069862220206,-46.75139024307884,-54.60950104212004,-54.60950104212004,0.001355069862220206,-57.17347542882345,-60.72581188889248,-60.72581188889248,0.001355069862220206,-61.96946294620487,-65.81426835972626,-65.81426835972626,-65.81426835972621,0.001355069862220206
2022-01-14,-54.736193755220874,-58.173242699796845,-58.173242699796845,0.001413662736661695,-58.45180193955601,-61.85281703983237,-61.85281703983237,0.001413662736661695,-47.07708978049663,-54.60950104212004,-54.60950104212004,0.001413662736661695,-57.320711115795284,-60.72581188889248,-60.72581188889248,0.001413662736661695,-62.1339860709299,-65.93889119084784,-65.93889119084784,-65.93889119084798,0.001413662736661695
2022-01-15,-54.86016988762732,-58.173242699796845,-58.173242699796845,0.0014665624006759603,-58.57447831256901,-61.85281703983237,-61.85281703983237,0.0014665624006759603,-47.34878774900686,-54.60950104212004,-54.60950104212004,0.0014665624006759603,-57.44353486113929,-60.72581188889248,-60.72581188889248,0.0014665624006759603,-62.27087540222187,-65.92903373459879,-65.92903373459879,-65.9290337345988,0.0014665624006759603
2022-01-16,-54.96064514468746,-58.173242699796845,-58.173242699796845,0.00151242971884293,-58.67390019220365,-61.85281703983237,-61.85281703983237,0.00151242971884293,-47.56898273895271,-54.60950104212004,-54.60950104212004,0.00151242971884293,-57.543076177253624,-60.72581188889248,-60.72581188889248,0.00151242971884293,-62.380021118275785,-65.86984807473772,-65.86984807473772,-65.86984807473769,0.00151242971884293
2022-01-17,-55.07482440947564,-58.173242699796845,-58.173242699796845,0.0015681639990983544,-58.786882407454335,-61.85281703983237,-61.85281703983237,0.0015681639990983544,-47.81921053430938,-54.60950104212004,-54.60950104212004,0.0015681639990983544,-57.656194119148466,-60.72581188889248,-60.72581188889248,0.0015681639990983544,-62.50990799717282,-66.03457494956322,-66.03457494956322,-66.03457494956324,0.0015681639990983544
2022-01-18,-55.15615362866988,-58.173242699796845,-58.173242699796845,0.0016104357221427821,-58.86735897529882,-61.85281703983237,-61.85281703983237,0.0016104357221427821,-47.99744632217151,-54.60950104212004,-54.60950104212004,0.0016104357221427821,-57.73676736428368,-60.72581188889248,-60.72581188889248,0.0016104357221427821,-62.59828415666302,-65.8767952205641,-65.8767952205641,-65.87679522056408,0.0016104357221427821
2022-01-19,-55.23509029930773,-58.173242699796845,-58.173242699796845,0.0016537018352827731,-58.94546807794276,-61.85281703983237,-61.85281703983237,0.0016537018352827731,-48.17043875738403,-54.60950104212004,-54.60950104212004,0.0016537018352827731,-57.81497030015947,-60.72581188889248,-60.72581188889248,0.0016537018352827731,-62.684487973807656,-65.89313549121722,-65.89313549121722,-65.89313549121732,0.0016537018352827731
2022-01-20,-55.32519973769156,-58.173242699796845,-58.173242699796845,0.0017060234279042828,-59.03463281361088,-61.85281703983237,-61.85281703983237,0.0017060234279042828,-48.3679166983173,-54.60950104212004,-54.60950104212004,0.0017060234279042828,-57.904242150299545,-60.72581188889248,-60.72581188889248,0.0017060234279042828,-62.78765543918063,-66.04841678608531,-66.04841678608531,-66.04841678608521,0.0017060234279042828
2022-01-21,-55.41158457533901,-58.173242699796845,-58.173242699796845,0.0017593879466827737,-59.12011199706513,-61.85281703983237,-61.85281703983237,0.0017593879466827737,-48.557232048323186,-54.60950104212004,-54.60950104212004,0.0017593879466827737,-57.98982402073571,-60.72581188889248,-60.72581188889248,0.0017593879466827737,-62.888497123280594,-66.11232972819425,-66.11232972819425,-66.11232972819431,0.0017593879466827737
2022-01-22,-55.477053067451656,-58.173242699796845,-58.173242699796845,0.001802109153874144,-59.1848941208748,-61.85281703983237,-61.85281703983237,0.001802109153874144,-48.7007085059541,-54.60950104212004,-54.60950104212004,0.001802109153874144,-58.05468396794655,-60.72581188889248,-60.72581188889248,0.001802109153874144,-62.96215686567286,-65.99568684857726,-65.99568684857726,-65.9956868485773,0.001802109153874144
2022-01-23,-55.55249842441634,-58.173242699796845,-58.173242699796845,0.0018539878395133949,-59.259548512598734,-61.85281703983237,-61.85281703983237,0.0018539878395133949,-48.86604960688135,-54.60950104212004,-54.60950104212004,0.0018539878395133949,-58.129428042723916,-60.72581188889248,-60.72581188889248,0.0018539878395133949,-63.05142449409396,-66.15231281345035,-66.15231281345035,-66.15231281345041,0.0018539878395133949
2022-01-24,-55.610947049204775,-58.173242699796845,-58.173242699796845,0.0018962792275383556,-59.317384365011996,-61.85281703983237,-61.85281703983237,0.0018962792275383556,-48.9941417832459,-54.60950104212004,-54.60950104212004,0.0018962792275383556,-58.18733337391446,-60.72581188889248,-60.72581188889248,0.0018962792275383556,-63.11932067603265,-66.09578235162216,-66.09578235162216,-66.09578235162212,0.0018962792275383556
2022-01-25,-55.66178033098612,-58.173242699796845,-58.173242699796845,0.0019346608881624188,-59.367684713282685,-61.85281703983237,-61.85281703983237,0.0019346608881624188,-49.10554467285577,-54.60950104212004,-54.60950104212004,0.0019346608881624188,-58.23769414848723,-60.72581188889248,-60.72581188889248,0.0019346608881624188,-63.177727737071756,-66.06337923804972,-66.06337923804972,-66.06337923804956,0.0019346608881624188
2022-01-26,-55.71878473027236,-58.173242699796845,-58.173242699796845,0.0019795930822033817,-59.42409148137961,-61.85281703983237,-61.85281703983237,0.0019795930822033817,-49.23047177923934,-54.60950104212004,-54.60950104212004,0.0019795930822033817,-58.29416867858805,-60.72581188889248,-60.72581188889248,0.0019795930822033817,-63.246995797933806,-66.22949444971282,-66.22949444971282,-66.22949444971292,0.0019795930822033817
2022-01-27,-55.76653620090133,-58.173242699796845,-58.173242699796845,0.0020188701942921313,-59.47134232804696,-61.85281703983237,-61.85281703983237,0.0020188701942921313,-49.33512077345603,-54.60950104212004,-54.60950104212004,0.0020188701942921313,-58.341476288161445,-60.72581188889248,-60.72581188889248,0.0020188701942921313,-63.30273915226891,-66.11224200908295,-66.11224200908295,-66.11224200908293,0.0020188701942921313
2022-01-28,-55.8093993808133,-58.173242699796845,-58.173242699796845,0.0020554780335944054,-59.51375613258614,-61.85281703983237,-61.85281703983237,0.0020554780335944054,-49.42905691003274,-54.60950104212004,-54.60950104212004,0.0020554780335944054,-58.38394104482014,-60.72581188889248,-60.72581188889248,0.0020554780335944054,-63.35217281582439,-66.07836894892105,-66.07836894892105,-66.07836894892094,0.0020554780335944054
2022-01-29,-55.85882802967945,-58.173242699796845,-58.173242699796845,0.0020993766068649554,-59.56266657404075,-61.85281703983237,-61.85281703983237,0.0020993766068649554,-49.53738149818088,-54.60950104212004,-54.60950104212004,0.0020993766068649554,-58.43291024286823,-60.72581188889248,-60.72581188889248,0.0020993766068649554,-63.41216033743813,-66.22097674718663,-66.22097674718663,-66.22097674718658,0.0020993766068649554
2022-01-30,-55.8961685640601,-58.173242699796845,-58.173242699796845,0.002133803173455822,-59.59961563217997,-61.85281703983237,-61.85281703983237,0.002133803173455822,-49.61921456667029,-54.60950104212004,-54.60950104212004,0.002133803173455822,-58.46990368827376,-60.72581188889248,-60.72581188889248,0.002133803173455822,-63.45446375938746,-66.03418120510962,-66.03418120510962,-66.0341812051095,0.002133803173455822
2022-01-31,-55.936373363749794,-58.173242699796845,-58.173242699796845,0.002172155493720178,-59.639398926818245,-61.85281703983237,-61.85281703983237,0.002172155493720178,-49.70732477133599,-54.60950104212004,-54.60950104212004,0.002172155493720178,-58.50973477497412,-60.72581188889248,-60.72581188889248,0.002172155493720178,-63.50355447753175,-66.23480853051822,-66.23480853051822,-66.23480853051836,0.002172155493720178
2022-02-01,-55.972062766058706,-58.173242699796845,-58.173242699796845,0.002207374300735587,-59.67471416326931,-61.85281703983237,-61.85281703983237,0.002207374300735587,-49.78553932696394,-54.60950104212004,-54.60950104212004,0.002207374300735587,-58.54509243596551,-60.72581188889248,-60.72581188889248,0.002207374300735587,-63.546799204643456,-66.21396142648372,-66.21396142648372,-66.21396142648368,0.002207374300735587
2022-02-02,-56.010326787532485,-58.173242699796845,-58.173242699796845,0.002246424833012629,-59.71257702671073,-61.85281703983237,-61.85281703983237,0.002246424833012629,-49.86939624925757,-54.60950104212004,-54.60950104212004,0.002246424833012629,-58.58300078443646,-60.72581188889248,-60.72581188889248,0.002246424833012629,-63.59324704513969,-66.21876233156709,-66.21876233156709,-66.21876233156706,0.002246424833012629
2022-02-03,-56.04964314176264,-58.173242699796845,-58.173242699796845,0.002288015176235244,-59.751481190306045,-61.85281703983237,-61.85281703983237,0.002288015176235244,-49.95555939506791,-54.60950104212004,-54.60950104212004,0.002288015176235244,-58.621951683985316,-60.72581188889248,-60.72581188889248,0.002288015176235244,-63.64282786854925,-66.32084358851031,-66.32084358851031,-66.32084358851027,0.002288015176235244
2022-02-04,-56.09098000733581,-58.173242699796845,-58.173242699796845,0.0023334366190300598,-59.79238468230741,-61.85281703983237,-61.85281703983237,0.0023334366190300598,-50.046150561148025,-54.60950104212004,-54.60950104212004,0.0023334366190300598,-58.662904313753096,-60.72581188889248,-60.72581188889248,0.0023334366190300598,-63.69556303632962,-66.3519926162528,-66.3519926162528,-66.35199261625277,0.0023334366190300598
2022-02-05,-56.12647112327463,-58.173242699796845,-58.173242699796845,0.0023738985203638147,-59.82750371121281,-61.85281703983237,-61.85281703983237,0.0023738985203638147,-50.12393056536002,-54.60950104212004,-54.60950104212004,0.0023738985203638147,-58.698065531492595,-60.72581188889248,-60.72581188889248,0.0023738985203638147,-63.7401168063686,-66.30953136915052,-66.30953136915052,-66.3095313691505,0.0023738985203638147
2022-02-06,-56.157356658669386,-58.173242699796845,-58.173242699796845,0.002410269190768179,-59.85806544424366,-61.85281703983237,-61.85281703983237,0.002410269190768179,-50.1916172810225,-54.60950104212004,-54.60950104212004,0.002410269190768179,-58.728663978633186,-60.72581188889248,-60.72581188889248,0.002410269190768179,-63.77877300095069,-66.30184673320383,-66.30184673320383,-66.30184673320386,0.002410269190768179
2022-02-07,-56.18909378847714,-58.173242699796845,-58.173242699796845,0.002448822257900723,-59.88946984361543,-61.85281703983237,-61.85281703983237,0.002448822257900723,-50.261170295201495,-54.60950104212004,-54.60950104212004,0.002448822257900723,-58.76010610441795,-60.72581188889248,-60.72581188889248,0.002448822257900723,-63.82008576448961,-66.40288626647894,-66.40288626647894,-66.40288626647886,0.002448822257900723
2022-02-08,-56.21837646900551,-58.173242699796845,-58.173242699796845,0.002485504092554853,-59.918445526027654,-61.85281703983237,-61.85281703983237,0.002485504092554853,-50.325344299162026,-54.60950104212004,-54.60950104212004,0.002485504092554853,-58.78911659560193,-60.72581188889248,-60.72581188889248,0.002485504092554853,-63.85835000253748,-66.41281105108988,-66.41281105108988,-66.41281105108982,0.002485504092554853
2022-02-09,-56.24359139776192,-58.173242699796845,-58.173242699796845,0.00251798240019067,-59.94339610276822,-61.85281703983237,-61.85281703983237,0.00251798240019067,-50.38060368486974,-54.60950104212004,-54.60950104212004,0.00251798240019067,-58.814097145715174,-60.72581188889248,-60.72581188889248,0.00251798240019067,-63.89054560858176,-66.35441507748475,-66.35441507748475,-66.35441507748472,0.00251798240019067
2022-02-10,-56.26511324035954,-58.173242699796845,-58.173242699796845,0.0025463827902231675,-59.96469231147539,-61.85281703983237,-61.85281703983237,0.0025463827902231675,-50.427769544933774,-54.60950104212004,-54.60950104212004,0.0025463827902231675,-58.83541893776689,-60.72581188889248,-60.72581188889248,0.0025463827902231675,-63.91787554486117,-66.34095137132657,-66.34095137132657,-66.34095137132653,0.0025463827902231675
2022-02-11,-56.28393860407854,-58.173242699796845,-58.173242699796845,0.0025717554035056276,-59.983320311049695,-61.85281703983237,-61.85281703983237,0.0025717554035056276,-50.469025978568396,-54.60950104212004,-54.60950104212004,0.0025717554035056276,-58.85406931533987,-60.72581188889248,-60.72581188889248,0.0025717554035056276,-63.94140534577875,-66.30284440791667,-66.30284440791667,-66.30284440791675,0.0025717554035056276
2022-02-12,-56.30840916574342,-58.173242699796845,-58.173242699796845,0.0026055022758344226,-60.00753432460504,-61.85281703983237,-61.85281703983237,0.0026055022758344226,-50.5226540581315,-54.60950104212004,-54.60950104212004,0.0026055022758344226,-58.878312417427246,-60.72581188889248,-60.72581188889248,0.0026055022758344226,-63.97432030576788,-66.48267798062935,-66.48267798062935,-66.48267798062932,0.0026055022758344226
2022-02-13,-56.329258585685274,-58.173242699796845,-58.173242699796845,0.0026349619716597114,-60.02816516030085,-61.85281703983237,-61.85281703983237,0.0026349619716597114,-50.568346280762455,-54.60950104212004,-54.60950104212004,0.0026349619716597114,-58.898968037148556,-60.72581188889248,-60.72581188889248,0.0026349619716597114,-64.00127050923943,-66.38482588930317,-66.38482588930317,-66.38482588930322,0.0026349619716597114
2022-02-14,-56.35059322365122,-58.173242699796845,-58.173242699796845,0.002665804961743934,-60.04927612702027,-61.85281703983237,-61.85281703983237,0.002665804961743934,-50.61510187542218,-54.60950104212004,-54.60950104212004,0.002665804961743934,-58.92010436467932,-60.72581188889248,-60.72581188889248,0.002665804961743934,-64.02925516189883,-66.42002516656065,-66.42002516656065,-66.42002516656063,0.002665804961743934
2022-02-15,-56.372202500789555,-58.173242699796845,-58.173242699796845,0.002697789877042916,-60.07065885360885,-61.85281703983237,-61.85281703983237,0.002697789877042916,-50.66245935129676,-54.60950104212004,-54.60950104212004,0.002697789877042916,-58.94151277854731,-60.72581188889248,-60.72581188889248,0.002697789877042916,-64.05861136315328,-66.50532432863932,-66.50532432863932,-66.50532432863919,0.002697789877042916
2022-02-16,-56.39458611149539,-58.173242699796845,-58.173242699796845,0.002731740375846889,-60.09280779569159,-61.85281703983237,-61.85281703983237,0.002731740375846889,-50.711513805881346,-54.60950104212004,-54.60950104212004,0.002731740375846889,-58.963688328371624,-60.72581188889248,-60.72581188889248,0.002731740375846889,-64.08872996530768,-66.4820279392836,-66.4820279392836,-66.48202793928353,0.002731740375846889
2022-02-17,-56.41344339865728,-58.173242699796845,-58.173242699796845,0.0027610125847206883,-60.11146738402506,-61.85281703983237,-61.85281703983237,0.0027610125847206883,-50.752840200841696,-54.60950104212004,-54.60950104212004,0.0027610125847206883,-58.98237033265175,-60.72581188889248,-60.72581188889248,0.0027610125847206883,-64.11427007306769,-66.49772339809434,-66.49772339809434,-66.49772339809437,0.0027610125847206883
2022-02-18,-56.435371671930135,-58.173242699796845,-58.173242699796845,0.002795850750209657,-60.13316576240912,-61.85281703983237,-61.85281703983237,0.002795850750209657,-50.80089676774302,-54.60950104212004,-54.60950104212004,0.002795850750209657,-59.00409477751067,-60.72581188889248,-60.72581188889248,0.002795850750209657,-64.1444102977009,-66.53309920686046,-66.53309920686046,-66.53309920686033,0.002795850750209657
2022-02-19,-56.460270783240674,-58.173242699796845,-58.173242699796845,0.002836490178307694,-60.157803832717626,-61.85281703983237,-61.85281703983237,0.002836490178307694,-50.855464028629726,-54.60950104212004,-54.60950104212004,0.002836490178307694,-59.02876244577493,-60.72581188889248,-60.72581188889248,0.002836490178307694,-64.18108789718646,-66.70437867258438,-66.70437867258438,-66.70437867258437,0.002836490178307694
2022-02-20,-56.47582410147012,-58.173242699796845,-58.173242699796845,0.0028624807232693417,-60.17319409075916,-61.85281703983237,-61.85281703983237,0.0028624807232693417,-50.889549661763844,-54.60950104212004,-54.60950104212004,0.0028624807232693417,-59.044171192284445,-60.72581188889248,-60.72581188889248,0.0028624807232693417,-64.20223013677018,-66.50959825911428,-66.50959825911428,-66.5095982591143,0.0028624807232693417
2022-02-21,-56.49090875473528,-58.173242699796845,-58.173242699796845,0.002888147166792796,-60.188120597295395,-61.85281703983237,-61.85281703983237,0.002888147166792796,-50.92260819946992,-54.60950104212004,-54.60950104212004,0.002888147166792796,-59.05911563017951,-60.72581188889248,-60.72581188889248,0.002888147166792796,-64.2229053311948,-66.5287310462419,-66.5287310462419,-66.52873104624206,0.002888147166792796
2022-02-22,-56.508791756803454,-58.173242699796845,-58.173242699796845,0.0029191776648523713,-60.205816114889956,-61.85281703983237,-61.85281703983237,0.0029191776648523713,-50.96179941505685,-54.60950104212004,-54.60950104212004,0.0029191776648523713,-59.07683240557316,-60.72581188889248,-60.72581188889248,0.0029191776648523713,-64.2479125288804,-66.57544420452265,-66.57544420452265,-66.57544420452267,0.0029191776648523713
2022-02-23,-56.525450587261105,-58.173242699796845,-58.173242699796845,0.002948689934892339,-60.22230029502629,-61.85281703983237,-61.85281703983237,0.002948689934892339,-50.99830781635373,-54.60950104212004,-54.60950104212004,0.002948689934892339,-59.09333638831693,-60.72581188889248,-60.72581188889248,0.002948689934892339,-64.2718122020044,-66.63582526798184,-66.63582526798184,-66.6358252679818,0.002948689934892339
2022-02-24,-56.54279404625551,-58.173242699796845,-58.173242699796845,0.002980055830936849,-60.23946192608898,-61.85281703983237,-61.85281703983237,0.002980055830936849,-51.036316604692544,-54.60950104212004,-54.60950104212004,0.002980055830936849,-59.11051863581529,-60.72581188889248,-60.72581188889248,0.002980055830936849,-64.29666053407313,-66.63263800992137,-66.63263800992137,-66.63263800992141,0.002980055830936849
2022-02-25,-56.55830778142467,-58.173242699796845,-58.173242699796845,0.0030086834842397475,-60.254813016056616,-61.85281703983237,-61.85281703983237,0.0030086834842397475,-51.070315490184484,-54.60950104212004,-54.60950104212004,0.0030086834842397475,-59.12588816719799,-60.72581188889248,-60.72581188889248,0.0030086834842397475,-64.31876575515238,-66.6198552742413,-66.6198552742413,-66.61985527424137,0.0030086834842397475
2022-02-26,-56.5726813981956,-58.173242699796845,-58.173242699796845,0.003035702545205407,-60.26903594056887,-61.85281703983237,-61.85281703983237,0.003035702545205407,-51.10181576689887,-54.60950104212004,-54.60950104212004,0.003035702545205407,-59.140128177849085,-60.72581188889248,-60.72581188889248,0.003035702545205407,-64.33912952032017,-66.60671846485022,-66.60671846485022,-66.60671846485025,0.003035702545205407
2022-02-27,-56.58916201229047,-58.173242699796845,-58.173242699796845,0.0030672856852241035,-60.28534377275363,-61.85281703983237,-61.85281703983237,0.0030672856852241035,-51.13793360089225,-54.60950104212004,-54.60950104212004,0.0030672856852241035,-59.15645560079263,-60.72581188889248,-60.72581188889248,0.0030672856852241035,-64.36301839768777,-66.65916519575987,-66.65916519575987,-66.65916519575973,0.0030672856852241035
2022-02-28,-56.60429237839948,-58.173242699796845,-58.173242699796845,0.0030968654333811767,-60.30031551288262,-61.85281703983237,-61.85281703983237,0.0030968654333811767,-51.171092319871605,-54.60950104212004,-54.60950104212004,0.0030968654333811767,-59.171445326619995,-60.72581188889248,-60.72581188889248,0.0030968654333811767,-64.38556531297834,-66.72357813678975,-66.72357813678975,-66.72357813678975,0.0030968654333811767
2022-03-01,-56.61810910986043,-58.173242699796845,-58.173242699796845,0.003124379827218955,-60.3139873904418,-61.85281703983237,-61.85281703983237,0.003124379827218955,-51.20137216322951,-54.60950104212004,-54.60950104212004,0.003124379827218955,-59.185133628339884,-60.72581188889248,-60.72581188889248,0.003124379827218955,-64.40560731562483,-66.66142242016116,-66.66142242016116,-66.66142242016114,0.003124379827218955
2022-03-02,-56.63298580382759,-58.173242699796845,-58.173242699796845,0.0031545568987507793,-60.32870811791491,-61.85281703983237,-61.85281703983237,0.0031545568987507793,-51.23397495096438,-54.60950104212004,-54.60950104212004,0.0031545568987507793,-59.199872039967346,-60.72581188889248,-60.72581188889248,0.0031545568987507793,-64.42821933479514,-66.7693522864825,-66.7693522864825,-66.76935228648253,0.0031545568987507793
2022-03-03,-56.64732793030369,-58.173242699796845,-58.173242699796845,0.0031842066897626114,-60.34289988227493,-61.85281703983237,-61.85281703983237,0.0031842066897626114,-51.265406215611705,-54.60950104212004,-54.60950104212004,0.0031842066897626114,-59.21408085303304,-60.72581188889248,-60.72581188889248,0.0031842066897626114,-64.44955991337642,-66.72006729603675,-66.72006729603675,-66.72006729603673,0.0031842066897626114
2022-03-04,-56.65805579220884,-58.173242699796845,-58.173242699796845,0.003206751584702273,-60.35351527382782,-61.85281703983237,-61.85281703983237,0.003206751584702273,-51.28891669484303,-54.60950104212004,-54.60950104212004,0.003206751584702273,-59.22470899696008,-60.72581188889248,-60.72581188889248,0.003206751584702273,-64.46522353022988,-66.67752896364098,-66.67752896364098,-66.677528963641,0.003206751584702273
2022-03-05,-56.66911057301982,-58.173242699796845,-58.173242699796845,0.003230319950308506,-60.36445415688541,-61.85281703983237,-61.85281703983237,0.003230319950308506,-51.31314362812722,-54.60950104212004,-54.60950104212004,0.003230319950308506,-59.23566102100541,-60.72581188889248,-60.72581188889248,0.003230319950308506,-64.48155533104682,-66.70368770229996,-66.70368770229996,-66.70368770229982,0.003230319950308506
2022-03-06,-56.67875728094807,-58.173242699796845,-58.173242699796845,0.0032511712431231555,-60.37399972922397,-61.85281703983237,-61.85281703983237,0.0032511712431231555,-51.334284721142986,-54.60950104212004,-54.60950104212004,0.0032511712431231555,-59.245218060533844,-60.72581188889248,-60.72581188889248,0.0032511712431231555,-64.49549162863255,-66.65452802627058,-66.65452802627058,-66.65452802627057,0.0032511712431231555
2022-03-07,-56.55415362572369,-58.173242699796845,-58.173242699796845,0.003243776977875893,-60.25069324387966,-61.85281703983237,-61.85281703983237,0.003243776977875893,-51.0648057645503,-54.60950104212004,-54.60950104212004,0.003243776977875893,-59.12176344593656,-60.72581188889248,-60.72581188889248,0.003243776977875893,-64.37884952078643,-66.79677901634251,-66.79677901634251,-66.79677901634255,0.003243776977875893
2022-03-08,-56.228407545123815,-58.173242699796845,-58.173242699796845,0.0031897264836582783,-59.928339827644564,-61.85281703983237,-61.85281703983237,0.0031897264836582783,-50.359721027000035,-54.60950104212004,-54.60950104212004,0.0031897264836582783,-58.79902278347393,-60.72581188889248,-60.72581188889248,0.0031897264836582783,-64.06366616629877,-66.78630784981776,-66.78630784981776,-66.78630784981775,0.0031897264836582783
2022-03-09,-56.24525464871588,-58.173242699796845,-58.173242699796845,0.003217598882800242,-59.94501058088375,-61.85281703983237,-61.85281703983237,0.003217598882800242,-50.396534678782466,-54.60950104212004,-54.60950104212004,0.003217598882800242,-58.815713563451276,-60.72581188889248,-60.72581188889248,0.003217598882800242,-64.0870165102294,-66.75923751492252,-66.75923751492252,-66.75923751492256,0.003217598882800242
2022-03-10,-56.26471167657565,-58.173242699796845,-58.173242699796845,0.0032504015516292128,-59.964263938497744,-61.85281703983237,-61.85281703983237,0.0032504015516292128,-50.439051438083915,-54.60950104212004,-54.60950104212004,0.0032504015516292128,-58.83499005031156,-60.72581188889248,-60.72581188889248,0.0032504015516292128,-64.11448247463281,-66.80860644485776,-66.80860644485776,-66.80860644485773,0.0032504015516292128
2022-03-11,-56.284742061759374,-58.173242699796845,-58.173242699796845,0.0032848769411363337,-59.98408465170557,-61.85281703983237,-61.85281703983237,0.0032848769411363337,-50.48282107606295,-54.60950104212004,-54.60950104212004,0.0032848769411363337,-58.85483457433527,-60.72581188889248,-60.72581188889248,0.0032848769411363337,-64.14310317406758,-66.84151404575589,-66.84151404575589,-66.84151404575603,0.0032848769411363337
2022-03-12,-56.30156664430008,-58.173242699796845,-58.173242699796845,0.0033144048517327325,-60.00073311963661,-61.85281703983237,-61.85281703983237,0.0033144048517327325,-50.519585515697905,-54.60950104212004,-54.60950104212004,0.0033144048517327325,-58.87150304223332,-60.72581188889248,-60.72581188889248,0.0033144048517327325,-64.16704310735288,-66.83027708607814,-66.83027708607814,-66.83027708607814,0.0033144048517327325
2022-03-13,-56.31585034635245,-58.173242699796845,-58.173242699796845,0.003339893258258822,-60.01486730424321,-61.85281703983237,-61.85281703983237,0.003339893258258822,-50.550797719661865,-54.60950104212004,-54.60950104212004,0.003339893258258822,-58.885654206373374,-60.72581188889248,-60.72581188889248,0.003339893258258822,-64.1876554451225,-66.86799688737288,-66.86799688737288,-66.86799688737283,0.003339893258258822
2022-03-14,-56.331139762126895,-58.173242699796845,-58.173242699796845,0.003367614302302438,-60.02999667506681,-61.85281703983237,-61.85281703983237,0.003367614302302438,-50.584207571106155,-54.60950104212004,-54.60950104212004,0.003367614302302438,-58.90080175225765,-60.72581188889248,-60.72581188889248,0.003367614302302438,-64.20962300603072,-66.85632377468231,-66.85632377468231,-66.8563237746823,0.003367614302302438
2022-03-15,-56.34769323767252,-58.173242699796845,-58.173242699796845,0.0033981507090977566,-60.04637687386849,-61.85281703983237,-61.85281703983237,0.0033981507090977566,-50.62037959801835,-54.60950104212004,-54.60950104212004,0.0033981507090977566,-58.917201628751805,-60.72581188889248,-60.72581188889248,0.0033981507090977566,-64.23357084735481,-66.8745853417123,-66.8745853417123,-66.87458534171229,0.0033981507090977566
2022-03-16,-56.363939628019445,-58.173242699796845,-58.173242699796845,0.0034286639402629853,-60.06245320194581,-61.85281703983237,-61.85281703983237,0.0034286639402629853,-50.65588059400139,-54.60950104212004,-54.60950104212004,0.0034286639402629853,-58.933297269478714,-60.72581188889248,-60.72581188889248,0.0034286639402629853,-64.25722756831398,-66.89179296936354,-66.89179296936354,-66.89179296936358,0.0034286639402629853
2022-03-17,-56.37858306714427,-58.173242699796845,-58.173242699796845,0.0034566399590995776,-60.07694335800651,-61.85281703983237,-61.85281703983237,0.0034566399590995776,-50.68787888177151,-54.60950104212004,-54.60950104212004,0.0034566399590995776,-58.94780483270512,-60.72581188889248,-60.72581188889248,0.0034566399590995776,-64.27850506146704,-66.88621611353717,-66.88621611353717,-66.88621611353716,0.0034566399590995776
2022-03-18,-56.39122052973234,-58.173242699796845,-58.173242699796845,0.003481153210896975,-60.08944853548259,-61.85281703983237,-61.85281703983237,0.003481153210896975,-50.71549378569773,-54.60950104212004,-54.60950104212004,0.003481153210896975,-58.9603250327726,-60.72581188889248,-60.72581188889248,0.003481153210896975,-64.29685332664492,-66.88416190234203,-66.88416190234203,-66.88416190234199,0.003481153210896975
2022-03-19,-56.4039892202306,-58.173242699796845,-58.173242699796845,0.003506276670277106,-60.10208356721491,-61.85281703983237,-61.85281703983237,0.003506276670277106,-50.74339544387607,-54.60950104212004,-54.60950104212004,0.003506276670277106,-58.97297524309164,-60.72581188889248,-60.72581188889248,0.003506276670277106,-64.3157009235632,-66.92725897124797,-66.92725897124797,-66.92725897124798,0.003506276670277106
2022-03-20,-56.41711915711145,-58.173242699796845,-58.173242699796845,0.0035324919052808785,-60.11507606391253,-61.85281703983237,-61.85281703983237,0.0035324919052808785,-50.77208648394782,-54.60950104212004,-54.60950104212004,0.0035324919052808785,-58.98598334780214,-60.72581188889248,-60.72581188889248,0.0035324919052808785,-64.3351674970023,-66.93881351771336,-66.93881351771336,-66.9388135177134,0.0035324919052808785
2022-03-21,-56.42933565275465,-58.173242699796845,-58.173242699796845,0.003557237875568571,-60.127164680997545,-61.85281703983237,-61.85281703983237,0.003557237875568571,-50.79878150687278,-54.60950104212004,-54.60950104212004,0.003557237875568571,-58.998086487060505,-60.72581188889248,-60.72581188889248,0.003557237875568571,-64.353215126425,-66.92951761544785,-66.92951761544785,-66.92951761544771,0.003557237875568571
2022-03-22,-56.44236961426974,-58.173242699796845,-58.173242699796845,0.0035840248780111845,-60.140062206970214,-61.85281703983237,-61.85281703983237,0.0035840248780111845,-50.827262825215435,-54.60950104212004,-54.60950104212004,0.0035840248780111845,-59.010999506956985,-60.72581188889248,-60.72581188889248,0.0035840248780111845,-64.37278340925113,-66.97139581382083,-66.97139581382083,-66.97139581382086,0.0035840248780111845
2022-03-23,-56.45503121580076,-58.173242699796845,-58.173242699796845,0.0036104357682335466,-60.152591270710154,-61.85281703983237,-61.85281703983237,0.0036104357682335466,-50.854930476644356,-54.60950104212004,-54.60950104212004,0.0036104357682335466,-59.023543621983144,-60.72581188889248,-60.72581188889248,0.0036104357682335466,-64.39186724239998,-66.98159186724662,-66.98159186724662,-66.98159186724658,0.0036104357682335466
2022-03-24,-56.46697933951184,-58.173242699796845,-58.173242699796845,0.00363571787544733,-60.16441432509867,-61.85281703983237,-61.85281703983237,0.00363571787544733,-50.881039063402135,-54.60950104212004,-54.60950104212004,0.00363571787544733,-59.0353808795222,-60.72581188889248,-60.72581188889248,0.00363571787544733,-64.40980601005641,-66.97156907186074,-66.97156907186074,-66.97156907186078,0.00363571787544733
2022-03-25,-56.47745120707137,-58.173242699796845,-58.173242699796845,0.003658169194633394,-60.174776576335745,-61.85281703983237,-61.85281703983237,0.003658169194633394,-50.903921791210394,-54.60950104212004,-54.60950104212004,0.003658169194633394,-59.04575557903269,-60.72581188889248,-60.72581188889248,0.003658169194633394,-64.4255032275386,-66.96747653974444,-66.96747653974444,-66.96747653974442,0.003658169194633394
2022-03-26,-56.48823929648794,-58.173242699796845,-58.173242699796845,0.003681590308380031,-60.18545173931567,-61.85281703983237,-61.85281703983237,0.003681590308380031,-50.92749551502595,-54.60950104212004,-54.60950104212004,0.003681590308380031,-59.05644356619,-60.72581188889248,-60.72581188889248,0.003681590308380031,-64.44186313112988,-66.99713424216792,-66.99713424216792,-66.99713424216797,0.003681590308380031
2022-03-27,-56.49927573520009,-58.173242699796845,-58.173242699796845,0.0037058629772326137,-60.19637265194622,-61.85281703983237,-61.85281703983237,0.0037058629772326137,-50.95161192230324,-54.60950104212004,-54.60950104212004,0.0037058629772326137,-59.06737759821934,-60.72581188889248,-60.72581188889248,0.0037058629772326137,-64.45870764266937,-67.01362201200567,-67.01362201200567,-67.01362201200563,0.0037058629772326137
2022-03-28,-56.512992933557825,-58.173242699796845,-58.173242699796845,0.0037364812965839807,-60.20994626284659,-61.85281703983237,-61.85281703983237,0.0037364812965839807,-50.98158622388071,-54.60950104212004,-54.60950104212004,0.0037364812965839807,-59.08096751523051,-60.72581188889248,-60.72581188889248,0.0037364812965839807,-64.47976461804328,-67.02837822921104,-67.02837822921104,-67.02837822921109,0.0037364812965839807
2022-03-29,-56.52488773226805,-58.173242699796845,-58.173242699796845,0.003763444355987065,-60.22171655042408,-61.85281703983237,-61.85281703983237,0.003763444355987065,-51.00757828686886,-54.60950104212004,-54.60950104212004,0.003763444355987065,-59.09275194256913,-60.72581188889248,-60.72581188889248,0.003763444355987065,-64.49768872840289,-66.9815724048044,-66.9815724048044,-66.98157240480435,0.003763444355987065
2022-03-30,-56.53641302680057,-58.173242699796845,-58.173242699796845,0.0037899436340577547,-60.23312120168101,-61.85281703983237,-61.85281703983237,0.0037899436340577547,-51.032762923342915,-54.60950104212004,-54.60950104212004,0.0037899436340577547,-59.1041702943449,-60.72581188889248,-60.72581188889248,0.0037899436340577547,-64.51493504944949,-66.96426855322125,-66.96426855322125,-66.96426855322126,0.0037899436340577547
2022-03-31,-56.5486387035552,-58.173242699796845,-58.173242699796845,0.0038184642002364547,-60.24521890377243,-61.85281703983237,-61.85281703983237,0.0038184642002364547,-51.059478008484646,-54.60950104212004,-54.60950104212004,0.0038184642002364547,-59.11628252952372,-60.72581188889248,-60.72581188889248,0.0038184642002364547,-64.53326204312381,-66.9686370133209,-66.9686370133209,-66.96863701332087,0.0038184642002364547
2022-04-01,-56.55915798088618,-58.173242699796845,-58.173242699796845,0.0038433498109047295,-60.255628068509814,-61.85281703983237,-61.85281703983237,0.0038433498109047295,-51.082464334326616,-54.60950104212004,-54.60950104212004,0.0038433498109047295,-59.12670419889232,-60.72581188889248,-60.72581188889248,0.0038433498109047295,-64.548790759556,-66.93152705495653,-66.93152705495653,-66.93152705495656,0.0038433498109047295
2022-04-02,-56.57158056218592,-58.173242699796845,-58.173242699796845,0.003873159047427319,-60.26792061400943,-61.85281703983237,-61.85281703983237,0.003873159047427319,-51.10960968781186,-54.60950104212004,-54.60950104212004,0.003873159047427319,-59.13901151154655,-60.72581188889248,-60.72581188889248,0.003873159047427319,-64.56699733626525,-66.91439872305882,-66.91439872305882,-66.9143987230587,0.003873159047427319
2022-04-03,-56.583870752112354,-58.173242699796845,-58.173242699796845,0.0039031091546866473,-60.280082153968294,-61.85281703983237,-61.85281703983237,0.0039031091546866473,-51.13646574468933,-54.60950104212004,-54.60950104212004,0.0039031091546866473,-59.1511876612818,-60.72581188889248,-60.72581188889248,0.0039031091546866473,-64.58500018945945,-66.91313588277991,-66.91313588277991,-66.91313588277995,0.0039031091546866473
2022-04-04,-56.59468863144701,-58.173242699796845,-58.173242699796845,0.003929857281160568,-60.290786795034634,-61.85281703983237,-61.85281703983237,0.003929857281160568,-51.160104564304646,-54.60950104212004,-54.60950104212004,0.003929857281160568,-59.16190516193787,-60.72581188889248,-60.72581188889248,0.003929857281160568,-64.6007389031108,-66.89734526152769,-66.89734526152769,-66.89734526152785,0.003929857281160568
2022-04-05,-56.603632663353665,-58.173242699796845,-58.173242699796845,0.003952250594210107,-60.29963720353748,-61.85281703983237,-61.85281703983237,0.003952250594210107,-51.17964872359282,-54.60950104212004,-54.60950104212004,0.003952250594210107,-59.17076620252271,-60.72581188889248,-60.72581188889248,0.003952250594210107,-64.61324730311402,-66.80837701525554,-66.80837701525554,-66.80837701525562,0.003952250594210107
2022-04-06,-56.61408283510782,-58.173242699796845,-58.173242699796845,0.003978740307330366,-60.30997798607418,-61.85281703983237,-61.85281703983237,0.003978740307330366,-51.20248404254924,-54.60950104212004,-54.60950104212004,0.003978740307330366,-59.18111940754211,-60.72581188889248,-60.72581188889248,0.003978740307330366,-64.62797192705894,-66.82487770219015,-66.82487770219015,-66.82487770219018,0.003978740307330366
2022-04-07,-56.62403653365244,-58.173242699796845,-58.173242699796845,0.004004303839461944,-60.31982749233189,-61.85281703983237,-61.85281703983237,0.004004303839461944,-51.22423448707936,-54.60950104212004,-54.60950104212004,0.004004303839461944,-59.19098074610785,-60.72581188889248,-60.72581188889248,0.004004303839461944,-64.64198510424634,-66.82301363434584,-66.82301363434584,-66.82301363434584,0.004004303839461944
2022-04-08,-56.635974299216855,-58.173242699796845,-58.173242699796845,0.004035399541726097,-60.331640296999666,-61.85281703983237,-61.85281703983237,0.004035399541726097,-51.25032043960809,-54.60950104212004,-54.60950104212004,0.004035399541726097,-59.20280774161291,-60.72581188889248,-60.72581188889248,0.004035399541726097,-64.6587651784194,-66.81959482835886,-66.81959482835886,-66.81959482835887,0.004035399541726097
2022-04-09,-56.64470271790967,-58.173242699796845,-58.173242699796845,0.0040584428753714695,-60.34027734926206,-61.85281703983237,-61.85281703983237,0.0040584428753714695,-51.26939344907888,-54.60950104212004,-54.60950104212004,0.0040584428753714695,-59.21145516965054,-60.72581188889248,-60.72581188889248,0.0040584428753714695,-64.67038958079662,-66.7060806291231,-66.7060806291231,-66.70608062912308,0.0040584428753714695
2022-04-10,-56.65290513521404,-58.173242699796845,-58.173242699796845,0.004080338698275845,-60.348393906158314,-61.85281703983237,-61.85281703983237,0.004080338698275845,-51.287317060265906,-54.60950104212004,-54.60950104212004,0.004080338698275845,-59.219581477045644,-60.72581188889248,-60.72581188889248,0.004080338698275845,-64.68145145687065,-66.73179650836735,-66.73179650836735,-66.7317965083674,0.004080338698275845
2022-04-11,-56.66241006935368,-58.173242699796845,-58.173242699796845,0.004106008881599161,-60.35779934554009,-61.85281703983237,-61.85281703983237,0.004106008881599161,-51.308086881838854,-54.60950104212004,-54.60950104212004,0.004106008881599161,-59.228998215273386,-60.72581188889248,-60.72581188889248,0.004106008881599161,-64.69448681278256,-66.76648865646217,-66.76648865646217,-66.76648865646213,0.004106008881599161
2022-04-12,-55.69635444352228,-58.173242699796845,-58.173242699796845,0.0038675844399851784,-59.40180595910183,-61.85281703983237,-61.85281703983237,0.0038675844399851784,-49.21676445839773,-54.60950104212004,-54.60950104212004,0.0038675844399851784,-58.2718563848722,-60.72581188889248,-60.72581188889248,0.0038675844399851784,-63.748694921809125,-66.90038091929895,-66.90038091929895,-66.90038091929891,0.0038675844399851784
2022-04-13,-55.71178557160117,-58.173242699796845,-58.173242699796845,0.0038918307249054505,-59.4170758711835,-61.85281703983237,-61.85281703983237,0.0038918307249054505,-49.25036145604522,-54.60950104212004,-54.60950104212004,0.0038918307249054505,-58.28714464084672,-60.72581188889248,-60.72581188889248,0.0038918307249054505,-63.76684834238455,-66.66254503084068,-66.66254503084068,-66.6625450308406,0.0038918307249054505
2022-04-14,-52.26804793653095,-58.173242699796845,-58.173242699796845,0.003156886357453848,-56.00923121130763,-61.85281703983237,-61.85281703983237,0.003156886357453848,-41.78617263233064,-54.60950104212004,-54.60950104212004,0.003156886357453848,-54.87520610470953,-60.72581188889248,-60.72581188889248,0.003156886357453848,-60.384882535856164,-66.86668725059918,-66.86668725059918,-66.86668725059927,0.003156886357453848
2022-04-15,-48.895416164973504,-58.173242699796845,-58.173242699796845,0.002569000531036144,-52.671832756484235,-61.85281703983237,-61.85281703983237,0.002569000531036144,-34.444593747568476,-54.60950104212004,-54.60950104212004,0.002569000531036144,-51.53379835884597,-60.72581188889248,-60.72581188889248,0.002569000531036144,-57.07267373340375,-66.74495501454192,-66.74495501454192,-66.74495501454186,0.002569000531036144
2022-04-16,-47.111289363625964,-58.173242699796845,-58.173242699796845,0.00229641608778682,-50.90639075181647,-61.85281703983237,-61.85281703983237,0.00229641608778682,-30.542882571609752,-54.60950104212004,-54.60950104212004,0.00229641608778682,-49.76623551270598,-60.72581188889248,-60.72581188889248,0.00229641608778682,-55.326111909892006,-66.70747987782666,-66.70747987782666,-66.7074798778267,0.00229641608778682
2022-04-17,-45.80903938765146,-58.173242699796845,-58.173242699796845,0.0021125531599779116,-49.61779937361632,-61.85281703983237,-61.85281703983237,0.0021125531599779116,-27.6870294457251,-54.60950104212004,-54.60950104212004,0.0021125531599779116,-48.47609613826043,-60.72581188889248,-60.72581188889248,0.0021125531599779116,-54.05332330112211,-66.66640869745876,-66.66640869745876,-66.66640869745872,0.0021125531599779116
2022-04-18,-44.67473102101383,-58.173242699796845,-58.173242699796845,0.001962892501084754,-48.49540487821358,-61.85281703983237,-61.85281703983237,0.001962892501084754,-25.19293916061949,-54.60950104212004,-54.60950104212004,0.001962892501084754,-47.35235330076071,-60.72581188889248,-60.72581188889248,0.001962892501084754,-52.94911112519096,-66.68591180577255,-66.68591180577255,-66.68591180577249,0.001962892501084754
2022-04-19,-29.71683469668185,-48.953677085654796,-58.173242699796404,0.0009449840014954596,-33.69380016490631,-52.72960290543821,-61.85281703983237,0.0009449840014954596,7.429898959583792,-34.50941255185511,-54.60950104212004,0.0009449840014954596,-32.53207553209403,-51.59134902130666,-60.72581188889203,0.0009449840014954596,-38.237786934957164,-57.259692801801364,-66.37624663632901,-66.37624663632916,0.0009449840014954596
2022-04-20,-21.36948675342387,-48.86175687151223,-58.173242699796845,0.0005329502556362543,-25.435472071056232,-52.63909461230028,-61.85281703983225,0.0005329502556362543,10.0,-38.263059276697476,-54.609501042121146,0.0005329502556362543,-24.261585791768514,-51.50022836319265,-60.72581188889248,0.0005329502556362543,-30.055071308896842,-57.27773486711283,-66.49790638593223,-66.49790638593225,0.0005329502556362543
2022-04-21,-23.282313966884626,-55.43109973751724,-58.17324269979718,0.0004988471876330218,-27.330912399653794,-59.139676367131926,-61.85281703983259,0.0004988471876330218,7.730617788129557,-49.71007519345146,-54.60950104211937,0.0004988471876330218,-26.155834452592064,-58.00889308576203,-60.72581188889225,0.0004988471876330218,-31.962087338292754,-63.756813208072714,-66.46875649586804,-66.4687564958686,0.0004988471876330218
2022-04-22,-25.532519514176787,-56.24451264325943,-58.17324269979751,0.0004992395410421898,-29.560411557122634,-59.9446689666966,-61.85281703983292,0.0004992395410421898,4.178726140737332,-51.13572320658135,-54.609501042120144,0.0004992395410421898,-28.384025679766502,-58.81474592417891,-60.72581188889225,0.0004992395410421898,-34.18811501541019,-64.48769261140863,-66.39052274568836,-66.390522745689,0.0004992395410421898
2022-04-23,-27.368279183964784,-55.85620480311441,-58.17324269979751,0.0004984047117525983,-31.37888649781995,-59.5606782456922,-61.85281703983303,0.0004984047117525983,1.2458264934478436,-50.40826540147319,-54.60950104212059,0.0004984047117525983,-30.201742827355325,-58.429901856725195,-60.7258118888927,0.0004984047117525983,-35.99655718881423,-64.03217022711765,-66.31241971719726,-66.31241971719653,0.0004984047117525983
2022-04-24,-28.99651868237596,-55.935937910526626,-58.17324269979562,0.0005000351317475265,-32.9922748856496,-59.63975743986,-61.85281703983081,0.0005000351317475265,-1.4129638298958636,-50.530329322690875,-54.60950104211959,0.0005000351317475265,-31.813778494166776,-58.508803881313746,-60.725811888892146,0.0005000351317475265,-37.5935153364797,-64.02828644996357,-66.22368047514826,-66.22368047514877,0.0005000351317475265
2022-04-25,-30.515840918828864,-55.91809313667413,-58.17324269979751,0.000503210324169029,-34.498742956277525,-59.62240043353915,-61.85281703983148,0.000503210324169029,-3.9320109415680315,-50.47732259074033,-54.609501042119255,0.000503210324169029,-33.317626322017624,-58.490983100684325,-60.72581188889225,0.000503210324169029,-39.07211507384423,-63.86980063701309,-66.07127825737014,-66.07127825737027,0.000503210324169029
2022-04-26,-31.885683863050684,-55.90107520704277,-58.17324269979673,0.0005055226018212993,-35.858368904407854,-59.60598459669195,-61.852817039833475,0.0005055226018212993,-6.215380930505554,-50.42655095379488,-54.609501042120925,0.0005055226018212993,-34.672993496085326,-58.473934207348286,-60.72581188889292,0.0005055226018212993,-40.39616626345288,-63.7376116290591,-65.9460150914033,-65.94601509140223,0.0005055226018212993
2022-04-27,-33.07819791265898,-55.782244024149804,-58.17324269979795,0.0005060939153216133,-37.043900266323426,-59.489079989237126,-61.85281703983314,0.0005060939153216133,-8.238879156779454,-50.19141386764918,-54.60950104212004,0.0005060939153216133,-35.852082055370495,-58.35589959764802,-60.72581188889292,0.0005060939153216133,-41.53842211793268,-63.476921574151945,-65.78729933184069,-65.78729933184054,0.0005060939153216133
2022-04-28,-33.953235378926024,-55.95919090503094,-58.173242699796404,0.0005033493618743455,-37.91749983110571,-59.66478995453119,-61.85281703983259,0.0005033493618743455,-9.75479647825317,-50.50914558691222,-54.60950104212004,0.0005033493618743455,-36.71580891618065,-58.53095746668719,-60.72581188889248,0.0005033493618743455,-42.37261476076526,-63.54843803582184,-65.67896899468695,-65.67896899468718,0.0005033493618743455
2022-04-29,-33.287186980867745,-55.10701999506868,-58.17324269979773,0.00044908181773937366,-37.270481019054394,-58.8240157828764,-61.85281703983314,0.00044908181773937366,-8.055336785842249,-48.87354042809259,-54.60950104212048,0.00044908181773937366,-36.05070271215327,-57.685580007477256,-60.72581188889337,0.00044908181773937366,-41.68479081171894,-62.536564826264865,-65.46675145398417,-65.466751453983,0.00044908181773937366
2022-04-30,-33.72119748006852,-56.22297151185936,-58.17324269979673,0.00043604378319454405,-37.71891257979476,-59.92792044742505,-61.85281703983237,0.00043604378319454405,-8.74714432361734,-50.95156436994304,-54.60950104212125,0.00043604378319454405,-36.47394016256145,-58.79150634281628,-60.72581188889203,0.00043604378319454405,-42.0881948164159,-63.492341319491175,-65.34747905966942,-65.34747905966972,0.00043604378319454405
2022-05-01,-34.28149877497477,-56.662307564098334,-58.17324269979618,0.00043023718406709445,-38.30040431786652,-60.36334151121193,-61.852817039831805,0.00043023718406709445,-9.76221740070038,-51.77331893638309,-54.60950104212004,0.00043023718406709445,-37.019861777956685,-59.226626519234465,-60.7258118888927,0.00043023718406709445,-42.62811804317668,-63.859067438562576,-65.29237522059861,-65.29237522059758,0.00043023718406709445
2022-05-02,-33.21438851099223,-55.5959777934267,-58.173242699796404,0.0003799788040632465,-37.28904509041486,-59.31634854114222,-61.85281703983237,0.0003799788040632465,-7.479224607382262,-49.74280297321361,-54.609501042119255,0.0003799788040632465,-35.946948209858334,-58.16713290080125,-60.72581188889104,0.0003799788040632465,-41.59396498539536,-62.75598225516965,-65.19281208745431,-65.192812087454,0.0003799788040632465
2022-05-03,-33.36251982194782,-56.51018460400695,-58.173242699796404,0.0003660943601423873,-37.4997878027099,-60.22043806283938,-61.85281703983214,0.0003660943601423873,-7.70784871077812,-51.46569209307969,-54.60950104212004,0.0003660943601423873,-36.07281727277489,-59.07332628886927,-60.72581188889148,0.0003660943601423873,-41.770254179046894,-63.539222015148965,-65.10322678788394,-65.10322678788481,0.0003660943601423873
2022-05-04,-33.6271843612973,-56.8857130481616,-58.17324269979673,0.00035831242576116163,-37.852706457927596,-60.59392432514023,-61.85281703983148,0.00035831242576116163,-8.175664096592428,-52.17387813753345,-54.60950104211959,0.00035831242576116163,-36.30607798795704,-59.44490841148212,-60.725811888892146,0.00035831242576116163,-42.08870386624519,-63.787256661629016,-64.98843023962087,-64.98843023962151,0.00035831242576116163
2022-05-05,-34.06671584306764,-57.08250855500024,-58.17324269979718,0.0003538705825880672,-38.41063713776294,-60.792142219290064,-61.85281703983237,0.0003538705825880672,-8.950126575835604,-52.543577607506776,-54.60950104211981,0.0003538705825880672,-36.702875093230226,-59.638859895473395,-60.72581188889225,0.0003538705825880672,-42.59873729105268,-63.83383296470255,-64.84017865998992,-64.84017865998979,0.0003538705825880672
2022-05-06,-34.70485197652784,-57.0033118501524,-58.173242699797626,0.0003490555364699437,-39.204844757156465,-60.72378515316097,-61.852817039831365,0.0003490555364699437,-10.03492812368345,-52.38739861584164,-54.60950104212059,0.0003490555364699437,-37.284195472216176,-59.55721577445027,-60.72581188889225,0.0003490555364699437,-43.316382801908745,-63.64498761440129,-64.71156629450614,-64.71156629450638,0.0003490555364699437
2022-05-07,-34.8507342708404,-56.99030517780798,-58.17324269979718,0.00033509085368912055,-39.598981649909604,-60.72408352597837,-61.85281703983259,0.00033509085368912055,-10.174408108917788,-52.355715224702585,-54.60950104211915,0.00033509085368912055,-37.35035738182302,-59.540188896657135,-60.72581188889203,0.00033509085368912055,-43.648210000132636,-63.48636671949649,-64.54633757661243,-64.54633757661293,0.00033509085368912055
2022-05-08,-35.04928711581301,-56.97354673643724,-58.17324269979562,0.00032037086888550955,-40.15308346743651,-60.7270112632987,-61.85281703983237,0.00032037086888550955,-10.402716657714972,-52.31600499269035,-54.609501042118815,0.00032037086888550955,-37.43506265281427,-59.517462489471534,-60.72581188889126,0.00032037086888550955,-44.12086058801212,-63.24024300888218,-64.28645603085559,-64.28645603085624,0.00032037086888550955
2022-05-09,-35.14290187469338,-57.12867055934554,-58.173242699796845,0.0003007615980759481,-40.76000464989449,-60.89612411228823,-61.852817039831805,0.0003007615980759481,-10.397212151520119,-52.604193105453184,-54.609501042119255,0.0003007615980759481,-37.366780207443554,-59.66633153175534,-60.72581188889203,0.0003007615980759481,-44.63626557222133,-63.3354557837298,-64.22387835489862,-64.22387835489869,0.0003007615980759481
2022-05-10,-32.30035772066009,-54.89147122729735,-58.17324269979696,0.00022323569974356568,-38.860906247367154,-58.936474428725525,-61.85281703983436,0.00022323569974356568,-4.178403047575219,-48.212713870577566,-54.6095010421197,0.00022323569974356568,-34.26252311097389,-57.36915234938142,-60.72581188889248,0.00022323569974356568,-42.62437030907973,-61.51519483787834,-64.25943181461669,-64.25943181461737,0.00022323569974356568
2022-05-11,-18.876048865987038,-51.475223527075016,-58.173242699798735,9.389551151987356e-05,-28.51574792467826,-56.17067268519967,-61.85281703983292,9.389551151987356e-05,10.0,-43.597119889655,-54.60950104212004,9.389551151987356e-05,-20.03564180333084,-53.79036656098771,-60.725811888892586,9.389551151987356e-05,-32.10044110576149,-58.847478106206296,-64.34308247364984,-64.34308247364893,9.389551151987356e-05
2022-05-12,-22.039326258622705,-55.62531387645204,-58.17324269979651,4.4424198528191784e-05,-37.03358245371435,-60.10272600615504,-61.852817039831585,4.4424198528191784e-05,10.0,-50.05365915780249,-54.60950104211981,4.4424198528191784e-05,-21.49153024380057,-57.959265471774884,-60.725811888892146,4.4424198528191784e-05,-39.938129392596224,-62.61642651027539,-64.33686681853746,-64.33686681853706,4.4424198528191784e-05
2022-05-13,,-58.17324269979654,-58.17324269979651,8.073971005438946e-06,,-61.852817039832686,-61.8528170398327,8.073971005438946e-06,,-54.609501042119724,-54.6095010421197,8.073971005438946e-06,,-60.725811888892586,-60.725811888892586,8.073971005438946e-06,,-64.27558228969149,-64.27558228969144,-64.27558228969215,8.073971005438946e-06
2022-05-14,,-58.173242699796845,-58.173242699796845,0.0,,-61.85281703983127,-61.852817039831145,0.0,,-54.609501042119035,-54.60950104211892,0.0,,-60.725811888892274,-60.72581188889225,0.0,,-64.30761001370854,-64.30761001370855,-64.30761001370828,0.0
2022-05-15,,-58.17324269979613,-58.17324269979607,0.0,,-61.85281703983143,-61.852817039831365,0.0,,-54.60950104211962,-54.60950104211959,0.0,,-60.72581188889102,-60.725811888890924,0.0,,-64.30506162136851,-64.3050616213684,-64.30506162137013,0.0
2022-05-16,,-58.17324269979767,-58.17324269979773,0.0,,-61.85281703983288,-61.85281703983292,0.0,,-54.60950104211848,-54.60950104211837,0.0,,-60.72581188889144,-60.72581188889137,0.0,,-64.32756260354654,-64.32756260354644,-64.32756260354793,0.0
2022-05-17,,-58.1732426997957,-58.17324269979562,0.0,,-61.852817039831635,-61.852817039831585,0.0,,-54.60950104211868,-54.609501042118595,0.0,,-60.72581188889248,-60.72581188889248,0.0,,-64.23715195754971,-64.23715195754964,-64.23715195755084,0.0
2022-05-18,,-58.17324269979538,-58.17324269979529,0.0,,-61.85281703983236,-61.85281703983237,0.0,,-54.60950104211972,-54.6095010421197,0.0,,-60.725811888891535,-60.72581188889148,0.0,,-64.15884061806538,-64.15884061806543,-64.1588406180648,0.0
2022-05-19,,-58.17324269979622,-58.17324269979618,0.0,,-61.85281703983215,-61.85281703983214,0.0,,-54.609501042120144,-54.609501042120144,0.0,,-60.72581188889342,-60.725811888893475,0.0,,-64.03430163317144,-64.03430163317148,-64.03430163317054,0.0
2022-05-20,,-58.17324269979536,-58.17324269979529,0.0,,-61.8528170398312,-61.852817039831145,0.0,,-54.6095010421213,-54.609501042121366,0.0,,-60.72581188889226,-60.72581188889225,0.0,,-63.780865684729484,-63.78086568472951,-63.78086568472908,0.0
2022-05-21,,-58.173242699797164,-58.17324269979718,0.0,,-61.85281703983183,-61.852817039831805,0.0,,-54.60950104212004,-54.60950104212004,0.0,,-60.72581188889226,-60.72581188889225,0.0,,-63.68231985349546,-63.682319853495486,-63.68231985349472,0.0
2022-05-22,,-58.17324269979674,-58.17324269979673,0.0,,-61.85281703983258,-61.85281703983259,0.0,,-54.609501042120044,-54.60950104212004,0.0,,-60.72581188889249,-60.72581188889248,0.0,,-63.41566857951023,-63.415668579510196,-63.41566857951099,0.0
2022-05-23,,-58.17324269979569,-58.17324269979562,0.0,,-61.85281703983309,-61.85281703983314,0.0,,-54.60950104212118,-54.60950104212125,0.0,,-60.72581188889289,-60.72581188889292,0.0,,-63.01511116866884,-63.01511116866876,-63.015111168670195,0.0
2022-05-24,,-58.173242699796006,-58.173242699795956,0.0,,-61.85281703983268,-61.8528170398327,0.0,,-54.60950104212014,-54.609501042120144,0.0,,-60.725811888894356,-60.72581188889448,0.0,,-62.9619542751394,-62.96195427513951,-62.961954275137714,0.0
2022-05-25,,-58.17324269979789,-58.17324269979795,0.0,,-61.85281703983141,-61.852817039831365,0.0,,-54.60950104212118,-54.60950104212125,0.0,,-60.72581188889332,-60.72581188889337,0.0,,-62.88035319603169,-62.880353196031805,-62.88035319602973,0.0
2022-05-26,,-58.1732426997981,-58.17324269979818,0.0,,-61.85281703983195,-61.85281703983192,0.0,,-54.609501042119824,-54.60950104211981,0.0,,-60.72581188889374,-60.72581188889381,0.0,,-62.70956970118302,-62.709569701183135,-62.709569701180925,0.0
2022-05-27,,-58.173242699797584,-58.173242699797626,0.0,,-61.85281703983215,-61.85281703983214,0.0,,-54.60950104212076,-54.60950104212081,0.0,,-60.72581188889248,-60.72581188889248,0.0,,-62.509454517734746,-62.50945451773471,-62.509454517735314,0.0
2022-05-28,,-58.17324269979768,-58.17324269979773,0.0,,-61.85281703983342,-61.852817039833475,0.0,,-54.60950104212088,-54.609501042120925,0.0,,-60.725811888893425,-60.725811888893475,0.0,,-62.34084226135825,-62.34084226135839,-62.340842261355554,0.0
2022-05-29,,-58.173242699795345,-58.17324269979529,0.0,,-61.85281703983331,-61.85281703983336,0.0,,-54.609501042119604,-54.60950104211959,0.0,,-60.72581188889225,-60.72581188889225,0.0,,-62.22666711336225,-62.226667113362225,-62.226667113362744,0.0
2022-05-30,,-58.1732426997979,-58.17324269979795,0.0,,-61.852817039831095,-61.85281703983103,0.0,,-54.609501042120144,-54.609501042120144,0.0,,-60.72581188889269,-60.7258118888927,0.0,,-62.00989121356376,-62.00989121356382,-62.00989121356252,0.0
2022-05-31,,-58.17324269979802,-58.17324269979807,0.0,,-61.852817039831834,-61.852817039831805,0.0,,-54.60950104212152,-54.609501042121586,0.0,,-60.72581188889216,-60.725811888892146,0.0,,-61.56176585366266,-61.561765853662685,-61.561765853662266,0.0
2022-06-01,,-58.17324269979835,-58.1732426997984,0.0,,-61.85281703983237,-61.85281703983237,0.0,,-54.6095010421196,-54.60950104211959,0.0,,-60.72581188889215,-60.725811888892146,0.0,,-61.41062992902096,-61.41062992902102,-61.41062992901913,0.0
2022-06-02,,-58.17324269979674,-58.17324269979673,0.0,,-61.852817039833546,-61.85281703983358,0.0,,-54.609501042118644,-54.609501042118595,0.0,,-60.72581188889302,-60.725811888893034,0.0,,-61.09658860167295,-61.096588601673105,-61.096588601668216,0.0
2022-06-03,,-58.17324269979331,-58.17324269979318,0.0,,-61.85281703982209,-61.85281703982171,0.0,,-54.609501042126674,-54.609501042126915,0.0,,-60.72581188888767,-60.725811888887485,0.0,,-60.70608779512295,-60.706087795122876,-60.70608779512497,0.0
2022-06-04,,-58.17324269979524,-58.17324269979518,0.0,,-61.852817039835784,-61.85281703983592,0.0,,-54.60950104212302,-54.60950104212314,0.0,,-60.72581188889867,-60.72581188889892,0.0,,-60.5049156072332,-60.50491560723326,-60.50491560723191,0.0
2022-06-05,,-58.173242699795054,-58.173242699794955,0.0,,-61.852817039827315,-61.85281703982704,0.0,,-54.60950104211445,-54.60950104211415,0.0,,-60.72581188889058,-60.725811888890476,0.0,,-60.29113220930185,-60.29113220930227,-60.291132209293835,0.0
2022-06-06,,-58.17324269979411,-58.17324269979396,0.0,,-61.852817039852034,-61.85281703985312,0.0,,-54.60950104214655,-54.60950104214801,0.0,,-60.72581188887375,-60.72581188887271,0.0,,-60.20216206071062,-60.20216206071194,-60.20216206068656,0.0
2022-06-07,,-58.17324269979684,-58.173242699796845,0.0,,-61.85281703983236,-61.85281703983237,0.0,,-54.60950104212003,-54.60950104212004,0.0,,-60.72581188889247,-60.72581188889248,0.0,,-59.85832797085099,-59.858327970851,-59.85832797085105,0.0
2022-06-08,,-58.173242699796845,-58.173242699796845,0.0,,-61.85281703983237,-61.85281703983237,0.0,,-54.60950104212004,-54.60950104212004,0.0,,-60.72581188889248,-60.72581188889248,0.0,,-60.16780726500326,-60.16780726500326,-60.16780726500326,0.0
2022-06-09,,-58.173242699796845,-58.173242699796845,0.0,,-61.85281703983237,-61.85281703983237,0.0,,-54.60950104212004,-54.60950104212004,0.0,,-60.72581188889247,-60.72581188889248,0.0,,-60.31403998310792,-60.31403998310792,-60.31403998310789,0.0
2022-06-10,,-58.17324269979685,-58.173242699796845,0.0,,-61.852817039832374,-61.85281703983237,0.0,,-54.609501042120044,-54.60950104212004,0.0,,-60.72581188889249,-60.72581188889248,0.0,,-60.451129932998285,-60.451129932998285,-60.45112993299832,0.0
2022-06-11,,-58.17324269979684,-58.173242699796845,2.236595970673097e-07,,-61.85281703983237,-61.85281703983237,2.236595970673097e-07,,-54.60950104212003,-54.60950104212004,2.236595970673097e-07,,-60.72581188889247,-60.72581188889248,2.236595970673097e-07,,-60.405002248477885,-60.40500224847789,-60.405002248477835,2.236595970673097e-07
2022-06-12,,-58.173242699796845,-58.173242699796845,4.640885942513555e-07,,-61.85281703983237,-61.85281703983237,4.640885942513555e-07,,-54.60950104212004,-54.60950104212004,4.640885942513555e-07,,-60.72581188889247,-60.72581188889248,4.640885942513555e-07,,-60.25863075995485,-60.258630759954855,-60.258630759954976,4.640885942513555e-07
2022-06-13,,-58.17324269979685,-58.173242699796845,2.8630180766990958e-08,,-61.852817039832374,-61.85281703983237,2.8630180766990958e-08,,-54.609501042120044,-54.60950104212004,2.8630180766990958e-08,,-60.72581188889249,-60.72581188889248,2.8630180766990958e-08,,-60.09072345802691,-60.09072345802691,-60.09072345802696,2.8630180766990958e-08
2022-06-14,,-58.173242699796845,-58.173242699796845,0.0,,-61.85281703983237,-61.85281703983237,0.0,,-54.60950104212004,-54.60950104212004,0.0,,-60.72581188889248,-60.72581188889248,0.0,,-59.775153363314956,-59.775153363314956,-59.77515336331498,0.0
2022-06-15,,-58.17324269979684,-58.173242699796845,0.0,,-61.85281703983237,-61.85281703983237,0.0,,-54.60950104212004,-54.60950104212004,0.0,,-60.72581188889248,-60.72581188889248,0.0,,-59.39735675501844,-59.39735675501845,-59.39735675501851,0.0
2022-06-16,,-58.173242699796845,-58.173242699796845,0.0,,-61.85281703983237,-61.85281703983237,0.0,,-54.60950104212004,-54.60950104212004,0.0,,-60.72581188889247,-60.72581188889248,0.0,,-59.35783163263364,-59.35783163263364,-59.357831632633534,0.0
2022-06-17,,-58.173242699796845,-58.173242699796845,0.0,,-61.85281703983237,-61.85281703983237,0.0,,-54.60950104212004,-54.60950104212004,0.0,,-60.72581188889248,-60.72581188889248,0.0,,-59.13230021490201,-59.13230021490201,-59.13230021490201,0.0
2022-06-18,,-58.173242699796845,-58.173242699796845,0.0,,-61.85281703983237,-61.85281703983237,0.0,,-54.60950104212004,-54.60950104212004,0.0,,-60.72581188889248,-60.72581188889248,0.0,,-58.67350967108708,-58.67350967108709,-58.673509671087025,0.0
2022-06-19,,-58.173242699796845,-58.173242699796845,0.0,,-61.85281703983237,-61.85281703983237,0.0,,-54.60950104212004,-54.60950104212004,0.0,,-60.72581188889248,-60.72581188889248,0.0,,-58.31803279257886,-58.318032792578855,-58.318032792578876,0.0
2022-06-20,,-58.173242699796845,-58.173242699796845,3.1995800013317233e-07,,-61.85281703983236,-61.85281703983237,3.1995800013317233e-07,,-54.60950104212003,-54.60950104212004,3.1995800013317233e-07,,-60.72581188889247,-60.72581188889248,3.1995800013317233e-07,,-57.93066264418133,-57.93066264418134,-57.93066264418138,3.1995800013317233e-07
2022-06-21,,-58.173242699796845,-58.173242699796845,0.0,,-61.85281703983236,-61.85281703983237,0.0,,-54.60950104212003,-54.60950104212004,0.0,,-60.72581188889248,-60.72581188889248,0.0,,-57.42955335492628,-57.42955335492628,-57.429553354926384,0.0
2022-06-22,,-58.17324269979684,-58.173242699796845,0.0,,-61.85281703983236,-61.85281703983237,0.0,,-54.60950104212003,-54.60950104212004,0.0,,-60.725811888892466,-60.72581188889248,0.0,,-57.22676549447769,-57.2267654944777,-57.2267654944777,0.0
2022-06-23,,-58.17324269979684,-58.173242699796845,0.0,,-61.85281703983236,-61.85281703983237,0.0,,-54.60950104212003,-54.60950104212004,0.0,,-60.72581188889248,-60.72581188889248,0.0,,-56.94179511264641,-56.94179511264641,-56.94179511264652,0.0
2022-06-24,,-58.173242699796845,-58.173242699796845,0.0,,-61.85281703983236,-61.85281703983237,0.0,,-54.60950104212004,-54.60950104212004,0.0,,-60.72581188889247,-60.72581188889248,0.0,,-56.84484457216976,-56.84484457216976,-56.84484457216975,0.0
2022-06-25,,-58.17324269979685,-58.173242699796845,0.0,,-61.852817039832374,-61.85281703983237,0.0,,-54.60950104212004,-54.60950104212004,0.0,,-60.72581188889249,-60.72581188889248,0.0,,-56.71071374933657,-56.71071374933656,-56.7107137493364,0.0
2022-06-26,,-58.17324269979684,-58.173242699796845,0.0,,-61.85281703983236,-61.85281703983237,0.0,,-54.60950104212003,-54.60950104212004,0.0,,-60.72581188889248,-60.72581188889248,0.0,,-56.44971025247047,-56.449710252470474,-56.44971025247047,0.0
2022-06-27,,-58.173242699796845,-58.173242699796845,0.0,,-61.85281703983237,-61.85281703983237,0.0,,-54.60950104212004,-54.60950104212004,0.0,,-60.72581188889248,-60.72581188889248,0.0,,-56.19062964990806,-56.19062964990806,-56.19062964990808,0.0
2022-06-28,,-58.173242699796845,-58.173242699796845,0.0,,-61.85281703983237,-61.85281703983237,0.0,,-54.60950104212004,-54.60950104212004,0.0,,-60.72581188889248,-60.72581188889248,0.0,,-55.9902957267141,-55.9902957267141,-55.990295726714116,0.0
2022-06-29,,-58.173242699796845,-58.173242699796845,0.0,,-61.85281703983237,-61.85281703983237,0.0,,-54.60950104212004,-54.60950104212004,0.0,,-60.72581188889248,-60.72581188889248,0.0,,-55.78825712970081,-55.78825712970081,-55.78825712970084,0.0
2022-06-30,,-58.173242699796845,-58.173242699796845,0.0,,-61.85281703983237,-61.85281703983237,0.0,,-54.60950104212004,-54.60950104212004,0.0,,-60.72581188889247,-60.72581188889248,0.0,,-55.55845989020114,-55.55845989020114,-55.55845989020109,0.0
2022-07-01,,-58.17324269979685,-58.173242699796845,0.0,,-61.85281703983237,-61.85281703983237,0.0,,-54.609501042120044,-54.60950104212004,0.0,,-60.72581188889249,-60.72581188889248,0.0,,-55.2563776777325,-55.2563776777325,-55.25637767773251,0.0
2022-07-02,,-58.17324269979684,-58.173242699796845,0.0,,-61.85281703983236,-61.85281703983237,0.0,,-54.60950104212003,-54.60950104212004,0.0,,-60.72581188889247,-60.72581188889248,0.0,,-54.95871989167566,-54.95871989167567,-54.95871989167564,0.0
2022-07-03,,-58.173242699796845,-58.173242699796845,0.0,,-61.85281703983237,-61.85281703983237,0.0,,-54.60950104212004,-54.60950104212004,0.0,,-60.72581188889248,-60.72581188889248,0.0,,-54.527331065925885,-54.527331065925885,-54.5273310659258,0.0
2022-07-04,,-58.173242699796845,-58.173242699796845,0.0,,-61.85281703983236,-61.85281703983237,0.0,,-54.60950104212003,-54.60950104212004,0.0,,-60.72581188889247,-60.72581188889248,0.0,,-54.24979770834459,-54.249797708344595,-54.24979770834459,0.0
2022-07-05,,-58.17324269979684,-58.173242699796845,0.0,,-61.85281703983236,-61.85281703983237,0.0,,-54.60950104212003,-54.60950104212004,0.0,,-60.72581188889247,-60.72581188889248,0.0,,-53.875017672679995,-53.875017672679995,-53.87501767267983,0.0
2022-07-06,,-58.173242699796845,-58.173242699796845,0.0,,-61.85281703983237,-61.85281703983237,0.0,,-54.60950104212004,-54.60950104212004,0.0,,-60.72581188889248,-60.72581188889248,0.0,,-53.57505707396149,-53.57505707396149,-53.57505707396153,0.0
2022-07-07,,-58.17324269979685,-58.173242699796845,0.0,,-61.852817039832374,-61.85281703983237,0.0,,-54.609501042120044,-54.60950104212004,0.0,,-60.72581188889248,-60.72581188889248,0.0,,-53.360683916429345,-53.36068391642934,-53.36068391642926,0.0
2022-07-08,,-58.173242699796845,-58.173242699796845,0.0,,-61.85281703983237,-61.85281703983237,0.0,,-54.60950104212004,-54.60950104212004,0.0,,-60.72581188889248,-60.72581188889248,0.0,,-53.02966643639052,-53.029666436390514,-53.029666436390464,0.0
2022-07-09,,-58.17324269979684,-58.173242699796845,0.0,,-61.85281703983236,-61.85281703983237,0.0,,-54.60950104212004,-54.60950104212004,0.0,,-60.72581188889247,-60.72581188889248,0.0,,-52.681640905868015,-52.68164090586802,-52.681640905868036,0.0
2022-07-10,,-58.17324269979685,-58.173242699796845,0.0,,-61.85281703983237,-61.85281703983237,0.0,,-54.60950104212004,-54.60950104212004,0.0,,-60.72581188889248,-60.72581188889248,0.0,,-52.55159551213229,-52.55159551213229,-52.551595512132295,0.0
2022-07-11,,-58.173242699796845,-58.173242699796845,0.0,,-61.85281703983237,-61.85281703983237,0.0,,-54.60950104212004,-54.60950104212004,0.0,,-60.72581188889248,-60.72581188889248,0.0,,-52.40771847536585,-52.40771847536585,-52.407718475365996,0.0
2022-07-12,,-58.17324269979684,-58.173242699796845,0.0,,-61.85281703983236,-61.85281703983237,0.0,,-54.60950104212003,-54.60950104212004,0.0,,-60.72581188889247,-60.72581188889248,0.0,,-52.32494317812519,-52.324943178125196,-52.32494317812514,0.0
2022-07-13,,-58.17324269979684,-58.173242699796845,0.0,,-61.85281703983237,-61.85281703983237,0.0,,-54.60950104212004,-54.60950104212004,0.0,,-60.72581188889248,-60.72581188889248,0.0,,-52.099113168714396,-52.0991131687144,-52.09911316871444,0.0
2022-07-14,,-58.173242699796845,-58.173242699796845,0.0,,-61.85281703983237,-61.85281703983237,0.0,,-54.60950104212004,-54.60950104212004,0.0,,-60.72581188889248,-60.72581188889248,0.0,,-52.15260931589616,-52.15260931589616,-52.152609315896115,0.0
2022-07-15,,-58.173242699796845,-58.173242699796845,0.0,,-61.85281703983237,-61.85281703983237,0.0,,-54.60950104212004,-54.60950104212004,0.0,,-60.72581188889248,-60.72581188889248,0.0,,-52.39032337650973,-52.39032337650973,-52.39032337650973,0.0
2022-07-16,,-58.17324269979684,-58.173242699796845,0.0,,-61.85281703983236,-61.85281703983237,0.0,,-54.60950104212004,-54.60950104212004,0.0,,-60.72581188889247,-60.72581188889248,0.0,,-52.53242888538001,-52.532428885380014,-52.53242888537991,0.0
2022-07-17,,-58.173242699796845,-58.173242699796845,0.0,,-61.85281703983237,-61.85281703983237,0.0,,-54.60950104212004,-54.60950104212004,0.0,,-60.72581188889248,-60.72581188889248,0.0,,-52.6098276282041,-52.6098276282041,-52.609827628204144,0.0
2022-07-18,,-58.173242699796845,-58.173242699796845,0.0,,-61.852817039832374,-61.85281703983237,0.0,,-54.60950104212004,-54.60950104212004,0.0,,-60.72581188889248,-60.72581188889248,0.0,,-52.754080181629085,-52.75408018162908,-52.75408018162917,0.0
2022-07-19,,-58.17324269979685,-58.173242699796845,0.0,,-61.852817039832374,-61.85281703983237,0.0,,-54.609501042120044,-54.60950104212004,0.0,,-60.72581188889248,-60.72581188889248,0.0,,-52.880504334085536,-52.88050433408553,-52.88050433408558,0.0
2022-07-20,,-58.173242699796845,-58.173242699796845,0.0,,-61.85281703983237,-61.85281703983237,0.0,,-54.60950104212004,-54.60950104212004,0.0,,-60.72581188889249,-60.72581188889248,0.0,,-53.123874056670736,-53.123874056670736,-53.12387405667057,0.0
2022-07-21,,-58.173242699796845,-58.173242699796845,0.0,,-61.85281703983237,-61.85281703983237,0.0,,-54.60950104212004,-54.60950104212004,0.0,,-60.72581188889248,-60.72581188889248,0.0,,-53.39802244909575,-53.39802244909575,-53.39802244909578,0.0
2022-07-22,,-58.173242699796845,-58.173242699796845,0.0,,-61.85281703983236,-61.85281703983237,0.0,,-54.60950104212004,-54.60950104212004,0.0,,-60.72581188889247,-60.72581188889248,0.0,,-53.37815961427306,-53.37815961427306,-53.37815961427309,0.0
2022-07-23,,-58.173242699796845,-58.173242699796845,0.0,,-61.85281703983237,-61.85281703983237,0.0,,-54.60950104212004,-54.60950104212004,0.0,,-60.72581188889248,-60.72581188889248,0.0,,-53.40420531151258,-53.40420531151258,-53.4042053115126,0.0
2022-07-24,,-58.173242699796845,-58.173242699796845,7.122563004302421e-06,,-61.85281703983237,-61.85281703983237,7.122563004302421e-06,,-54.60950104212004,-54.60950104212004,7.122563004302421e-06,,-60.72581188889248,-60.72581188889248,7.122563004302421e-06,,-53.57553498438949,-53.57553498438949,-53.575534984389435,7.122563004302421e-06
2022-07-25,,-58.173242699796845,-58.173242699796845,6.723302004356801e-06,,-61.85281703983236,-61.85281703983237,6.723302004356801e-06,,-54.60950104212004,-54.60950104212004,6.723302004356801e-06,,-60.72581188889248,-60.72581188889248,6.723302004356801e-06,,-53.775767931567465,-53.775767931567465,-53.77576793156743,6.723302004356801e-06
2022-07-26,,-58.17324269979685,-58.173242699796845,3.6488502566675355e-06,,-61.852817039832374,-61.85281703983237,3.6488502566675355e-06,,-54.60950104212004,-54.60950104212004,3.6488502566675355e-06,,-60.72581188889248,-60.72581188889248,3.6488502566675355e-06,,-53.52536895877746,-53.52536895877746,-53.52536895877733,3.6488502566675355e-06
2022-07-27,,-58.17324269979685,-58.173242699796845,0.0,,-61.85281703983237,-61.85281703983237,0.0,,-54.60950104212004,-54.60950104212004,0.0,,-60.72581188889248,-60.72581188889248,0.0,,-53.63981365125259,-53.63981365125259,-53.63981365125261,0.0
2022-07-28,,-58.17324269979684,-58.173242699796845,0.0,,-61.85281703983237,-61.85281703983237,0.0,,-54.60950104212003,-54.60950104212004,0.0,,-60.72581188889247,-60.72581188889248,0.0,,-53.941356075041796,-53.9413560750418,-53.94135607504184,0.0
2022-07-29,,-58.17324269979685,-58.173242699796845,0.0,,-61.852817039832374,-61.85281703983237,0.0,,-54.609501042120044,-54.60950104212004,0.0,,-60.72581188889248,-60.72581188889248,0.0,,-54.1435215825068,-54.14352158250679,-54.14352158250675,0.0
2022-07-30,,-58.17324269979684,-58.173242699796845,0.0,,-61.85281703983237,-61.85281703983237,0.0,,-54.60950104212003,-54.60950104212004,0.0,,-60.72581188889248,-60.72581188889248,0.0,,-54.32977466688604,-54.329774666886046,-54.32977466688607,0.0
2022-07-31,,-58.17324269979686,-58.173242699796845,0.0,,-61.852817039832374,-61.85281703983237,0.0,,-54.609501042120044,-54.60950104212004,0.0,,-60.72581188889249,-60.72581188889248,0.0,,-54.32256092844213,-54.32256092844212,-54.322560928442115,0.0
2022-08-01,,-58.17324269979685,-58.173242699796845,0.0,,-61.852817039832374,-61.85281703983237,0.0,,-54.609501042120044,-54.60950104212004,0.0,,-60.725811888892494,-60.72581188889248,0.0,,-54.23178121427597,-54.23178121427596,-54.23178121427607,0.0
2022-08-02,,-58.17324269979684,-58.173242699796845,0.0,,-61.85281703983236,-61.85281703983237,0.0,,-54.60950104212004,-54.60950104212004,0.0,,-60.72581188889247,-60.72581188889248,0.0,,-54.16698508115525,-54.16698508115525,-54.16698508115525,0.0
2022-08-03,,-58.17324269979684,-58.173242699796845,0.0,,-61.85281703983237,-61.85281703983237,0.0,,-54.60950104212004,-54.60950104212004,0.0,,-60.72581188889248,-60.72581188889248,0.0,,-53.977521840729906,-53.977521840729906,-53.977521840730034,0.0
2022-08-04,,-58.17324269979685,-58.173242699796845,0.0,,-61.852817039832374,-61.85281703983237,0.0,,-54.609501042120044,-54.60950104212004,0.0,,-60.72581188889248,-60.72581188889248,0.0,,-53.988362065717,-53.988362065717,-53.98836206571703,0.0
2022-08-05,,-58.173242699796845,-58.173242699796845,0.0,,-61.85281703983237,-61.85281703983237,0.0,,-54.60950104212004,-54.60950104212004,0.0,,-60.72581188889248,-60.72581188889248,0.0,,-53.94801605499233,-53.94801605499233,-53.948016054992294,0.0
2022-08-06,,-58.173242699796845,-58.173242699796845,0.0,,-61.85281703983237,-61.85281703983237,0.0,,-54.60950104212004,-54.60950104212004,0.0,,-60.72581188889248,-60.72581188889248,0.0,,-53.69933565377938,-53.69933565377938,-53.69933565377936,0.0
2022-08-07,,-58.173242699796845,-58.173242699796845,0.0,,-61.85281703983237,-61.85281703983237,0.0,,-54.60950104212003,-54.60950104212004,0.0,,-60.72581188889248,-60.72581188889248,0.0,,-53.81115990322304,-53.81115990322305,-53.811159903223114,0.0
2022-08-08,,-58.17324269979684,-58.173242699796845,3.2097062093836684e-07,,-61.85281703983237,-61.85281703983237,3.2097062093836684e-07,,-54.60950104212003,-54.60950104212004,3.2097062093836684e-07,,-60.72581188889247,-60.72581188889248,3.2097062093836684e-07,,-54.096065937459414,-54.096065937459414,-54.0960659374595,3.2097062093836684e-07
2022-08-09,,-58.173242699796845,-58.173242699796845,0.0,,-61.85281703983237,-61.85281703983237,0.0,,-54.60950104212004,-54.60950104212004,0.0,,-60.72581188889248,-60.72581188889248,0.0,,-54.285263295391516,-54.285263295391516,-54.28526329539154,0.0
2022-08-10,,-58.17324269979684,-58.173242699796845,0.0,,-61.85281703983236,-61.85281703983237,0.0,,-54.60950104212003,-54.60950104212004,0.0,,-60.72581188889247,-60.72581188889248,0.0,,-54.45871850262462,-54.45871850262463,-54.45871850262465,0.0
2022-08-11,,-58.173242699796845,-58.173242699796845,0.0,,-61.85281703983237,-61.85281703983237,0.0,,-54.609501042120044,-54.60950104212004,0.0,,-60.72581188889248,-60.72581188889248,0.0,,-54.73331344043597,-54.73331344043597,-54.73331344043592,0.0
2022-08-12,,-58.17324269979685,-58.173242699796845,0.0,,-61.852817039832374,-61.85281703983237,0.0,,-54.609501042120044,-54.60950104212004,0.0,,-60.72581188889249,-60.72581188889248,0.0,,-54.751766277784114,-54.75176627778411,-54.751766277783986,0.0
2022-08-13,,-58.173242699796845,-58.173242699796845,0.0,,-61.85281703983236,-61.85281703983237,0.0,,-54.60950104212003,-54.60950104212004,0.0,,-60.72581188889248,-60.72581188889248,0.0,,-54.722021726643746,-54.72202172664375,-54.72202172664379,0.0
2022-08-14,,-58.173242699796845,-58.173242699796845,0.0,,-61.85281703983237,-61.85281703983237,0.0,,-54.60950104212004,-54.60950104212004,0.0,,-60.72581188889248,-60.72581188889248,0.0,,-54.560055177615865,-54.560055177615865,-54.56005517761602,0.0
2022-08-15,,-58.17324269979684,-58.173242699796845,0.0,,-61.85281703983237,-61.85281703983237,0.0,,-54.60950104212003,-54.60950104212004,0.0,,-60.72581188889247,-60.72581188889248,0.0,,-54.30317764927605,-54.30317764927606,-54.30317764927607,0.0
2022-08-16,,-58.173242699796845,-58.173242699796845,0.0,,-61.852817039832374,-61.85281703983237,0.0,,-54.609501042120044,-54.60950104212004,0.0,,-60.72581188889248,-60.72581188889248,0.0,,-54.17533538553055,-54.175335385530545,-54.175335385530545,0.0
2022-08-17,,-58.173242699796845,-58.173242699796845,0.0,,-61.85281703983237,-61.85281703983237,0.0,,-54.60950104212004,-54.60950104212004,0.0,,-60.72581188889248,-60.72581188889248,0.0,,-54.25961266073487,-54.25961266073487,-54.259612660734916,0.0
2022-08-18,,-58.173242699796845,-58.173242699796845,0.0,,-61.85281703983237,-61.85281703983237,0.0,,-54.60950104212004,-54.60950104212004,0.0,,-60.72581188889247,-60.72581188889248,0.0,,-54.1532664512836,-54.1532664512836,-54.15326645128364,0.0
2022-08-19,,-58.17324269979685,-58.173242699796845,0.0,,-61.852817039832374,-61.85281703983237,0.0,,-54.60950104212004,-54.60950104212004,0.0,,-60.72581188889249,-60.72581188889248,0.0,,-54.110442203974436,-54.11044220397443,-54.11044220397443,0.0
2022-08-20,,-58.173242699796845,-58.173242699796845,0.0,,-61.85281703983237,-61.85281703983237,0.0,,-54.60950104212003,-54.60950104212004,0.0,,-60.72581188889248,-60.72581188889248,0.0,,-54.231244600775554,-54.231244600775554,-54.23124460077541,0.0
2022-08-21,,-58.17324269979685,-58.173242699796845,0.0,,-61.852817039832374,-61.85281703983237,0.0,,-54.60950104212004,-54.60950104212004,0.0,,-60.72581188889248,-60.72581188889248,0.0,,-54.35053049002781,-54.35053049002781,-54.350530490027694,0.0
2022-08-22,,-58.17324269979685,-58.173242699796845,8.011502046094779e-08,,-61.852817039832374,-61.85281703983237,8.011502046094779e-08,,-54.609501042120044,-54.60950104212004,8.011502046094779e-08,,-60.72581188889249,-60.72581188889248,8.011502046094779e-08,,-54.24705874518677,-54.24705874518676,-54.247058745186735,8.011502046094779e-08
2022-08-23,,-58.173242699796845,-58.173242699796845,0.0,,-61.85281703983237,-61.85281703983237,0.0,,-54.60950104212003,-54.60950104212004,0.0,,-60.72581188889248,-60.72581188889248,0.0,,-54.394709244804496,-54.394709244804496,-54.394709244804474,0.0
2022-08-24,,-58.17324269979684,-58.173242699796845,0.0,,-61.85281703983236,-61.85281703983237,0.0,,-54.60950104212004,-54.60950104212004,0.0,,-60.72581188889248,-60.72581188889248,0.0,,-54.302588364571356,-54.302588364571356,-54.30258836457142,0.0
2022-08-25,,-58.173242699796845,-58.173242699796845,0.0,,-61.85281703983237,-61.85281703983237,0.0,,-54.60950104212004,-54.60950104212004,0.0,,-60.72581188889248,-60.72581188889248,0.0,,-54.26132421481456,-54.26132421481456,-54.261324214814564,0.0
2022-08-26,,-58.173242699796845,-58.173242699796845,0.0,,-61.852817039832374,-61.85281703983237,0.0,,-54.609501042120044,-54.60950104212004,0.0,,-60.72581188889249,-60.72581188889248,0.0,,-54.10410610036032,-54.10410610036032,-54.104106100360355,0.0
2022-08-27,,-58.173242699796845,-58.173242699796845,0.0,,-61.85281703983237,-61.85281703983237,0.0,,-54.60950104212004,-54.60950104212004,0.0,,-60.72581188889248,-60.72581188889248,0.0,,-54.33101358964754,-54.33101358964754,-54.33101358964753,0.0
2022-08-28,,-58.173242699796845,-58.173242699796845,0.0,,-61.85281703983237,-61.85281703983237,0.0,,-54.60950104212004,-54.60950104212004,0.0,,-60.72581188889248,-60.72581188889248,0.0,,-54.345017424464174,-54.34501742446418,-54.34501742446412,0.0
2022-08-29,,-58.173242699796845,-58.173242699796845,0.0,,-61.85281703983236,-61.85281703983237,0.0,,-54.60950104212003,-54.60950104212004,0.0,,-60.72581188889248,-60.72581188889248,0.0,,-54.429742810716,-54.429742810716,-54.42974281071604,0.0
2022-08-30,,-58.17324269979685,-58.173242699796845,0.0,,-61.85281703983237,-61.85281703983237,0.0,,-54.60950104212004,-54.60950104212004,0.0,,-60.72581188889248,-60.72581188889248,0.0,,-54.34632876941548,-54.34632876941548,-54.34632876941538,0.0
2022-08-31,,-58.17324269979685,-58.173242699796845,0.0,,-61.85281703983237,-61.85281703983237,0.0,,-54.60950104212004,-54.60950104212004,0.0,,-60.72581188889248,-60.72581188889248,0.0,,-54.4190514971934,-54.419051497193394,-54.41905149719337,0.0
2022-09-01,,-58.17324269979685,-58.173242699796845,0.0,,-61.852817039832374,-61.85281703983237,0.0,,-54.609501042120044,-54.60950104212004,0.0,,-60.72581188889249,-60.72581188889248,0.0,,-54.52380697899651,-54.523806978996504,-54.523806978996554,0.0
2022-09-02,,-58.17324269979684,-58.173242699796845,0.0,,-61.85281703983236,-61.85281703983237,0.0,,-54.60950104212004,-54.60950104212004,0.0,,-60.72581188889247,-60.72581188889248,0.0,,-54.41948628223091,-54.41948628223092,-54.41948628223092,0.0
2022-09-03,,-58.173242699796845,-58.173242699796845,0.0,,-61.85281703983237,-61.85281703983237,0.0,,-54.60950104212004,-54.60950104212004,0.0,,-60.72581188889248,-60.72581188889248,0.0,,-54.58141533312455,-54.58141533312455,-54.5814153331245,0.0
2022-09-04,,-58.173242699796845,-58.173242699796845,0.0,,-61.85281703983237,-61.85281703983237,0.0,,-54.60950104212004,-54.60950104212004,0.0,,-60.72581188889248,-60.72581188889248,0.0,,-54.58806904936908,-54.58806904936908,-54.58806904936907,0.0
2022-09-05,,-58.173242699796845,-58.173242699796845,0.0,,-61.85281703983237,-61.85281703983237,0.0,,-54.609501042120044,-54.60950104212004,0.0,,-60.72581188889248,-60.72581188889248,0.0,,-54.72064814765687,-54.72064814765687,-54.720648147656924,0.0
2022-09-06,,-58.173242699796845,-58.173242699796845,0.0,,-61.85281703983237,-61.85281703983237,0.0,,-54.60950104212004,-54.60950104212004,0.0,,-60.72581188889248,-60.72581188889248,0.0,,-54.85314096057537,-54.85314096057537,-54.85314096057535,0.0
2022-09-07,,-58.173242699796845,-58.173242699796845,0.0,,-61.85281703983237,-61.85281703983237,0.0,,-54.60950104212004,-54.60950104212004,0.0,,-60.72581188889248,-60.72581188889248,0.0,,-55.06837527179465,-55.06837527179464,-55.068375271794736,0.0
2022-09-08,,-58.17324269979684,-58.173242699796845,0.0,,-61.85281703983236,-61.85281703983237,0.0,,-54.60950104212003,-54.60950104212004,0.0,,-60.72581188889247,-60.72581188889248,0.0,,-55.21004415609054,-55.21004415609055,-55.21004415609056,0.0
2022-09-09,,-58.17324269979684,-58.173242699796845,0.0,,-61.85281703983237,-61.85281703983237,0.0,,-54.60950104212003,-54.60950104212004,0.0,,-60.72581188889247,-60.72581188889248,0.0,,-55.403208553772004,-55.40320855377201,-55.40320855377202,0.0
2022-09-10,,-58.17324269979685,-58.173242699796845,0.0,,-61.852817039832374,-61.85281703983237,0.0,,-54.609501042120044,-54.60950104212004,0.0,,-60.72581188889249,-60.72581188889248,0.0,,-55.41876085988417,-55.41876085988417,-55.418760859884216,0.0
2022-09-11,,-58.17324269979684,-58.173242699796845,0.0,,-61.85281703983237,-61.85281703983237,0.0,,-54.60950104212004,-54.60950104212004,0.0,,-60.72581188889248,-60.72581188889248,0.0,,-55.627203376837016,-55.627203376837016,-55.62720337683696,0.0
2022-09-12,,-58.173242699796845,-58.173242699796845,0.0,,-61.85281703983237,-61.85281703983237,0.0,,-54.609501042120044,-54.60950104212004,0.0,,-60.72581188889248,-60.72581188889248,0.0,,-55.81790090555383,-55.81790090555383,-55.81790090555379,0.0
2022-09-13,,-58.17324269979684,-58.173242699796845,0.0,,-61.85281703983237,-61.85281703983237,0.0,,-54.60950104212004,-54.60950104212004,0.0,,-60.72581188889247,-60.72581188889248,0.0,,-56.16237555566916,-56.162375555669165,-56.16237555566914,0.0
2022-09-14,,-58.173242699796845,-58.173242699796845,0.0,,-61.85281703983237,-61.85281703983237,0.0,,-54.60950104212004,-54.60950104212004,0.0,,-60.72581188889248,-60.72581188889248,0.0,,-56.23809179763184,-56.23809179763184,-56.238091797631725,0.0
2022-09-15,,-58.17324269979684,-58.173242699796845,0.0,,-61.85281703983237,-61.85281703983237,0.0,,-54.60950104212004,-54.60950104212004,0.0,,-60.72581188889248,-60.72581188889248,0.0,,-56.15724297780289,-56.15724297780289,-56.15724297780288,0.0
2022-09-16,,-58.17324269979684,-58.173242699796845,0.0,,-61.85281703983237,-61.85281703983237,0.0,,-54.60950104212004,-54.60950104212004,0.0,,-60.72581188889248,-60.72581188889248,0.0,,-56.39944806823305,-56.39944806823305,-56.39944806823304,0.0
2022-09-17,,-58.17324269979685,-58.173242699796845,0.0,,-61.85281703983237,-61.85281703983237,0.0,,-54.60950104212004,-54.60950104212004,0.0,,-60.72581188889249,-60.72581188889248,0.0,,-56.3649173057148,-56.3649173057148,-56.364917305714755,0.0
2022-09-18,,-58.17324269979685,-58.173242699796845,0.0,,-61.852817039832374,-61.85281703983237,0.0,,-54.609501042120044,-54.60950104212004,0.0,,-60.72581188889249,-60.72581188889248,0.0,,-56.52386022793677,-56.523860227936765,-56.52386022793673,0.0
2022-09-19,,-58.17324269979685,-58.173242699796845,0.0,,-61.852817039832374,-61.85281703983237,0.0,,-54.60950104212004,-54.60950104212004,0.0,,-60.72581188889249,-60.72581188889248,0.0,,-56.77022205382688,-56.77022205382687,-56.770222053826885,0.0
2022-09-20,,-58.173242699796845,-58.173242699796845,0.0,,-61.85281703983237,-61.85281703983237,0.0,,-54.60950104212004,-54.60950104212004,0.0,,-60.72581188889249,-60.72581188889248,0.0,,-56.75894364819701,-56.758943648197004,-56.758943648197075,0.0
2022-09-21,,-58.173242699796845,-58.173242699796845,0.0,,-61.85281703983237,-61.85281703983237,0.0,,-54.60950104212004,-54.60950104212004,0.0,,-60.72581188889248,-60.72581188889248,0.0,,-57.034680775531534,-57.034680775531534,-57.034680775531484,0.0
2022-09-22,,-58.173242699796845,-58.173242699796845,0.0,,-61.85281703983237,-61.85281703983237,0.0,,-54.60950104212004,-54.60950104212004,0.0,,-60.72581188889248,-60.72581188889248,0.0,,-57.26663487215,-57.26663487215,-57.26663487215001,0.0
2022-09-23,,-58.173242699796845,-58.173242699796845,0.0,,-61.852817039832374,-61.85281703983237,0.0,,-54.60950104212004,-54.60950104212004,0.0,,-60.72581188889248,-60.72581188889248,0.0,,-57.423496728605144,-57.42349672860514,-57.423496728605116,0.0
2022-09-24,,-58.17324269979685,-58.173242699796845,0.0,,-61.85281703983237,-61.85281703983237,0.0,,-54.609501042120044,-54.60950104212004,0.0,,-60.72581188889249,-60.72581188889248,0.0,,-57.50345826270787,-57.503458262707866,-57.503458262707866,0.0
2022-09-25,,-58.173242699796845,-58.173242699796845,0.0,,-61.85281703983236,-61.85281703983237,0.0,,-54.60950104212004,-54.60950104212004,0.0,,-60.72581188889247,-60.72581188889248,0.0,,-57.74862765030886,-57.74862765030886,-57.74862765030888,0.0
2022-09-26,,-58.173242699796845,-58.173242699796845,0.0,,-61.85281703983237,-61.85281703983237,0.0,,-54.60950104212004,-54.60950104212004,0.0,,-60.72581188889248,-60.72581188889248,0.0,,-57.93452840394464,-57.93452840394464,-57.93452840394464,0.0
2022-09-27,,-58.173242699796845,-58.173242699796845,0.0,,-61.85281703983236,-61.85281703983237,0.0,,-54.60950104212003,-54.60950104212004,0.0,,-60.72581188889247,-60.72581188889248,0.0,,-58.172660672267455,-58.172660672267455,-58.172660672267405,0.0
2022-09-28,,-58.173242699796845,-58.173242699796845,0.0,,-61.85281703983237,-61.85281703983237,0.0,,-54.60950104212003,-54.60950104212004,0.0,,-60.72581188889247,-60.72581188889248,0.0,,-58.387574610719085,-58.387574610719085,-58.38757461071924,0.0
2022-09-29,,-58.173242699796845,-58.173242699796845,0.0,,-61.852817039832374,-61.85281703983237,0.0,,-54.60950104212004,-54.60950104212004,0.0,,-60.72581188889249,-60.72581188889248,0.0,,-59.070944385477006,-59.070944385477,-59.070944385476984,0.0
2022-09-30,,-58.17324269979685,-58.173242699796845,0.0,,-61.85281703983237,-61.85281703983237,0.0,,-54.60950104212004,-54.60950104212004,0.0,,-60.72581188889249,-60.72581188889248,0.0,,-58.71358739949784,-58.71358739949783,-58.713587399497726,0.0
2022-10-01,,-58.173242699796845,-58.173242699796845,0.0,,-61.85281703983237,-61.85281703983237,0.0,,-54.60950104212004,-54.60950104212004,0.0,,-60.72581188889248,-60.72581188889248,0.0,,-58.873697507275224,-58.873697507275224,-58.87369750727528,0.0
2022-10-02,,-58.173242699796845,-58.173242699796845,0.0,,-61.85281703983237,-61.85281703983237,0.0,,-54.60950104212004,-54.60950104212004,0.0,,-60.72581188889248,-60.72581188889248,0.0,,-59.035940714039064,-59.03594071403906,-59.03594071403902,0.0
2022-10-03,,-58.173242699796845,-58.173242699796845,0.0,,-61.85281703983237,-61.85281703983237,0.0,,-54.60950104212004,-54.60950104212004,0.0,,-60.72581188889248,-60.72581188889248,0.0,,-59.136944835838875,-59.13694483583887,-59.13694483583886,0.0
2022-10-04,,-58.17324269921702,-58.17324269920476,0.0,,-61.852817039777996,-61.85281703977685,0.0,,-54.60950104175527,-54.609501041747556,0.0,,-60.72581188887628,-60.72581188887594,0.0,,-59.28710234831273,-59.287102348302255,-59.287102348807856,0.0
2022-10-05,,-58.173242699796845,-58.173242699796845,0.0,,-61.85281703983237,-61.85281703983237,0.0,,-54.60950104212004,-54.60950104212004,0.0,,-60.72581188889248,-60.72581188889248,0.0,,-59.32396514695637,-59.32396514695637,-59.323965146956475,0.0
2022-10-06,,-58.173242699796845,-58.173242699796845,0.0,,-61.852817039832374,-61.85281703983237,0.0,,-54.609501042120044,-54.60950104212004,0.0,,-60.72581188889249,-60.72581188889248,0.0,,-59.46897003885311,-59.4689700388531,-59.46897003885309,0.0
2022-10-07,,-58.173242699796845,-58.173242699796845,0.0,,-61.85281703983237,-61.85281703983237,0.0,,-54.60950104212003,-54.60950104212004,0.0,,-60.72581188889247,-60.72581188889248,0.0,,-59.568683792529555,-59.568683792529555,-59.568683792529555,0.0
2022-10-08,,-58.17324269981432,-58.17324269981472,0.0,,-61.85281703987046,-61.85281703987133,0.0,,-54.609501042127306,-54.60950104212748,0.0,,-60.72581188886328,-60.725811888862616,0.0,,-59.73415175188243,-59.73415175188224,-59.734151751890806,0.0
2022-10-09,,-58.17324269982109,-58.17324269982127,0.0,,-61.852817039829496,-61.852817039829475,0.0,,-54.60950104212566,-54.6095010421257,0.0,,-60.72581188890394,-60.725811888904026,0.0,,-59.90380040248924,-59.90380040248922,-59.903800402492195,0.0
2022-10-10,,-58.17324269979368,-58.173242699793626,4.551503737906836e-07,,-61.85281703984001,-61.85281703984013,4.551503737906836e-07,,-54.60950104212287,-54.60950104212292,4.551503737906836e-07,,-60.725811888876315,-60.725811888876045,4.551503737906836e-07,,-60.07723534769003,-60.07723534769016,-60.07723534768222,4.551503737906836e-07
2022-10-11,,-58.173242699798806,-58.17324269979884,0.0,,-61.85281703983836,-61.85281703983847,0.0,,-54.60950104211819,-54.60950104211815,0.0,,-60.725811888895315,-60.725811888895365,0.0,,-60.0030629622098,-60.00306296221003,-60.00306296219811,0.0
2022-10-12,,-58.17324269979608,-58.17324269979607,0.0,,-61.852817039825865,-61.852817039825815,0.0,,-54.60950104212004,-54.60950104212004,0.0,,-60.72581188889325,-60.725811888893254,0.0,,-60.20156870973854,-60.20156870973858,-60.201568709731674,0.0
2022-10-13,,-58.173242699790094,-58.17324269979007,0.0,,-61.8528170398296,-61.85281703982959,0.0,,-54.60950104211329,-54.609501042113266,0.0,,-60.72581188888827,-60.72581188888826,0.0,,-60.27106162559494,-60.271061625594925,-60.27106162559924,0.0
2022-10-14,,-58.17324269979872,-58.173242699798735,2.8610108686060943e-06,,-61.852817039833134,-61.85281703983314,2.8610108686060943e-06,,-54.609501042121686,-54.6095010421217,2.8610108686060943e-06,,-60.72581188889424,-60.725811888894256,2.8610108686060943e-06,,-60.610797969344205,-60.61079796934421,-60.61079796934372,2.8610108686060943e-06
2022-10-15,-100.0,-58.63662103343288,-58.173242699796404,1.5915073756505307e-05,-100.0,-62.275431156099856,-61.85281703982637,1.5915073756505307e-05,-90.8461297020019,-55.0109490550378,-54.609501042118595,1.5915073756505307e-05,-100.0,-61.16091154797402,-60.72581188889137,1.5915073756505307e-05,-100.0,-61.56579222089085,-61.13522828727902,-61.135228287284335,1.5915073756505307e-05
2022-10-16,-34.53572265749827,-57.89932830011505,-58.173242699798955,1.1222093026318369e-05,-38.7546007901044,-61.58515215677884,-61.85281703983303,1.1222093026318369e-05,-10.456750445230089,-54.09785370549057,-54.609501042118815,1.1222093026318369e-05,-37.49821552480348,-60.45664773364954,-60.72581188889015,1.1222093026318369e-05,-37.45450497904845,-60.41293302788143,-60.68209713435013,-60.68209713435027,1.1222093026318369e-05
2022-10-17,,-58.17324269979882,-58.17324269979884,8.623201012024468e-06,,-61.85281703983467,-61.8528170398347,8.623201012024468e-06,,-54.60950104212124,-54.60950104212125,8.623201012024468e-06,,-60.72581188889258,-60.725811888892586,8.623201012024468e-06,,-60.92760544802169,-60.92760544802167,-60.92760544802313,8.623201012024468e-06
2022-10-18,,-58.17324269979608,-58.17324269979607,7.342355534690694e-06,,-61.852817039831486,-61.85281703983148,7.342355534690694e-06,,-54.60950104212047,-54.60950104212048,7.342355534690694e-06,,-60.7258118888927,-60.7258118888927,7.342355534690694e-06,,-61.049632267679115,-61.04963226767912,-61.04963226767882,7.342355534690694e-06
2022-10-19,,-58.17324269979718,-58.17324269979718,5.589548955270141e-06,,-61.85281703983303,-61.85281703983303,5.589548955270141e-06,,-54.60950104212004,-54.60950104212004,5.589548955270141e-06,,-60.725811888891386,-60.72581188889137,5.589548955270141e-06,,-61.048164630791774,-61.04816463079177,-61.04816463079224,5.589548955270141e-06
2022-10-20,,-58.17324269979696,-58.17324269979696,3.4608875257088392e-06,,-61.852817039833134,-61.85281703983314,3.4608875257088392e-06,,-54.609501042120144,-54.609501042120144,3.4608875257088392e-06,,-60.72581188889259,-60.725811888892586,3.4608875257088392e-06,,-61.01570699243585,-61.01570699243586,-61.01570699243554,3.4608875257088392e-06
2022-10-21,,-58.17324269979717,-58.17324269979718,2.4115326736318535e-06,,-61.852817039833354,-61.85281703983336,2.4115326736318535e-06,,-54.60950104212004,-54.60950104212004,2.4115326736318535e-06,,-60.72581188889148,-60.72581188889148,2.4115326736318535e-06,,-61.11183452994828,-61.11183452994828,-61.11183452994818,2.4115326736318535e-06
2022-10-22,,-58.173242699796404,-58.173242699796404,1.40040087666275e-06,,-61.85281703983259,-61.85281703983259,1.40040087666275e-06,,-54.60950104211981,-54.60950104211981,1.40040087666275e-06,,-60.72581188889225,-60.72581188889225,1.40040087666275e-06,,-61.22576839452554,-61.22576839452554,-61.2257683945258,1.40040087666275e-06
2022-10-23,,-58.173242699796845,-58.173242699796845,6.841177593420392e-07,,-61.85281703983237,-61.85281703983237,6.841177593420392e-07,,-54.6095010421197,-54.6095010421197,6.841177593420392e-07,,-60.7258118888927,-60.7258118888927,6.841177593420392e-07,,-61.25052769751138,-61.25052769751138,-61.25052769751128,6.841177593420392e-07
2022-10-24,,-58.173242699796404,-58.173242699796404,1.4941429495660627e-07,,-61.85281703983269,-61.8528170398327,1.4941429495660627e-07,,-54.609501042120144,-54.609501042120144,1.4941429495660627e-07,,-60.725811888892586,-60.725811888892586,1.4941429495660627e-07,,-61.33753048641021,-61.337530486410216,-61.33753048640986,1.4941429495660627e-07
2022-10-25,,-58.17324269979761,-58.173242699797626,4.890008701262201e-06,,-61.852817039832246,-61.85281703983225,4.890008701262201e-06,,-54.60950104211959,-54.60950104211959,4.890008701262201e-06,,-60.72581188889325,-60.725811888893254,4.890008701262201e-06,,-61.359045229718014,-61.35904522971802,-61.359045229718284,4.890008701262201e-06
2022-10-26,-15.268245744944785,-57.748597669731346,-58.17324269979696,2.494217106956368e-05,-21.7351568499492,-61.45575920912311,-61.8528170398327,2.494217106956368e-05,4.655096489759147,-54.022939602033496,-54.609501042120144,2.494217106956368e-05,-19.778200670129586,-60.32053975671172,-60.725811888892586,2.494217106956368e-05,-21.25980029023511,-61.25042348660071,-61.65018051826632,-61.65018051826615,2.494217106956368e-05
2022-10-27,-34.07365759832026,-57.76594156551655,-58.17324269979673,2.519244909579464e-05,-38.86690651246683,-61.464337844408774,-61.85281703983214,2.519244909579464e-05,-14.586188470059437,-53.93307692362974,-54.609501042120144,2.519244909579464e-05,-37.424259986312606,-60.33199811656211,-60.72581188889248,2.519244909579464e-05,-38.56273802873134,-61.26109799054861,-61.65131228021137,-61.651418815123165,2.519244909579464e-05
2022-10-28,-53.49214360310728,-58.12675976992637,-58.17324269979651,5.697277185499487e-05,-57.08206278621331,-61.80544384161135,-61.85281703983214,5.697277185499487e-05,-42.12616197198371,-54.485542509613715,-54.60950104212004,5.697277185499487e-05,-55.99597269145673,-60.67884497382162,-60.72581188889225,5.697277185499487e-05,-58.09652887464234,-62.087742030571206,-62.12777194341535,-62.82090669920625,5.697277185499487e-05
2022-10-29,-49.89235811323789,-58.1679079472898,-58.17324269979673,7.820927259049168e-05,-53.62826924172459,-61.84751858089037,-61.85281703983225,7.820927259049168e-05,-36.09323513635032,-54.597572401534926,-54.60950104212004,7.820927259049168e-05,-52.501509758082875,-60.720513588215375,-60.72581188889225,7.820927259049168e-05,-54.32939692744565,-62.39480780116758,-62.40000708964277,-62.55213370537231,7.820927259049168e-05
2022-10-30,-46.85252039868848,-58.17324269979673,-58.17324269979673,7.923596421512695e-05,-50.636684815548946,-61.85281703983214,-61.85281703983214,7.923596421512695e-05,-29.69067304081885,-54.6095010421197,-54.6095010421197,7.923596421512695e-05,-49.5008354997647,-60.72581188889225,-60.72581188889225,7.923596421512695e-05,-51.02720050232534,-62.030405857157135,-62.030405857157135,-61.758815476854714,7.923596421512695e-05
2022-10-31,-46.76588423465211,-58.17324269979651,-58.17324269979651,8.901616898060859e-05,-50.55896892037459,-61.85281703983225,-61.85281703983225,8.901616898060859e-05,-29.563123537642454,-54.60950104211959,-54.60950104211959,8.901616898060859e-05,-49.42039391259867,-60.72581188889225,-60.72581188889225,8.901616898060859e-05,-51.041763166132405,-62.32435825727589,-62.32435825727589,-62.5495515858484,8.901616898060859e-05
2022-11-01,-46.837355937550676,-58.17324269979651,-58.17324269979651,9.92470689845866e-05,-50.63270774370465,-61.85281703983214,-61.85281703983214,9.92470689845866e-05,-29.742317939146055,-54.60950104212004,-54.60950104212004,9.92470689845866e-05,-49.49323137478112,-60.72581188889248,-60.72581188889248,9.92470689845866e-05,-51.246115353351776,-62.52603949799662,-62.52603949799662,-62.66587729787519,9.92470689845866e-05
2022-11-02,-47.14368383582379,-58.17324269979673,-58.17324269979673,0.00011219113428632994,-50.937241565763514,-61.85281703983292,-61.85281703983292,0.00011219113428632994,-30.425379935099084,-54.609501042120144,-54.609501042120144,0.00011219113428632994,-49.79766503484839,-60.725811888892586,-60.725811888892586,0.00011219113428632994,-51.47613467197021,-62.1782635438205,-62.1782635438205,-62.17826354382011,0.00011219113428632994
2022-11-03,-46.15682618456651,-58.17324269979673,-58.17324269979673,0.00011500797057874019,-49.96140720572284,-61.8528170398327,-61.8528170398327,0.00011500797057874019,-28.273160240378292,-54.60950104212037,-54.60950104212037,0.00011500797057874019,-48.82043182881202,-60.725811888892586,-60.725811888892586,0.00011500797057874019,-50.37532944199119,-62.01236624836248,-62.01236624836248,-62.01236624836244,0.00011500797057874019
2022-11-04,-45.4112220768238,-58.17324269979651,-58.17324269979651,0.00011606100135489964,-49.22403026677835,-61.85281703983225,-61.85281703983225,0.00011606100135489964,-26.630612386863596,-54.60950104211937,-54.60950104211937,0.00011606100135489964,-48.082044106081966,-60.72581188889225,-60.72581188889225,0.00011606100135489964,-49.654540045921955,-62.47915119222436,-62.47915119222436,-62.47915119222442,0.00011606100135489964
2022-11-05,-46.37909629943204,-58.17324269979729,-58.17324269979729,0.00013059653958251774,-50.182036452491644,-61.85281703983192,-61.85281703983192,0.00013059653958251774,-28.739848951577997,-54.60950104212004,-54.60950104212004,0.00013059653958251774,-49.04112105888492,-60.72581188889225,-60.72581188889225,0.00013059653958251774,-50.98924955153272,-63.33715796185124,-63.33715796185124,-63.337157961852,0.00013059653958251774
2022-11-06,-45.91717410544371,-58.17324269979696,-58.17324269979696,0.00013303142128828592,-49.72505289203,-61.85281703983192,-61.85281703983192,0.00013303142128828592,-27.72975240580855,-54.60950104211959,-54.60950104211959,0.00013303142128828592,-48.58355579582818,-60.72581188889203,-60.72581188889203,0.00013303142128828592,-50.603669857308354,-62.75370204543673,-62.75370204543673,-62.75370204543651,0.00013303142128828592
2022-11-07,-46.43290027188562,-58.173242699796845,-58.173242699796845,0.00014477215193769066,-50.23545406486263,-61.85281703983237,-61.85281703983237,0.00014477215193769066,-28.858378832159694,-54.60950104212004,-54.60950104212004,0.00014477215193769066,-49.094545055506366,-60.72581188889248,-60.72581188889248,0.00014477215193769066,-51.11263836630053,-62.70490972733267,-62.70490972733267,-62.70490972733269,0.00014477215193769066
2022-11-08,-46.06584421832105,-58.173242699796845,-58.173242699796845,0.00014802804029653737,-49.87228426006496,-61.85281703983237,-61.85281703983237,0.00014802804029653737,-28.056441678876553,-54.60950104212004,-54.60950104212004,0.00014802804029653737,-48.73092466987205,-60.72581188889248,-60.72581188889248,0.00014802804029653737,-50.609056362215796,-62.212631031101196,-62.212631031101196,-62.21263103110117,0.00014802804029653737
2022-11-09,-45.736335891623185,-58.173242699796845,-58.173242699796845,0.0001515119066350502,-49.54627214847929,-61.85281703983237,-61.85281703983237,0.0001515119066350502,-27.33231165292804,-54.60950104212004,-54.60950104212004,0.0001515119066350502,-48.40450915007555,-60.72581188889248,-60.72581188889248,0.0001515119066350502,-50.23679755658439,-62.432621678270465,-62.432621678270465,-62.43262167827044,0.0001515119066350502
2022-11-10,-44.55045375541988,-58.173242699796845,-58.173242699796845,0.00014400005588026345,-48.37286049426703,-61.85281703983237,-61.85281703983237,0.00014400005588026345,-24.726550091332733,-54.60950104212004,-54.60950104212004,0.00014400005588026345,-47.229681365624664,-60.72581188889248,-60.72581188889248,0.00014400005588026345,-49.024010593717634,-62.37560624758465,-62.37560624758465,-62.375606247584706,0.00014400005588026345
2022-11-11,-44.70873398486408,-58.173242699796845,-58.173242699796845,0.00014748665343357426,-48.52953787582537,-61.85281703983237,-61.85281703983237,0.00014748665343357426,-25.058337144094,-54.60950104212004,-54.60950104212004,0.00014748665343357426,-47.386541134259886,-60.72581188889248,-60.72581188889248,0.00014748665343357426,-49.3269209730155,-62.98050639981656,-62.98050639981656,-62.98050639981659,0.00014748665343357426
2022-11-12,-45.084727364158695,-58.173242699796845,-58.173242699796845,0.00015405658260157572,-48.901622004688726,-61.85281703983237,-61.85281703983237,0.00015405658260157572,-25.87456356090656,-54.60950104212004,-54.60950104212004,0.00015405658260157572,-47.759068051912436,-60.72581188889248,-60.72581188889248,0.00015405658260157572,-49.69996706863633,-62.64316459192409,-62.64316459192409,-62.64316459192413,0.00015405658260157572
2022-11-13,-44.06231949398964,-58.173242699796845,-58.173242699796845,0.00014636599251019127,-47.88995795836626,-61.85281703983237,-61.85281703983237,0.00014636599251019127,-23.626882645148783,-54.60950104212004,-54.60950104212004,0.00014636599251019127,-46.74618635427996,-60.72581188889248,-60.72581188889248,0.00014636599251019127,-48.63299145182687,-62.41319627034825,-62.41319627034825,-62.41319627034827,0.00014636599251019127
2022-11-14,-43.56247979464112,-58.173242699796845,-58.173242699796845,0.00014166169223084582,-47.395402610123874,-61.85281703983237,-61.85281703983237,0.00014166169223084582,-22.516312838498198,-54.60950104212004,-54.60950104212004,0.00014166169223084582,-46.251035082434996,-60.72581188889248,-60.72581188889248,0.00014166169223084582,-48.188855129110976,-62.78240229259124,-62.78240229259124,-62.782402292591314,0.00014166169223084582
2022-11-15,-44.21627716628074,-58.173242699796845,-58.173242699796845,0.000147284729835695,-48.042375098387154,-61.85281703983237,-61.85281703983237,0.000147284729835695,-23.93934227558969,-54.60950104212004,-54.60950104212004,0.000147284729835695,-46.89878323166874,-60.72581188889248,-60.72581188889248,0.000147284729835695,-49.10776502940317,-63.57854372519234,-63.57854372519234,-63.57854372519225,0.000147284729835695
2022-11-16,-43.87638812745121,-58.173242699796845,-58.173242699796845,0.00014439974894593812,-47.70606557216428,-61.85281703983237,-61.85281703983237,0.00014439974894593812,-23.189008355392172,-54.60950104212004,-54.60950104212004,0.00014439974894593812,-46.562068871858656,-60.72581188889248,-60.72581188889248,0.00014439974894593812,-48.77153371702347,-62.90135877469694,-62.90135877469694,-62.90135877469688,0.00014439974894593812
2022-11-17,-43.777245830694646,-58.173242699796845,-58.173242699796845,0.00014323583377556177,-47.60798019334145,-61.85281703983237,-61.85281703983237,0.00014323583377556177,-22.965569822872457,-54.60950104212004,-54.60950104212004,0.00014323583377556177,-46.46386499059973,-60.72581188889248,-60.72581188889248,0.00014323583377556177,-48.61140063234415,-62.621923250053555,-62.621923250053555,-62.62192325005361,0.00014323583377556177
2022-11-18,-43.66579986521213,-58.173242699796845,-58.173242699796845,0.00014171087288791993,-47.497720536106236,-61.85281703983237,-61.85281703983237,0.00014171087288791993,-22.71488240243802,-54.60950104212004,-54.60950104212004,0.00014171087288791993,-46.353472303444995,-60.72581188889248,-60.72581188889248,0.00014171087288791993,-48.44161792953905,-62.59503148549883,-62.59503148549883,-62.595031485498836,0.00014171087288791993
2022-11-19,-44.392090024365615,-58.173242699796845,-58.173242699796845,0.00014835107827797,-48.21639980774795,-61.85281703983237,-61.85281703983237,0.00014835107827797,-24.305791671225595,-54.60950104212004,-54.60950104212004,0.00014835107827797,-47.07301435607292,-60.72581188889248,-60.72581188889248,0.00014835107827797,-49.2545906798395,-63.0812830750791,-63.0812830750791,-63.081283075079135,0.00014835107827797
2022-11-20,-45.29769731541655,-58.173242699796845,-58.173242699796845,0.00016027243709084,-49.112488522931926,-61.85281703983237,-61.85281703983237,0.00016027243709084,-26.300414306120956,-54.60950104212004,-54.60950104212004,0.00016027243709084,-47.97017911661561,-60.72581188889248,-60.72581188889248,0.00016027243709084,-50.30823445584609,-63.32945648638544,-63.32945648638544,-63.32945648638541,0.00016027243709084
2022-11-21,-44.75596927737524,-58.173242699796845,-58.173242699796845,0.00015846657229127043,-48.57641802675439,-61.85281703983237,-61.85281703983237,0.00015846657229127043,-25.121993046611003,-54.60950104212004,-54.60950104212004,0.00015846657229127043,-47.43346440177554,-60.72581188889248,-60.72581188889248,0.00015846657229127043,-49.75997139472754,-62.987630345048395,-62.987630345048395,-62.98763034504826,0.00015846657229127043
2022-11-22,-44.45872436403198,-58.173242699796845,-58.173242699796845,0.00015767827874271523,-48.28228791612909,-61.85281703983237,-61.85281703983237,0.00015767827874271523,-24.471365272369372,-54.60950104212004,-54.60950104212004,0.00015767827874271523,-47.13898078376777,-60.72581188889248,-60.72581188889248,0.00015767827874271523,-49.55011030033629,-63.31374811330237,-63.31374811330237,-63.31374811330251,0.00015767827874271523
2022-11-23,-44.08240118628526,-58.173242699796845,-58.173242699796845,0.00015500881932855787,-47.90991962460356,-61.85281703983237,-61.85281703983237,0.00015500881932855787,-23.643041623758965,-54.60950104212004,-54.60950104212004,0.00015500881932855787,-46.76616505263353,-60.72581188889248,-60.72581188889248,0.00015500881932855787,-49.21703355145479,-63.24988922569696,-63.24988922569696,-63.24988922569699,0.00015500881932855787
2022-11-24,-43.15153813287809,-58.173242699796845,-58.173242699796845,0.00014575061235182218,-46.98884279027749,-61.85281703983237,-61.85281703983237,0.00014575061235182218,-21.592442990964855,-54.60950104212004,-54.60950104212004,0.00014575061235182218,-45.843981653779565,-60.72581188889248,-60.72581188889248,0.00014575061235182218,-48.20291168734636,-62.70098952494385,-62.70098952494385,-62.70098952494382,0.00014575061235182218
2022-11-25,-43.08294256816914,-58.173242699796845,-58.173242699796845,0.0001429640285113521,-46.92100262095467,-61.85281703983237,-61.85281703983237,0.0001429640285113521,-21.427951663586022,-54.60950104212004,-54.60950104212004,0.0001429640285113521,-45.776059922657986,-60.72581188889248,-60.72581188889248,0.0001429640285113521,-48.08640112612095,-62.86392582058697,-62.86392582058697,-62.86392582058697,0.0001429640285113521
2022-11-26,-43.67084675347543,-58.173242699796845,-58.173242699796845,0.0001463354994243236,-47.50275971241857,-61.85281703983237,-61.85281703983237,0.0001463354994243236,-22.709916828281052,-54.60950104212004,-54.60950104212004,0.0001463354994243236,-46.35851582945316,-60.72581188889248,-60.72581188889248,0.0001463354994243236,-48.790252711395475,-63.404251028652325,-63.404251028652325,-63.40425102865231,0.0001463354994243236
2022-11-27,-43.31014779954667,-58.173242699796845,-58.173242699796845,0.00014204817929915176,-47.145853734941845,-61.85281703983237,-61.85281703983237,0.00014204817929915176,-21.91486549431676,-54.60950104212004,-54.60950104212004,0.00014204817929915176,-46.00118106603524,-60.72581188889248,-60.72581188889248,0.00014204817929915176,-48.44126797084947,-63.15088211012132,-63.15088211012132,-63.15088211012134,0.00014204817929915176
2022-11-28,-43.62584342486042,-58.173242699796845,-58.173242699796845,0.00014348040063219235,-47.458245107913186,-61.85281703983237,-61.85281703983237,0.00014348040063219235,-22.60453611609048,-54.60950104212004,-54.60950104212004,0.00014348040063219235,-46.31394769141306,-60.72581188889248,-60.72581188889248,0.00014348040063219235,-48.802323924500456,-63.30689843466186,-63.30689843466186,-63.306898434661925,0.00014348040063219235
2022-11-29,-43.926030634397925,-58.173242699796845,-58.173242699796845,0.00014564841163894183,-47.75527961998749,-61.85281703983237,-61.85281703983237,0.00014564841163894183,-23.26454590434213,-54.60950104212004,-54.60950104212004,0.00014564841163894183,-46.611339014624996,-60.72581188889248,-60.72581188889248,0.00014564841163894183,-49.133610489002,-63.30243755593212,-63.30243755593212,-63.30243755593217,0.00014564841163894183
2022-11-30,-44.24332443093748,-58.173242699796845,-58.173242699796845,0.00014889631376168997,-48.06923330431889,-61.85281703983237,-61.85281703983237,0.00014889631376168997,-23.96523143614693,-54.60950104212004,-54.60950104212004,0.00014889631376168997,-46.92566984025537,-60.72581188889248,-60.72581188889248,0.00014889631376168997,-49.422694793700536,-63.12352639655283,-63.12352639655283,-63.12352639655283,0.00014889631376168997
2022-12-01,-45.60325549601829,-58.173242699796845,-58.173242699796845,0.00016601462147819456,-49.41486495068725,-61.85281703983237,-61.85281703983237,0.00016601462147819456,-26.962119754306624,-54.60950104212004,-54.60950104212004,0.00016601462147819456,-48.27291799309774,-60.72581188889248,-60.72581188889248,0.00016601462147819456,-50.936443962236844,-63.64733136274947,-63.64733136274947,-63.6473313627495,0.00016601462147819456
2022-12-02,-45.42229452847235,-58.173242699796845,-58.173242699796845,0.00016989315509107237,-49.23575714196604,-61.85281703983237,-61.85281703983237,0.00016989315509107237,-26.582829784540184,-54.60950104212004,-54.60950104212004,0.00016989315509107237,-48.09359501319599,-60.72581188889248,-60.72581188889248,0.00016989315509107237,-50.89421953714734,-63.794520019406995,-63.794520019406995,-63.794520019406995,0.00016989315509107237
2022-12-03,-45.565962510458306,-58.173242699796845,-58.173242699796845,0.00017692170319810816,-49.377892537255555,-61.85281703983237,-61.85281703983237,0.00017692170319810816,-26.908141513872774,-54.60950104212004,-54.60950104212004,0.00017692170319810816,-48.235901152374524,-60.72581188889248,-60.72581188889248,0.00017692170319810816,-51.07256550144368,-63.61489961329148,-63.61489961329148,-63.614899613291456,0.00017692170319810816
2022-12-04,-45.9880863996045,-58.173242699796845,-58.173242699796845,0.0001889488686888523,-49.79556495828563,-61.85281703983237,-61.85281703983237,0.0001889488686888523,-27.843554027818797,-54.60950104212004,-54.60950104212004,0.0001889488686888523,-48.65407532374944,-60.72581188889248,-60.72581188889248,0.0001889488686888523,-51.628778245385035,-63.985188833357796,-63.985188833357796,-63.98518883335786,0.0001889488686888523
2022-12-05,-45.78427358635617,-58.173242699796845,-58.173242699796845,0.00019306645487835225,-49.593868226382675,-61.85281703983237,-61.85281703983237,0.00019306645487835225,-27.40510105618299,-54.60950104212004,-54.60950104212004,0.00019306645487835225,-48.452136289590996,-60.72581188889248,-60.72581188889248,0.00019306645487835225,-51.41301424531986,-63.60550700582124,-63.60550700582124,-63.60550700582109,0.00019306645487835225
2022-12-06,-45.50025488961174,-58.173242699796845,-58.173242699796845,0.00019538660572392802,-49.31281716646152,-61.85281703983237,-61.85281703983237,0.00019538660572392802,-26.786694667732426,-54.60950104212004,-54.60950104212004,0.00019538660572392802,-48.170747598826225,-60.72581188889248,-60.72581188889248,0.00019538660572392802,-51.084240785007395,-63.45598307874478,-63.45598307874478,-63.45598307874478,0.00019538660572392802
2022-12-07,-45.2669086030042,-58.173242699796845,-58.173242699796845,0.00019755407596855183,-49.081916378641345,-61.85281703983237,-61.85281703983237,0.00019755407596855183,-26.275763388961092,-54.60950104212004,-54.60950104212004,0.00019755407596855183,-47.939569426519114,-60.72581188889248,-60.72581188889248,0.00019755407596855183,-50.882538116988286,-63.71365861675815,-63.71365861675815,-63.71365861675824,0.00019755407596855183
2022-12-08,-44.97955080247451,-58.173242699796845,-58.173242699796845,0.00019778978479825766,-48.797576975164404,-61.85281703983237,-61.85281703983237,0.00019778978479825766,-25.64383098098555,-54.60950104212004,-54.60950104212004,0.00019778978479825766,-47.654888442601795,-60.72581188889248,-60.72581188889248,0.00019778978479825766,-50.581957362371256,-63.5578052952599,-63.5578052952599,-63.557805295259925,0.00019778978479825766
2022-12-09,-44.94041475424637,-58.173242699796845,-58.173242699796845,0.00020048955167765412,-48.758859580887105,-61.85281703983237,-61.85281703983237,0.00020048955167765412,-25.55484285583298,-54.60950104212004,-54.60950104212004,0.00020048955167765412,-47.61612453614905,-60.72581188889248,-60.72581188889248,0.00020048955167765412,-50.58859179776387,-63.81167644122099,-63.81167644122099,-63.81167644122095,0.00020048955167765412
2022-12-10,-45.14030764072441,-58.173242699796845,-58.173242699796845,0.0002065573313249376,-48.956661021175016,-61.85281703983237,-61.85281703983237,0.0002065573313249376,-25.991293456844254,-54.60950104212004,-54.60950104212004,0.0002065573313249376,-47.81416359673485,-60.72581188889248,-60.72581188889248,0.0002065573313249376,-50.825327694709046,-63.83347458117405,-63.83347458117405,-63.83347458117407,0.0002065573313249376
2022-12-11,-45.12295993928994,-58.173242699796845,-58.173242699796845,0.0002097959179370434,-48.93949660605435,-61.85281703983237,-61.85281703983237,0.0002097959179370434,-25.95273493423178,-54.60950104212004,-54.60950104212004,0.0002097959179370434,-47.79697856151588,-60.72581188889248,-60.72581188889248,0.0002097959179370434,-50.75043212634844,-63.410271322529525,-63.410271322529525,-63.410271322529546,0.0002097959179370434
2022-12-12,-44.90771016121076,-58.173242699796845,-58.173242699796845,0.00021024039925903297,-48.72650732258643,-61.85281703983237,-61.85281703983237,0.00021024039925903297,-25.47951453296293,-54.60950104212004,-54.60950104212004,0.00021024039925903297,-47.58373341172073,-60.72581188889248,-60.72581188889248,0.00021024039925903297,-50.479037620650644,-63.362498345396205,-63.362498345396205,-63.36249834539615,0.00021024039925903297
2022-12-13,-45.11187829082508,-58.173242699796845,-58.173242699796845,0.00021692154521548858,-48.92853834458777,-61.85281703983237,-61.85281703983237,0.00021692154521548858,-25.92564070646064,-54.60950104212004,-54.60950104212004,0.00021692154521548858,-47.786007135263375,-60.72581188889248,-60.72581188889248,0.00021692154521548858,-50.774770351533775,-63.96075121678535,-63.96075121678535,-63.960751216785354,0.00021692154521548858
2022-12-14,-45.28660511671967,-58.173242699796845,-58.173242699796845,0.00022358623569667267,-49.10143139337253,-61.85281703983237,-61.85281703983237,0.00022358623569667267,-26.30932538805397,-54.60950104212004,-54.60950104212004,0.00022358623569667267,-47.959107881949016,-60.72581188889248,-60.72581188889248,0.00022358623569667267,-50.98914576309899,-63.866162130114425,-63.866162130114425,-63.86616213011456,0.00022358623569667267
2022-12-15,-45.506621182395236,-58.173242699796845,-58.173242699796845,0.00023162357055859524,-49.319135429656825,-61.85281703983237,-61.85281703983237,0.00023162357055859524,-26.793614173302615,-54.60950104212004,-54.60950104212004,0.00023162357055859524,-48.17707344804234,-60.72581188889248,-60.72581188889248,0.00023162357055859524,-51.240452003576074,-63.879297102357626,-63.879297102357626,-63.87929710235764,0.00023162357055859524
2022-12-16,-45.324349782790094,-58.173242699796845,-58.173242699796845,0.00023295694977928526,-49.13877129009103,-61.85281703983237,-61.85281703983237,0.00023295694977928526,-26.395595707532692,-54.60950104212004,-54.60950104212004,0.00023295694977928526,-47.99649263523498,-60.72581188889248,-60.72581188889248,0.00023295694977928526,-51.010194433894654,-63.45667702414304,-63.45667702414304,-63.456677024143126,0.00023295694977928526
2022-12-17,-45.315778449778406,-58.173242699796845,-58.173242699796845,0.00023679775201294786,-49.13028819388254,-61.85281703983237,-61.85281703983237,0.00023679775201294786,-26.377455865242204,-54.60950104212004,-54.60950104212004,0.00023679775201294786,-47.987999348132135,-60.72581188889248,-60.72581188889248,0.00023679775201294786,-50.953037033675045,-63.42361867725976,-63.42361867725976,-63.42361867725969,0.00023679775201294786
2022-12-18,-46.167641345450036,-58.173242699796845,-58.173242699796845,0.00025811400308624446,-49.97320978067354,-61.85281703983237,-61.85281703983237,0.00025811400308624446,-28.248450405351843,-54.60950104212004,-54.60950104212004,0.00025811400308624446,-48.8319335445796,-60.72581188889248,-60.72581188889248,0.00025811400308624446,-51.87652000311083,-63.99526095459018,-63.99526095459018,-63.99526095459016,0.00025811400308624446
2022-12-19,-46.583622001687644,-58.173242699796845,-58.173242699796845,0.0002758508596702888,-50.3848104740795,-61.85281703983237,-61.85281703983237,0.0002758508596702888,-29.167488872995474,-54.60950104212004,-54.60950104212004,0.0002758508596702888,-49.24402869776379,-60.72581188889248,-60.72581188889248,0.0002758508596702888,-52.315816417120246,-63.85776906912033,-63.85776906912033,-63.85776906912046,0.0002758508596702888
2022-12-20,-46.64862967262451,-58.173242699796845,-58.173242699796845,0.0002876391010805922,-50.44911846164546,-61.85281703983237,-61.85281703983237,0.0002876391010805922,-29.31709303805585,-54.60950104212004,-54.60950104212004,0.0002876391010805922,-49.308413939089576,-60.72581188889248,-60.72581188889248,0.0002876391010805922,-52.37891798872163,-63.75510066572132,-63.75510066572132,-63.75510066572127,0.0002876391010805922
2022-12-21,-46.497195002773715,-58.173242699796845,-58.173242699796845,0.00029406440596737476,-50.299258077714185,-61.85281703983237,-61.85281703983237,0.00029406440596737476,-28.99048504212598,-54.60950104212004,-54.60950104212004,0.00029406440596737476,-49.15837352642405,-60.72581188889248,-60.72581188889248,0.00029406440596737476,-52.20010887484794,-63.59095629833922,-63.59095629833922,-63.59095629833925,0.00029406440596737476
2022-12-22,-46.711910688654214,-58.173242699796845,-58.173242699796845,0.00030889655284592433,-50.51171246301544,-61.85281703983237,-61.85281703983237,0.00030889655284592433,-29.465095805726428,-54.60950104212004,-54.60950104212004,0.00030889655284592433,-49.37108313517879,-60.72581188889248,-60.72581188889248,0.00030889655284592433,-52.42218440763191,-63.784566215068224,-63.784566215068224,-63.784566215068196,0.00030889655284592433
2022-12-23,-46.97061416889237,-58.173242699796845,-58.173242699796845,0.0003264604726272432,-50.76769248871172,-61.85281703983237,-61.85281703983237,0.0003264604726272432,-30.036493176293423,-54.60950104212004,-54.60950104212004,0.0003264604726272432,-49.62737067209999,-60.72581188889248,-60.72581188889248,0.0003264604726272432,-52.691529462058014,-63.8153224008593,-63.8153224008593,-63.815322400859245,0.0003264604726272432
2022-12-24,-47.021742268948174,-58.173242699796845,-58.173242699796845,0.00033983733599709853,-50.8182729830281,-61.85281703983237,-61.85281703983237,0.00033983733599709853,-30.153123050178145,-54.60950104212004,-54.60950104212004,0.00033983733599709853,-49.67801192923149,-60.72581188889248,-60.72581188889248,0.00033983733599709853,-52.71733449567384,-63.60942867977237,-63.60942867977237,-63.609428679772314,0.00033983733599709853
2022-12-25,-47.429718554635954,-58.173242699796845,-58.173242699796845,0.00036506894406250446,-51.221961189024555,-61.85281703983237,-61.85281703983237,0.00036506894406250446,-31.051520989400338,-54.60950104212004,-54.60950104212004,0.00036506894406250446,-50.0821850897033,-60.72581188889248,-60.72581188889248,0.00036506894406250446,-53.170727990663245,-63.99698504398954,-63.99698504398954,-63.996985043989596,0.00036506894406250446
2022-12-26,-47.64461082585969,-58.173242699796845,-58.173242699796845,0.00038645742112930514,-51.43458831797465,-61.85281703983237,-61.85281703983237,0.00038645742112930514,-31.52729183951419,-54.60950104212004,-54.60950104212004,0.00038645742112930514,-50.29506764963998,-60.72581188889248,-60.72581188889248,0.00038645742112930514,-53.38858316013828,-63.81383940633434,-63.81383940633434,-63.81383940633425,0.00038645742112930514
2022-12-27,-47.945780090513864,-58.173242699796845,-58.173242699796845,0.0004137532978064529,-51.732587685443974,-61.85281703983237,-61.85281703983237,0.0004137532978064529,-32.19223226365708,-54.60950104212004,-54.60950104212004,0.0004137532978064529,-50.593425006580595,-60.72581188889248,-60.72581188889248,0.0004137532978064529,-53.729418822853205,-64.03490317010518,-64.03490317010518,-64.03490317010505,0.0004137532978064529
2022-12-28,-48.29791564843544,-58.173242699796845,-58.173242699796845,0.0004440230490967535,-52.08102044470031,-61.85281703983237,-61.85281703983237,0.0004440230490967535,-32.96830012993901,-54.60950104212004,-54.60950104212004,0.0004440230490967535,-50.94227634142467,-60.72581188889248,-60.72581188889248,0.0004440230490967535,-54.12786324657315,-64.15388942277589,-64.15388942277589,-64.15388942277579,0.0004440230490967535
2022-12-29,-48.83903403133927,-58.173242699796845,-58.173242699796845,0.00048232035307215425,-52.61645788706482,-61.85281703983237,-61.85281703983237,0.00048232035307215425,-34.15728290038589,-54.60950104212004,-54.60950104212004,0.00048232035307215425,-51.478357009886565,-60.72581188889248,-60.72581188889248,0.00048232035307215425,-54.68918939560952,-64.07718869522982,-64.07718869522982,-64.07718869522968,0.00048232035307215425
2022-12-30,-49.730089778952326,-58.173242699796845,-58.173242699796845,0.0005421911786271606,-53.49816754841974,-61.85281703983237,-61.85281703983237,0.0005421911786271606,-36.11174428532304,-54.60950104212004,-54.60950104212004,0.0005421911786271606,-52.36112587745589,-60.72581188889248,-60.72581188889248,0.0005421911786271606,-55.630235540903186,-64.34473544620234,-64.34473544620234,-64.34473544620232,0.0005421911786271606
2022-12-31,-50.55880452421479,-58.173242699796845,-58.173242699796845,0.0006057606111789569,-54.318192885482674,-61.85281703983237,-61.85281703983237,0.0006057606111789569,-37.92836152953893,-54.60950104212004,-54.60950104212004,0.0006057606111789569,-53.18213631876778,-60.72581188889248,-60.72581188889248,0.0006057606111789569,-56.4746229730726,-64.19394965448654,-64.19394965448654,-64.19394965448659,0.0006057606111789569
2023-01-01,-51.358131992078945,-58.173242699796845,-58.173242699796845,0.0006779005137512848,-55.109141296778795,-61.85281703983237,-61.85281703983237,0.0006779005137512848,-39.67968833585878,-54.60950104212004,-54.60950104212004,0.0006779005137512848,-53.97403490392527,-60.72581188889248,-60.72581188889248,0.0006779005137512848,-57.291459907667154,-64.24823040983641,-64.24823040983641,-64.24823040983652,0.0006779005137512848
2023-01-02,-51.98223290128568,-58.173242699796845,-58.173242699796845,0.0007463346713370129,-55.726700429362566,-61.85281703983237,-61.85281703983237,0.0007463346713370129,-41.046919184418826,-54.60950104212004,-54.60950104212004,0.0007463346713370129,-54.59233591617818,-60.72581188889248,-60.72581188889248,0.0007463346713370129,-57.91559518975442,-64.10672993087863,-64.10672993087863,-64.10672993087856,0.0007463346713370129
2023-01-03,-52.428350117899036,-58.173242699796845,-58.173242699796845,0.0008042933327262672,-56.16814151469329,-61.85281703983237,-61.85281703983237,0.0008042933327262672,-42.0242239995261,-54.60950104212004,-54.60950104212004,0.0008042933327262672,-55.03430730889025,-60.72581188889248,-60.72581188889248,0.0008042933327262672,-58.35442486287601,-64.00547330331385,-64.00547330331385,-64.00547330331388,0.0008042933327262672
2023-01-04,-52.83776949949648,-58.173242699796845,-58.173242699796845,0.0008660110750193425,-56.573269426986485,-61.85281703983237,-61.85281703983237,0.0008660110750193425,-42.921134826571226,-54.60950104212004,-54.60950104212004,0.0008660110750193425,-55.43992190520375,-60.72581188889248,-60.72581188889248,0.0008660110750193425,-58.77576382708482,-64.2665706008414,-64.2665706008414,-64.26657060084128,0.0008660110750193425
2023-01-05,-53.220422523314156,-58.173242699796845,-58.173242699796845,0.0009329187649550798,-56.95191154224077,-61.85281703983237,-61.85281703983237,0.0009329187649550798,-43.759408866751556,-54.60950104212004,-54.60950104212004,0.0009329187649550798,-55.81901888683816,-60.72581188889248,-60.72581188889248,0.0009329187649550798,-59.17969793296973,-64.40796705661789,-64.40796705661789,-64.40796705661789,0.0009329187649550798
2023-01-06,-53.50553030987726,-58.173242699796845,-58.173242699796845,0.0009899022253529641,-57.23403087401224,-61.85281703983237,-61.85281703983237,0.0009899022253529641,-44.38399155982287,-54.60950104212004,-54.60950104212004,0.0009899022253529641,-56.10147713125046,-60.72581188889248,-60.72581188889248,0.0009899022253529641,-59.47551627468406,-64.31857915777506,-64.31857915777506,-64.31857915777512,0.0009899022253529641
2023-01-07,-53.804386500074685,-58.173242699796845,-58.173242699796845,0.0010576175252421157,-57.529754500822314,-61.85281703983237,-61.85281703983237,0.0010576175252421157,-45.03869273920691,-54.60950104212004,-54.60950104212004,0.0010576175252421157,-56.397556013670695,-60.72581188889248,-60.72581188889248,0.0010576175252421157,-59.793694182278756,-64.44500665230657,-64.44500665230657,-64.44500665230656,0.0010576175252421157
2023-01-08,-54.04636806857799,-58.173242699796845,-58.173242699796845,0.0011196315117341616,-57.76919965674065,-61.85281703983237,-61.85281703983237,0.0011196315117341616,-45.56879927032409,-54.60950104212004,-54.60950104212004,0.0011196315117341616,-56.63728881733587,-60.72581188889248,-60.72581188889248,0.0011196315117341616,-60.04853628302031,-64.39474085976526,-64.39474085976526,-64.39474085976526,0.0011196315117341616
2023-01-09,-54.237140886957306,-58.173242699796845,-58.173242699796845,0.0011738971962098747,-57.9579728245666,-61.85281703983237,-61.85281703983237,0.0011738971962098747,-45.986723319696665,-54.60950104212004,-54.60950104212004,0.0011738971962098747,-56.8262887601666,-60.72581188889248,-60.72581188889248,0.0011738971962098747,-60.248444018647376,-64.37302113234055,-64.37302113234055,-64.3730211323406,0.0011738971962098747
2023-01-10,-54.40089777562629,-58.173242699796845,-58.173242699796845,0.0012248558853893742,-58.120013239390865,-61.85281703983237,-61.85281703983237,0.0012248558853893742,-46.345463849960296,-54.60950104212004,-54.60950104212004,0.0012248558853893742,-56.988523835684866,-60.72581188889248,-60.72581188889248,0.0012248558853893742,-60.4174055792861,-64.30964663757344,-64.30964663757344,-64.30964663757348,0.0012248558853893742
2023-01-11,-54.57247181942604,-58.173242699796845,-58.173242699796845,0.0012832193537438475,-58.2897888711601,-61.85281703983237,-61.85281703983237,0.0012832193537438475,-46.721329341497196,-54.60950104212004,-54.60950104212004,0.0012832193537438475,-57.158503420538075,-60.72581188889248,-60.72581188889248,0.0012832193537438475,-60.59906020276884,-64.41138906111688,-64.41138906111688,-64.41138906111672,0.0012832193537438475
2023-01-12,-54.731078666670264,-58.173242699796845,-58.173242699796845,0.00134234709259103,-58.4467332264802,-61.85281703983237,-61.85281703983237,0.00134234709259103,-47.06878772902634,-54.60950104212004,-54.60950104212004,0.00134234709259103,-57.31563631460723,-60.72581188889248,-60.72581188889248,0.00134234709259103,-60.775299027537535,-64.6001209340351,-64.6001209340351,-64.600120934035,0.00134234709259103
2023-01-13,-54.887174643575065,-58.173242699796845,-58.173242699796845,0.0014061117429812885,-58.60119303000744,-61.85281703983237,-61.85281703983237,0.0014061117429812885,-47.410745578751246,-54.60950104212004,-54.60950104212004,0.0014061117429812885,-57.470281672168056,-60.72581188889248,-60.72581188889248,0.0014061117429812885,-60.9528661355957,-64.69093557976092,-64.69093557976092,-64.69093557976093,0.0014061117429812885
2023-01-14,-55.00596464257479,-58.173242699796845,-58.173242699796845,0.0014588485123853588,-58.71873789099813,-61.85281703983237,-61.85281703983237,0.0014588485123853588,-47.67097760671357,-54.60950104212004,-54.60950104212004,0.0014588485123853588,-57.58796774092012,-60.72581188889248,-60.72581188889248,0.0014588485123853588,-61.08032480288528,-64.4787341261327,-64.4787341261327,-64.47873412613279,0.0014588485123853588
2023-01-15,-55.13559830162862,-58.173242699796845,-58.173242699796845,0.0015211059217055418,-58.84701275051085,-61.85281703983237,-61.85281703983237,0.0015211059217055418,-47.95496472912997,-54.60950104212004,-54.60950104212004,0.0015211059217055418,-57.71639669824358,-60.72581188889248,-60.72581188889248,0.0015211059217055418,-61.22286779200425,-64.56301043363011,-64.56301043363011,-64.56301043363015,0.0015211059217055418
2023-01-16,-55.2426388885362,-58.173242699796845,-58.173242699796845,0.0015766644622296445,-58.95293135489133,-61.85281703983237,-61.85281703983237,0.0015766644622296445,-48.1894574409728,-54.60950104212004,-54.60950104212004,0.0015766644622296445,-57.82244254365254,-60.72581188889248,-60.72581188889248,0.0015766644622296445,-61.344779089693155,-64.68251969784966,-64.68251969784966,-64.68251969784967,0.0015766644622296445
2023-01-17,-55.33029543867096,-58.173242699796845,-58.173242699796845,0.001625277733875239,-59.039669102911255,-61.85281703983237,-61.85281703983237,0.001625277733875239,-48.381485743000276,-54.60950104212004,-54.60950104212004,0.001625277733875239,-57.909284490555436,-60.72581188889248,-60.72581188889248,0.001625277733875239,-61.44062759676916,-64.54926294980822,-64.54926294980822,-64.54926294980825,0.001625277733875239
2023-01-18,-55.410588848287425,-58.173242699796845,-58.173242699796845,0.001672514593011759,-59.11912088968896,-61.85281703983237,-61.85281703983237,0.001672514593011759,-48.55738368889184,-54.60950104212004,-54.60950104212004,0.001672514593011759,-57.98883172352143,-60.72581188889248,-60.72581188889248,0.001672514593011759,-61.52994330069683,-64.60302706478937,-64.60302706478937,-64.60302706478942,0.001672514593011759
2023-01-19,-55.48862581356684,-58.173242699796845,-58.173242699796845,0.0017211315721768026,-59.196339883822446,-61.85281703983237,-61.85281703983237,0.0017211315721768026,-48.72833846540225,-54.60950104212004,-54.60950104212004,0.0017211315721768026,-58.06614348156825,-60.72581188889248,-60.72581188889248,0.0017211315721768026,-61.61962638977136,-64.70489161602421,-64.70489161602421,-64.70489161602427,0.0017211315721768026
2023-01-20,-55.54883288185175,-58.173242699796845,-58.173242699796845,0.0017606163681050035,-59.25591587112622,-61.85281703983237,-61.85281703983237,0.0017606163681050035,-48.86023347011137,-54.60950104212004,-54.60950104212004,0.0017606163681050035,-58.12579103807314,-60.72581188889248,-60.72581188889248,0.0017606163681050035,-61.68263229255211,-64.42904254895731,-64.42904254895731,-64.4290425489574,0.0017606163681050035
2023-01-21,-55.61088569853268,-58.173242699796845,-58.173242699796845,0.001803253363918475,-59.317318259982656,-61.85281703983237,-61.85281703983237,0.001803253363918475,-48.99617193683126,-54.60950104212004,-54.60950104212004,0.001803253363918475,-58.187267190204395,-60.72581188889248,-60.72581188889248,0.001803253363918475,-61.75375470162203,-64.69062384914493,-64.69062384914493,-64.69062384914498,0.001803253363918475
2023-01-22,-55.66873877798706,-58.173242699796845,-58.173242699796845,0.0018449078246005714,-59.37456493259508,-61.85281703983237,-61.85281703983237,0.0018449078246005714,-49.12291008244163,-54.60950104212004,-54.60950104212004,0.0018449078246005714,-58.24458263378995,-60.72581188889248,-60.72581188889248,0.0018449078246005714,-61.81862535854299,-64.62692555968208,-64.62692555968208,-64.62692555968204,0.0018449078246005714
2023-01-23,-55.72581454551961,-58.173242699796845,-58.173242699796845,0.001887932388950546,-59.431042440946214,-61.85281703983237,-61.85281703983237,0.001887932388950546,-49.247945378826486,-54.60950104212004,-54.60950104212004,0.001887932388950546,-58.301127989109915,-60.72581188889248,-60.72581188889248,0.001887932388950546,-61.885803136614406,-64.76640890858887,-64.76640890858887,-64.76640890858872,0.001887932388950546
2023-01-24,-55.786316443955045,-58.173242699796845,-58.173242699796845,0.0019357861897831565,-59.49091016803732,-61.85281703983237,-61.85281703983237,0.0019357861897831565,-49.380486264910985,-54.60950104212004,-54.60950104212004,0.0019357861897831565,-58.3610676358719,-60.72581188889248,-60.72581188889248,0.0019357861897831565,-61.96018840434125,-64.89484257514366,-64.89484257514366,-64.8948425751437,0.0019357861897831565
2023-01-25,-55.837071748460644,-58.173242699796845,-58.173242699796845,0.001977842794187168,-59.541133463457015,-61.85281703983237,-61.85281703983237,0.001977842794187168,-49.49167538800714,-54.60950104212004,-54.60950104212004,0.001977842794187168,-58.41135126501462,-60.72581188889248,-60.72581188889248,0.001977842794187168,-62.01839321237246,-64.6974507626138,-64.6974507626138,-64.69745076261381,0.001977842794187168
2023-01-26,-55.88786607519414,-58.173242699796845,-58.173242699796845,0.0020218019351156734,-59.59139537207969,-61.85281703983237,-61.85281703983237,0.0020218019351156734,-49.60294999669623,-54.60950104212004,-54.60950104212004,0.0020218019351156734,-58.46167355374688,-60.72581188889248,-60.72581188889248,0.0020218019351156734,-62.080255936070586,-64.86363021751973,-64.86363021751973,-64.86363021751956,0.0020218019351156734
2023-01-27,-55.92866581626754,-58.173242699796845,-58.173242699796845,0.0020585522892957787,-59.63176745671062,-61.85281703983237,-61.85281703983237,0.0020585522892957787,-49.69232956946546,-54.60950104212004,-54.60950104212004,0.0020585522892957787,-58.502094137747875,-60.72581188889248,-60.72581188889248,0.0020585522892957787,-62.12694462207657,-64.69549879851111,-64.69549879851111,-64.69549879851114,0.0020585522892957787
2023-01-28,-55.97010470357466,-58.173242699796845,-58.173242699796845,0.002097271659792816,-59.67277198814536,-61.85281703983237,-61.85281703983237,0.002097271659792816,-49.783109313309424,-54.60950104212004,-54.60950104212004,0.002097271659792816,-58.54314792831694,-60.72581188889248,-60.72581188889248,0.002097271659792816,-62.17644100622455,-64.80796351270057,-64.80796351270057,-64.80796351270047,0.002097271659792816
2023-01-29,-56.0126748443317,-58.173242699796845,-58.173242699796845,0.0021385946617699446,-59.714895915410125,-61.85281703983237,-61.85281703983237,0.0021385946617699446,-49.876367282441045,-54.60950104212004,-54.60950104212004,0.0021385946617699446,-58.58532245945669,-60.72581188889248,-60.72581188889248,0.0021385946617699446,-62.228838328683864,-64.88816640712002,-64.88816640712002,-64.88816640712002,0.0021385946617699446
2023-01-30,-56.062781907228576,-58.173242699796845,-58.173242699796845,0.0021893696856915435,-59.76447776398719,-61.85281703983237,-61.85281703983237,0.0021893696856915435,-49.9861363093177,-54.60950104212004,-54.60950104212004,0.0021893696856915435,-58.63496387118094,-60.72581188889248,-60.72581188889248,0.0021893696856915435,-62.2926272821599,-64.97935600915483,-64.97935600915483,-64.97935600915474,0.0021893696856915435
2023-01-31,-56.10412829140099,-58.173242699796845,-58.173242699796845,0.0022331190886981903,-59.8053907618904,-61.85281703983237,-61.85281703983237,0.0022331190886981903,-50.076713407496534,-54.60950104212004,-54.60950104212004,0.0022331190886981903,-58.67592601825833,-60.72581188889248,-60.72581188889248,0.0022331190886981903,-62.342837238842044,-64.85551511613296,-64.85551511613296,-64.85551511613302,0.0022331190886981903
2023-02-01,-56.14225058630395,-58.173242699796845,-58.173242699796845,0.002275035363944778,-59.843113464918886,-61.85281703983237,-61.85281703983237,0.002275035363944778,-50.16022752650251,-54.60950104212004,-54.60950104212004,0.002275035363944778,-58.713694037929365,-60.72581188889248,-60.72581188889248,0.002275035363944778,-62.3905025617969,-64.92990621666428,-64.92990621666428,-64.92990621666432,0.002275035363944778
2023-02-02,-56.17722522465884,-58.173242699796845,-58.173242699796845,0.0023148990124798566,-59.87772150463822,-61.85281703983237,-61.85281703983237,0.0023148990124798566,-50.2368461067112,-54.60950104212004,-54.60950104212004,0.0023148990124798566,-58.7483436526165,-60.72581188889248,-60.72581188889248,0.0023148990124798566,-62.43359117677893,-64.89267674645771,-64.89267674645771,-64.89267674645768,0.0023148990124798566
2023-02-03,-56.21467617905418,-58.173242699796845,-58.173242699796845,0.002359163619491136,-59.91477990404404,-61.85281703983237,-61.85281703983237,0.002359163619491136,-50.31888952697794,-54.60950104212004,-54.60950104212004,0.002359163619491136,-58.78544657063056,-60.72581188889248,-60.72581188889248,0.002359163619491136,-62.48171955187887,-64.99868142082232,-64.99868142082232,-64.99868142082245,0.002359163619491136
2023-02-04,-56.248092772598014,-58.173242699796845,-58.173242699796845,0.0024001137868846687,-59.947846230131944,-61.85281703983237,-61.85281703983237,0.0024001137868846687,-50.39209491445828,-54.60950104212004,-54.60950104212004,0.0024001137868846687,-58.818552619611,-60.72581188889248,-60.72581188889248,0.0024001137868846687,-62.526222537624854,-65.0900661459286,-65.0900661459286,-65.09006614592855,0.0024001137868846687
2023-02-05,-56.27967025749536,-58.173242699796845,-58.173242699796845,0.0024401384276979423,-59.97909272481961,-61.85281703983237,-61.85281703983237,0.0024401384276979423,-50.46127138555811,-54.60950104212004,-54.60950104212004,0.0024401384276979423,-58.84983665101029,-60.72581188889248,-60.72581188889248,0.0024401384276979423,-62.56764193381426,-65.05139348832334,-65.05139348832334,-65.05139348832334,0.0024401384276979423
2023-02-06,-56.310790191760994,-58.173242699796845,-58.173242699796845,0.00248091098277856,-60.00988646484906,-61.85281703983237,-61.85281703983237,0.00248091098277856,-50.529445505199554,-54.60950104212004,-54.60950104212004,0.00248091098277856,-58.880667383853115,-60.72581188889248,-60.72581188889248,0.00248091098277856,-62.60759241802938,-64.9985319003732,-64.9985319003732,-64.99853190037314,0.00248091098277856
2023-02-07,-56.33642754454371,-58.173242699796845,-58.173242699796845,0.002515538304915965,-60.03525509094876,-61.85281703983237,-61.85281703983237,0.002515538304915965,-50.58560899002473,-54.60950104212004,-54.60950104212004,0.002515538304915965,-58.906066485524875,-60.72581188889248,-60.72581188889248,0.002515538304915965,-62.639949284238774,-64.95819105958978,-64.95819105958978,-64.95819105958975,0.002515538304915965
2023-02-08,-56.36312328775972,-58.173242699796845,-58.173242699796845,0.0025526376057640253,-60.061671013600495,-61.85281703983237,-61.85281703983237,0.0025526376057640253,-50.64409107987733,-54.60950104212004,-54.60950104212004,0.0025526376057640253,-58.93251414187617,-60.72581188889248,-60.72581188889248,0.0025526376057640253,-62.67754971699468,-65.22706754391972,-65.22706754391972,-65.22706754391977,0.0025526376057640253
2023-02-09,-56.386479312448444,-58.173242699796845,-58.173242699796845,0.002586004904066375,-60.08478222412705,-61.85281703983237,-61.85281703983237,0.002586004904066375,-50.69525688273158,-54.60950104212004,-54.60950104212004,0.002586004904066375,-58.95565311611995,-60.72581188889248,-60.72581188889248,0.002586004904066375,-62.70984351701303,-65.1803572401406,-65.1803572401406,-65.18035724014055,0.002586004904066375
2023-02-10,-56.41152280042938,-58.173242699796845,-58.173242699796845,0.00262276590265471,-60.10956321022209,-61.85281703983237,-61.85281703983237,0.00262276590265471,-50.750119394048944,-54.60950104212004,-54.60950104212004,0.00262276590265471,-58.98046387184974,-60.72581188889248,-60.72581188889248,0.00262276590265471,-62.744334470446475,-65.170649808714,-65.170649808714,-65.17064980871416,0.00262276590265471
2023-02-11,-56.43585899207915,-58.173242699796845,-58.173242699796845,0.0026595039780586503,-60.13364431375445,-61.85281703983237,-61.85281703983237,0.0026595039780586503,-50.803432438574994,-54.60950104212004,-54.60950104212004,0.0026595039780586503,-59.00457390424108,-60.72581188889248,-60.72581188889248,0.0026595039780586503,-62.77658854314871,-65.07923725774434,-65.07923725774434,-65.07923725774438,0.0026595039780586503
2023-02-12,-56.4561371658614,-58.173242699796845,-58.173242699796845,0.0026909114150363905,-60.153709934921416,-61.85281703983237,-61.85281703983237,0.0026909114150363905,-50.847855625132055,-54.60950104212004,-54.60950104212004,0.0026909114150363905,-59.024663630429906,-60.72581188889248,-60.72581188889248,0.0026909114150363905,-62.80327185157086,-65.06274832355219,-65.06274832355219,-65.06274832355217,0.0026909114150363905
2023-02-13,-56.4719215065832,-58.173242699796845,-58.173242699796845,0.0027158768729383014,-60.16932882667647,-61.85281703983237,-61.85281703983237,0.0027158768729383014,-50.8824342178642,-54.60950104212004,-54.60950104212004,0.0027158768729383014,-59.04030128530846,-60.72581188889248,-60.72581188889248,0.0027158768729383014,-62.82261436053871,-64.90745407712883,-64.90745407712883,-64.90745407712885,0.0027158768729383014
2023-02-14,-56.492248915610446,-58.173242699796845,-58.173242699796845,0.0027487186006015718,-60.18944316701258,-61.85281703983237,-61.85281703983237,0.0027487186006015718,-50.9269652635661,-54.60950104212004,-54.60950104212004,0.0027487186006015718,-59.06043978919329,-60.72581188889248,-60.72581188889248,0.0027487186006015718,-62.85174214282196,-65.26049088693054,-65.26049088693054,-65.26049088693053,0.0027487186006015718
2023-02-15,-56.51547231388254,-58.173242699796845,-58.173242699796845,0.0027872248903402057,-60.212423141291715,-61.85281703983237,-61.85281703983237,0.0027872248903402057,-50.977840523095175,-54.60950104212004,-54.60950104212004,0.0027872248903402057,-59.083447369534525,-60.72581188889248,-60.72581188889248,0.0027872248903402057,-62.88547931673216,-65.29376113480822,-65.29376113480822,-65.29376113480824,0.0027872248903402057
2023-02-16,-56.53443873568686,-58.173242699796845,-58.173242699796845,0.002819482368410523,-60.231190760058006,-61.85281703983237,-61.85281703983237,0.002819482368410523,-51.01939006809808,-54.60950104212004,-54.60950104212004,0.002819482368410523,-59.102237534020105,-60.72581188889248,-60.72581188889248,0.002819482368410523,-62.91191584964962,-65.19617881655316,-65.19617881655316,-65.19617881655316,0.002819482368410523
2023-02-17,-56.55363091242227,-58.173242699796845,-58.173242699796845,0.0028528928463649743,-60.250181767428025,-61.85281703983237,-61.85281703983237,0.0028528928463649743,-51.06143417210451,-54.60950104212004,-54.60950104212004,0.0028528928463649743,-59.121251355467976,-60.72581188889248,-60.72581188889248,0.0028528928463649743,-62.93904218321711,-65.22821084814312,-65.22821084814312,-65.22821084814315,0.0028528928463649743
2023-02-18,-56.57189559835862,-58.173242699796845,-58.173242699796845,0.0028854324449331,-60.2682550058109,-61.85281703983237,-61.85281703983237,0.0028854324449331,-51.10144643156511,-54.60950104212004,-54.60950104212004,0.0028854324449331,-59.1393463054044,-60.72581188889248,-60.72581188889248,0.0028854324449331,-62.9652129217807,-65.25971918852447,-65.25971918852447,-65.25971918852431,0.0028854324449331
2023-02-19,-56.587294416690526,-58.173242699796845,-58.173242699796845,0.0029134486485520605,-60.28349241616115,-61.85281703983237,-61.85281703983237,0.0029134486485520605,-51.13518046436649,-54.60950104212004,-54.60950104212004,0.0029134486485520605,-59.15460202060074,-60.72581188889248,-60.72581188889248,0.0029134486485520605,-62.98655548825805,-65.18465965002274,-65.18465965002274,-65.18465965002271,0.0029134486485520605
2023-02-20,-56.60385585503591,-58.173242699796845,-58.173242699796845,0.002944193713305501,-60.299880260125335,-61.85281703983237,-61.85281703983237,0.002944193713305501,-51.17146143686313,-54.60950104212004,-54.60950104212004,0.002944193713305501,-59.17100955143795,-60.72581188889248,-60.72581188889248,0.002944193713305501,-63.01142270388282,-65.36787751497508,-65.36787751497508,-65.36787751497494,0.002944193713305501
2023-02-21,-56.61818418475928,-58.173242699796845,-58.173242699796845,0.0029713215531171587,-60.314058402559326,-61.85281703983237,-61.85281703983237,0.0029713215531171587,-51.202850361289684,-54.60950104212004,-54.60950104212004,0.0029713215531171587,-59.185204726209584,-60.72581188889248,-60.72581188889248,0.0029713215531171587,-63.03189088067618,-65.25330909372018,-65.25330909372018,-65.25330909372019,0.0029713215531171587
2023-02-22,-56.63667873191547,-58.173242699796845,-58.173242699796845,0.0030070852751153242,-60.332359092793,-61.85281703983237,-61.85281703983237,0.0030070852751153242,-51.24336617535796,-54.60950104212004,-54.60950104212004,0.0030070852751153242,-59.20352740123658,-60.72581188889248,-60.72581188889248,0.0030070852751153242,-63.060923326696994,-65.47299700867326,-65.47299700867326,-65.47299700867327,0.0030070852751153242
2023-02-23,-56.65636553966025,-58.173242699796845,-58.173242699796845,0.0030461127660943595,-60.35183954652812,-61.85281703983237,-61.85281703983237,0.0030461127660943595,-51.286493862424784,-54.60950104212004,-54.60950104212004,0.0030461127660943595,-59.22303125702655,-60.72581188889248,-60.72581188889248,0.0030461127660943595,-63.090668238875104,-65.38252675132938,-65.38252675132938,-65.3825267513293,0.0030461127660943595
2023-02-24,-56.67461665321372,-58.173242699796845,-58.173242699796845,0.003083210046044429,-60.36989935479187,-61.85281703983237,-61.85281703983237,0.003083210046044429,-51.32647638900612,-54.60950104212004,-54.60950104212004,0.003083210046044429,-59.241112760709754,-60.72581188889248,-60.72581188889248,0.003083210046044429,-63.118407514259566,-65.39612062380785,-65.39612062380785,-65.39612062380793,0.003083210046044429
2023-02-25,-56.691282081145935,-58.173242699796845,-58.173242699796845,0.003117882367410988,-60.38639009834035,-61.85281703983237,-61.85281703983237,0.003117882367410988,-51.36298517042026,-54.60950104212004,-54.60950104212004,0.003117882367410988,-59.257623314745935,-60.72581188889248,-60.72581188889248,0.003117882367410988,-63.14374099610953,-65.39650177654765,-65.39650177654765,-65.39650177654767,0.003117882367410988
2023-02-26,-56.70653397792569,-58.173242699796845,-58.173242699796845,0.0031503043604964743,-60.40148212714691,-61.85281703983237,-61.85281703983237,0.0031503043604964743,-51.39639734368973,-54.60950104212004,-54.60950104212004,0.0031503043604964743,-59.272733473750286,-60.72581188889248,-60.72581188889248,0.0031503043604964743,-63.16719276160032,-65.42244727093316,-65.42244727093316,-65.42244727093316,0.0031503043604964743
2023-02-27,-56.72134884693503,-58.173242699796845,-58.173242699796845,0.0031824495110171214,-60.41614170903886,-61.85281703983237,-61.85281703983237,0.0031824495110171214,-51.42885212472148,-54.60950104212004,-54.60950104212004,0.0031824495110171214,-59.28741066633769,-60.72581188889248,-60.72581188889248,0.0031824495110171214,-63.19044028822118,-65.46875547102549,-65.46875547102549,-65.46875547102553,0.0031824495110171214
2023-02-28,-56.737139391135784,-58.173242699796845,-58.173242699796845,0.003217441847130618,-60.43176673924899,-61.85281703983237,-61.85281703983237,0.003217441847130618,-51.46344430735128,-54.60950104212004,-54.60950104212004,0.003217441847130618,-59.30305446704565,-60.72581188889248,-60.72581188889248,0.003217441847130618,-63.21567684836049,-65.51086737851797,-65.51086737851797,-65.51086737851787,0.003217441847130618
2023-03-01,-56.75380943914532,-58.173242699796845,-58.173242699796845,0.003255227991464745,-60.44826205444798,-61.85281703983237,-61.85281703983237,0.003255227991464745,-51.49996320992112,-54.60950104212004,-54.60950104212004,0.003255227991464745,-59.31956959822382,-60.72581188889248,-60.72581188889248,0.003255227991464745,-63.241774688104215,-65.4639723531556,-65.4639723531556,-65.46397235315558,0.003255227991464745
2023-03-02,-56.77054070981791,-58.173242699796845,-58.173242699796845,0.0032940559827383496,-60.46481795058367,-61.85281703983237,-61.85281703983237,0.0032940559827383496,-51.53661623234884,-54.60950104212004,-54.60950104212004,0.0032940559827383496,-59.33614538311538,-60.72581188889248,-60.72581188889248,0.0032940559827383496,-63.26899233708105,-65.55084236087994,-65.55084236087994,-65.55084236087995,0.0032940559827383496
2023-03-03,-56.78303819000485,-58.173242699796845,-58.173242699796845,0.0033236684599595367,-60.477184434157174,-61.85281703983237,-61.85281703983237,0.0033236684599595367,-51.563994333542865,-54.60950104212004,-54.60950104212004,0.0033236684599595367,-59.34852672266322,-60.72581188889248,-60.72581188889248,0.0033236684599595367,-63.28962758117229,-65.58506705913835,-65.58506705913835,-65.5850670591384,0.0033236684599595367
2023-03-04,-56.79114298159582,-58.173242699796845,-58.173242699796845,0.003343158833794645,-60.48520427260262,-61.85281703983237,-61.85281703983237,0.003343158833794645,-51.58174941704885,-54.60950104212004,-54.60950104212004,0.003343158833794645,-59.35655619541702,-60.72581188889248,-60.72581188889248,0.003343158833794645,-63.301371370008575,-65.30402462263285,-65.30402462263285,-65.3040246226328,0.003343158833794645
2023-03-05,-56.79920955064166,-58.173242699796845,-58.173242699796845,0.0033627855957693593,-60.4931862891458,-61.85281703983237,-61.85281703983237,0.0033627855957693593,-51.59942076681878,-54.60950104212004,-54.60950104212004,0.0033627855957693593,-59.364547800832554,-60.72581188889248,-60.72581188889248,0.0033627855957693593,-63.31327506609063,-65.34091196121695,-65.34091196121695,-65.34091196121699,0.0033627855957693593
2023-03-06,-56.8092205293993,-58.173242699796845,-58.173242699796845,0.0033874661148228435,-60.50309233440521,-61.85281703983237,-61.85281703983237,0.0033874661148228435,-51.62135171492843,-54.60950104212004,-54.60950104212004,0.0033874661148228435,-59.37446574631855,-60.72581188889248,-60.72581188889248,0.0033874661148228435,-63.329195915589494,-65.49845350905126,-65.49845350905126,-65.49845350905122,0.0033874661148228435
2023-03-07,-56.82017122863059,-58.173242699796845,-58.173242699796845,0.003414881608660265,-60.51392825013646,-61.85281703983237,-61.85281703983237,0.003414881608660265,-51.645341299005665,-54.60950104212004,-54.60950104212004,0.003414881608660265,-59.385314679338606,-60.72581188889248,-60.72581188889248,0.003414881608660265,-63.34680962665262,-65.523164710254,-65.523164710254,-65.52316471025384,0.003414881608660265
2023-03-08,-56.83095376755454,-58.173242699796845,-58.173242699796845,0.003442313179450713,-60.524597768190525,-61.85281703983237,-61.85281703983237,0.003442313179450713,-51.66896249602881,-54.60950104212004,-54.60950104212004,0.003442313179450713,-59.39599701478615,-60.72581188889248,-60.72581188889248,0.003442313179450713,-63.36411797698438,-65.51878741517459,-65.51878741517459,-65.51878741517459,0.003442313179450713
2023-03-09,-56.841450310039846,-58.173242699796845,-58.173242699796845,0.0034694438244477414,-60.5349842875752,-61.85281703983237,-61.85281703983237,0.0034694438244477414,-51.69195716359831,-54.60950104212004,-54.60950104212004,0.0034694438244477414,-59.406396011595696,-60.72581188889248,-60.72581188889248,0.0034694438244477414,-63.38076352581545,-65.49273661482258,-65.49273661482258,-65.49273661482256,0.0034694438244477414
2023-03-10,-56.85181036845999,-58.173242699796845,-58.173242699796845,0.0034966443400204863,-60.54523575349924,-61.85281703983237,-61.85281703983237,0.0034966443400204863,-51.71465283693111,-54.60950104212004,-54.60950104212004,0.0034966443400204863,-59.416659792703385,-60.72581188889248,-60.72581188889248,0.0034966443400204863,-63.39833038401876,-65.63899481353141,-65.63899481353141,-65.63899481353144,0.0034966443400204863
2023-03-11,-56.85684002967606,-58.173242699796845,-58.173242699796845,0.003526544175846904,-60.55021224006396,-61.85281703983237,-61.85281703983237,0.003526544175846904,-51.7258493280145,-54.60950104212004,-54.60950104212004,0.003526544175846904,-59.42164225756896,-60.72581188889248,-60.72581188889248,0.003526544175846904,-63.41204994994687,-65.6789438253178,-65.6789438253178,-65.67894382531782,0.003526544175846904
2023-03-12,-56.84578161796527,-58.173242699796845,-58.173242699796845,0.00355021578973897,-60.53926828412204,-61.85281703983237,-61.85281703983237,0.00355021578973897,-51.702194465712225,-54.60950104212004,-54.60950104212004,0.00355021578973897,-59.41068515454839,-60.72581188889248,-60.72581188889248,0.00355021578973897,-63.409140776189865,-65.68316361709981,-65.68316361709981,-65.68316361709978,0.00355021578973897
2023-03-13,-56.85742461828502,-58.173242699796845,-58.173242699796845,0.003581629831053615,-60.55078926111479,-61.85281703983237,-61.85281703983237,0.003581629831053615,-51.72769409945821,-54.60950104212004,-54.60950104212004,0.003581629831053615,-59.42221997180075,-60.72581188889248,-60.72581188889248,0.003581629831053615,-63.428405746473345,-65.60561055130387,-65.60561055130387,-65.60561055130385,0.003581629831053615
2023-03-14,-56.87008858016562,-58.173242699796845,-58.173242699796845,0.0036164358627939043,-60.56332049958058,-61.85281703983237,-61.85281703983237,0.0036164358627939043,-51.755429767315064,-54.60950104212004,-54.60950104212004,0.0036164358627939043,-59.434766264162555,-60.72581188889248,-60.72581188889248,0.0036164358627939043,-63.450081067130235,-65.68052708987881,-65.68052708987881,-65.68052708987885,0.0036164358627939043
2023-03-15,-56.88142343358571,-58.173242699796845,-58.173242699796845,0.003648167678133807,-60.574536559177325,-61.85281703983237,-61.85281703983237,0.003648167678133807,-51.7802545206294,-54.60950104212004,-54.60950104212004,0.003648167678133807,-59.445995797718474,-60.72581188889248,-60.72581188889248,0.003648167678133807,-63.469528285211126,-65.68590374769734,-65.68590374769734,-65.68590374769734,0.003648167678133807
2023-03-16,-56.891432413455064,-58.173242699796845,-58.173242699796845,0.003676654293695987,-60.58444064091151,-61.85281703983237,-61.85281703983237,0.003676654293695987,-51.802175444259916,-54.60950104212004,-54.60950104212004,0.003676654293695987,-59.45591177732046,-60.72581188889248,-60.72581188889248,0.003676654293695987,-63.48669364764004,-65.68499341618251,-65.68499341618251,-65.68499341618252,0.003676654293695987
2023-03-17,-56.90095525883632,-58.173242699796845,-58.173242699796845,0.003704173397659314,-60.59386368304243,-61.85281703983237,-61.85281703983237,0.003704173397659314,-51.82303167227431,-54.60950104212004,-54.60950104212004,0.003704173397659314,-59.46534613944166,-60.72581188889248,-60.72581188889248,0.003704173397659314,-63.503023984695986,-65.68481754651845,-65.68481754651845,-65.6848175465185,0.003704173397659314
2023-03-18,-56.91192190343352,-58.173242699796845,-58.173242699796845,0.003736379600312604,-60.60471539279278,-61.85281703983237,-61.85281703983237,0.003736379600312604,-51.847050001997744,-54.60950104212004,-54.60950104212004,0.003736379600312604,-59.476210885454186,-60.72581188889248,-60.72581188889248,0.003736379600312604,-63.522416940226535,-65.75288387084255,-65.75288387084255,-65.75288387084262,0.003736379600312604
2023-03-19,-56.92165180707664,-58.173242699796845,-58.173242699796845,0.003765426322925701,-60.61434332313198,-61.85281703983237,-61.85281703983237,0.003765426322925701,-51.86835971362491,-54.60950104212004,-54.60950104212004,0.003765426322925701,-59.485850381917786,-60.72581188889248,-60.72581188889248,0.003765426322925701,-63.53922823452207,-65.70172270580431,-65.70172270580431,-65.70172270580436,0.003765426322925701
2023-03-20,-56.93032948804566,-58.173242699796845,-58.173242699796845,0.0037917155022774663,-60.62293005851372,-61.85281703983237,-61.85281703983237,0.0037917155022774663,-51.88736492537416,-54.60950104212004,-54.60950104212004,0.0037917155022774663,-59.49444743262655,-60.72581188889248,-60.72581188889248,0.0037917155022774663,-63.554097063673986,-65.68377482693755,-65.68377482693755,-65.6837748269376,0.0037917155022774663
2023-03-21,-56.939117501244915,-58.173242699796845,-58.173242699796845,0.0038187157174266353,-60.63162596979965,-61.85281703983237,-61.85281703983237,0.0038187157174266353,-51.90661177857192,-54.60950104212004,-54.60950104212004,0.0038187157174266353,-59.503153790393505,-60.72581188889248,-60.72581188889248,0.0038187157174266353,-63.56933219442451,-65.70884408819711,-65.70884408819711,-65.7088440881971,0.0038187157174266353
2023-03-22,-56.94839634271731,-58.173242699796845,-58.173242699796845,0.0038476444541333797,-60.640807565280895,-61.85281703983237,-61.85281703983237,0.0038476444541333797,-51.92693360736467,-54.60950104212004,-54.60950104212004,0.0038476444541333797,-59.512346415812715,-60.72581188889248,-60.72581188889248,0.0038476444541333797,-63.58565165200902,-65.73988914290862,-65.73988914290862,-65.73988914290865,0.0038476444541333797
2023-03-23,-56.95692908444639,-58.173242699796845,-58.173242699796845,0.00387463663442189,-60.64925088044437,-61.85281703983237,-61.85281703983237,0.00387463663442189,-51.94562138396586,-54.60950104212004,-54.60950104212004,0.00387463663442189,-59.52079987401115,-60.72581188889248,-60.72581188889248,0.00387463663442189,-63.60076693141248,-65.75539913777429,-65.75539913777429,-65.75539913777416,0.00387463663442189
2023-03-24,-56.96548152775649,-58.173242699796845,-58.173242699796845,0.003902073855397552,-60.657713690708384,-61.85281703983237,-61.85281703983237,0.003902073855397552,-51.96435230950491,-54.60950104212004,-54.60950104212004,0.003902073855397552,-59.52927285072973,-60.72581188889248,-60.72581188889248,0.003902073855397552,-63.61603435541851,-65.77207342437397,-65.77207342437397,-65.77207342437401,0.003902073855397552
2023-03-25,-56.97220017736271,-58.173242699796845,-58.173242699796845,0.003923902114166568,-60.66436192616409,-61.85281703983237,-61.85281703983237,0.003923902114166568,-51.97906699640031,-54.60950104212004,-54.60950104212004,0.003923902114166568,-59.53592907277405,-60.72581188889248,-60.72581188889248,0.003923902114166568,-63.627521732732006,-65.68103388666779,-65.68103388666779,-65.68103388666776,0.003923902114166568
2023-03-26,-56.978882953022556,-58.173242699796845,-58.173242699796845,0.003945857440115138,-60.6709746636469,-61.85281703983237,-61.85281703983237,0.003945857440115138,-51.99370311484497,-54.60950104212004,-54.60950104212004,0.003945857440115138,-59.54254975420137,-60.72581188889248,-60.72581188889248,0.003945857440115138,-63.63917190554602,-65.72131533817871,-65.72131533817871,-65.72131533817867,0.003945857440115138
2023-03-27,-56.98677926629059,-58.173242699796845,-58.173242699796845,0.003972118448738224,-60.678788220375424,-61.85281703983237,-61.85281703983237,0.003972118448738224,-52.01099703314349,-54.60950104212004,-54.60950104212004,0.003972118448738224,-59.550372697430134,-60.72581188889248,-60.72581188889248,0.003972118448738224,-63.652960162140396,-65.72471969165683,-65.72471969165683,-65.72471969165689,0.003972118448738224
2023-03-28,-56.99666237779122,-58.173242699796845,-58.173242699796845,0.004005483692731542,-60.688567752891885,-61.85281703983237,-61.85281703983237,0.004005483692731542,-52.032642289229436,-54.60950104212004,-54.60950104212004,0.004005483692731542,-59.56016397819197,-60.72581188889248,-60.72581188889248,0.004005483692731542,-63.67111562766725,-65.83251626295727,-65.83251626295727,-65.83251626295713,0.004005483692731542
2023-03-29,-57.00565581469297,-58.173242699796845,-58.173242699796845,0.004036336270223617,-60.69746693495715,-61.85281703983237,-61.85281703983237,0.004036336270223617,-52.05233904614881,-54.60950104212004,-54.60950104212004,0.004036336270223617,-59.56907385092946,-60.72581188889248,-60.72581188889248,0.004036336270223617,-63.687225832655514,-65.77875816519708,-65.77875816519708,-65.77875816519716,0.004036336270223617
2023-03-30,-57.016526825374946,-58.173242699796845,-58.173242699796845,0.0040742704385701815,-60.7082240130743,-61.85281703983237,-61.85281703983237,0.0040742704385701815,-52.076147925580685,-54.60950104212004,-54.60950104212004,0.0040742704385701815,-59.57984385162707,-60.72581188889248,-60.72581188889248,0.0040742704385701815,-63.70690029001913,-65.80033555735587,-65.80033555735587,-65.80033555735572,0.0040742704385701815
2023-03-31,-57.026276999566974,-58.173242699796845,-58.173242699796845,0.004108905167816196,-60.71787200151857,-61.85281703983237,-61.85281703983237,0.004108905167816196,-52.09750203225671,-54.60950104212004,-54.60950104212004,0.004108905167816196,-59.5895034302919,-60.72581188889248,-60.72581188889248,0.004108905167816196,-63.72452125404293,-65.79737051213152,-65.79737051213152,-65.79737051213152,0.004108905167816196
2023-04-01,-57.034674104426976,-58.173242699796845,-58.173242699796845,0.004139208926144772,-60.72618110134198,-61.85281703983237,-61.85281703983237,0.004139208926144772,-52.11589274707074,-54.60950104212004,-54.60950104212004,0.004139208926144772,-59.59782251191614,-60.72581188889248,-60.72581188889248,0.004139208926144772,-63.73928340515567,-65.740892523664,-65.740892523664,-65.74089252366393,0.004139208926144772
2023-04-02,-57.041699913163214,-58.173242699796845,-58.173242699796845,0.004164909492290078,-60.73313327677643,-61.85281703983237,-61.85281703983237,0.004164909492290078,-52.13128015105772,-54.60950104212004,-54.60950104212004,0.004164909492290078,-59.60478303906513,-60.72581188889248,-60.72581188889248,0.004164909492290078,-63.751616251805146,-65.73788490627186,-65.73788490627186,-65.73788490627183,0.004164909492290078
2023-04-03,-57.04860956801427,-58.173242699796845,-58.173242699796845,0.004190498358796745,-60.73997051566526,-61.85281703983237,-61.85281703983237,0.004190498358796745,-52.14641316344082,-54.60950104212004,-54.60950104212004,0.004190498358796745,-59.61162849159407,-60.72581188889248,-60.72581188889248,0.004190498358796745,-63.76366536720379,-65.72481026921973,-65.72481026921973,-65.72481026921984,0.004190498358796745
2023-04-04,-56.33871609380181,-58.173242699796845,-58.173242699796845,0.004011933845051432,-60.037469228497066,-61.85281703983237,-61.85281703983237,0.004011933845051432,-50.610375826806944,-54.60950104212004,-54.60950104212004,0.004011933845051432,-58.90828328293518,-60.72581188889248,-60.72581188889248,0.004011933845051432,-63.069337817739154,-65.76420407939443,-65.76420407939443,-65.7642040793945,0.004011933845051432
2023-04-05,-56.35130068857086,-58.173242699796845,-58.173242699796845,0.004040430766535906,-60.049922244880264,-61.85281703983237,-61.85281703983237,0.004040430766535906,-50.63781497417907,-54.60950104212004,-54.60950104212004,0.004040430766535906,-58.92075125924556,-60.72581188889248,-60.72581188889248,0.004040430766535906,-63.08711891841157,-65.63684705872097,-65.63684705872097,-65.63684705872103,0.004040430766535906
2023-04-06,-56.36485045888684,-58.173242699796845,-58.173242699796845,0.004070704568660183,-60.06333036117872,-61.85281703983237,-61.85281703983237,0.004070704568660183,-50.66735237638842,-54.60950104212004,-54.60950104212004,0.004070704568660183,-58.93417548284185,-60.72581188889248,-60.72581188889248,0.004070704568660183,-63.10635470745185,-65.67361974863995,-65.67361974863995,-65.67361974863996,0.004070704568660183
2023-04-07,-56.37738623467703,-58.173242699796845,-58.173242699796845,0.004099119667958197,-60.0757350836032,-61.85281703983237,-61.85281703983237,0.004099119667958197,-50.694679352631724,-54.60950104212004,-54.60950104212004,0.004099119667958197,-58.9465951071777,-60.72581188889248,-60.72581188889248,0.004099119667958197,-63.12377014316284,-65.61867938033816,-65.61867938033816,-65.61867938033811,0.004099119667958197
2023-04-08,-56.389482832820306,-58.173242699796845,-58.173242699796845,0.004126917918318377,-60.08770521969697,-61.85281703983237,-61.85281703983237,0.004126917918318377,-50.72104895716323,-54.60950104212004,-54.60950104212004,0.004126917918318377,-58.95857962311002,-60.72581188889248,-60.72581188889248,0.004126917918318377,-63.14081267225325,-65.65389767870278,-65.65389767870278,-65.65389767870282,0.004126917918318377
2023-04-09,-56.40118098512048,-58.173242699796845,-58.173242699796845,0.004154161503538579,-60.09928107543905,-61.85281703983237,-61.85281703983237,0.004154161503538579,-50.74654998201744,-54.60950104212004,-54.60950104212004,0.004154161503538579,-58.97016938503785,-60.72581188889248,-60.72581188889248,0.004154161503538579,-63.15695122640241,-65.60165473205315,-65.60165473205315,-65.60165473205316,0.004154161503538579
2023-04-10,-56.41325045310952,-58.173242699796845,-58.173242699796845,0.00418264942408617,-60.111224365006485,-61.85281703983237,-61.85281703983237,0.00418264942408617,-50.77286044500906,-54.60950104212004,-54.60950104212004,0.00418264942408617,-58.982127022192856,-60.72581188889248,-60.72581188889248,0.00418264942408617,-63.17384721164743,-65.63765117206776,-65.63765117206776,-65.63765117206782,0.00418264942408617
2023-04-11,-56.4249771170251,-58.173242699796845,-58.173242699796845,0.00421070495784285,-60.12282843429384,-61.85281703983237,-61.85281703983237,0.00421070495784285,-50.798423622876456,-54.60950104212004,-54.60950104212004,0.00421070495784285,-58.993745031559186,-60.72581188889248,-60.72581188889248,0.00421070495784285,-63.19062953024124,-65.69261562004102,-65.69261562004102,-65.69261562004102,0.00421070495784285
2023-04-12,-56.436311598780044,-58.173242699796845,-58.173242699796845,0.004238182247236573,-60.13404442142911,-61.85281703983237,-61.85281703983237,0.004238182247236573,-50.82313187538712,-54.60950104212004,-54.60950104212004,0.004238182247236573,-59.004974492566696,-60.72581188889248,-60.72581188889248,0.004238182247236573,-63.20647750002073,-65.63506948976716,-65.63506948976716,-65.63506948976732,0.004238182247236573
2023-04-13,-52.57118832658436,-58.173242699796845,-58.173242699796845,0.003352914492679901,-56.30918710267907,-61.85281703983237,-61.85281703983237,0.003352914492679901,-42.4529615851954,-54.60950104212004,-54.60950104212004,0.003352914492679901,-55.17552233627065,-60.72581188889248,-60.72581188889248,0.003352914492679901,-59.406036281264065,-65.8396922479737,-65.8396922479737,-65.83969224797374,0.003352914492679901
2023-04-14,-49.33939323636105,-58.173242699796845,-58.173242699796845,0.0027505354224468146,-53.111147366870284,-61.85281703983237,-61.85281703983237,0.0027505354224468146,-35.420563436887484,-54.60950104212004,-54.60950104212004,0.0027505354224468146,-51.973640764851666,-60.72581188889248,-60.72581188889248,0.0027505354224468146,-56.23393592473314,-65.83413017344154,-65.83413017344154,-65.83413017344158,0.0027505354224468146
2023-04-15,-47.23451003886825,-58.173242699796845,-58.173242699796845,0.0024080070954370656,-51.028299324959114,-61.85281703983237,-61.85281703983237,0.0024080070954370656,-30.820853319493136,-54.60950104212004,-54.60950104212004,0.0024080070954370656,-49.88829057773925,-60.72581188889248,-60.72581188889248,0.0024080070954370656,-54.17225557731986,-65.75995591639949,-65.75995591639949,-65.75995591639943,0.0024080070954370656
2023-04-16,-45.51523467758134,-58.173242699796845,-58.173242699796845,0.0021567737905254856,-49.327051957694714,-61.85281703983237,-61.85281703983237,0.0021567737905254856,-27.052248545958225,-54.60950104212004,-54.60950104212004,0.0021567737905254856,-48.18499948580046,-60.72581188889248,-60.72581188889248,0.0021567737905254856,-52.49165648393528,-65.6711862274828,-65.6711862274828,-65.67118622748289,0.0021567737905254856
2023-04-17,-44.01940662706005,-58.173242699796845,-58.173242699796845,0.001955894713865132,-47.846932241389695,-61.85281703983237,-61.85281703983237,0.001955894713865132,-23.764296757824987,-54.60950104212004,-54.60950104212004,0.001955894713865132,-46.703101687575746,-60.72581188889248,-60.72581188889248,0.001955894713865132,-51.03199180535478,-65.61189561806135,-65.61189561806135,-65.61189561806131,0.001955894713865132
2023-04-18,-42.70359158759685,-58.173242699796845,-58.173242699796845,0.0017904712790026717,-46.544956748372336,-61.85281703983237,-61.85281703983237,0.0017904712790026717,-20.863562671202263,-54.60950104212004,-54.60950104212004,0.0017904712790026717,-45.39956211899132,-60.72581188889248,-60.72581188889248,0.0017904712790026717,-49.75194760149548,-65.58897344474602,-65.58897344474602,-65.58897344474606,0.0017904712790026717
2023-04-19,-41.64980521425154,-58.173242699796845,-58.173242699796845,0.0016621255573995605,-45.50227723344469,-61.85281703983237,-61.85281703983237,0.0016621255573995605,-18.531342023852872,-54.60950104212004,-54.60950104212004,0.0016621255573995605,-44.35563002322607,-60.72581188889248,-60.72581188889248,0.0016621255573995605,-48.73801128768551,-65.68567894174026,-65.68567894174026,-65.68567894174028,0.0016621255573995605
2023-04-20,-40.63056976448165,-58.173242699796845,-58.173242699796845,0.0015430923798379502,-44.49379439578749,-61.85281703983237,-61.85281703983237,0.0015430923798379502,-16.271661543585946,-54.60950104212004,-54.60950104212004,0.0015430923798379502,-43.345935685525475,-60.72581188889248,-60.72581188889248,0.0015430923798379502,-47.749475122084384,-65.4989895714273,-65.4989895714273,-65.49898957142726,0.0015430923798379502
2023-04-21,-39.23334709384441,-58.173242699796845,-58.173242699796845,0.0013915659303639118,-43.1113252163291,-61.85281703983237,-61.85281703983237,0.0013915659303639118,-13.168720618252694,-54.60950104212004,-54.60950104212004,0.0013915659303639118,-41.961805732667614,-60.72581188889248,-60.72581188889248,0.0013915659303639118,-46.394194221845986,-65.5185582300648,-65.5185582300648,-65.51855823006477,0.0013915659303639118
2023-04-22,-37.460571561580004,-56.420087716653086,-58.173242699796845,0.0012128264303433605,-41.35847007626692,-60.11814137846109,-61.85281703983237,0.0012128264303433605,-9.274354572626486,-50.7722587369546,-54.60950104212004,0.0012128264303433605,-40.20493307446793,-58.98889052747435,-60.72581188889248,0.0012128264303433605,-44.6680547120879,-63.697658450518674,-65.45729431613934,-65.45729431613933,0.0012128264303433605
2023-04-23,-18.790046041757602,-48.4384318430048,-58.17324269979163,0.00049493029195919,-22.885870812920373,-52.220895728837135,-61.852817039830256,0.00049493029195919,10.0,-38.63920595261633,-54.60950104210826,0.00049493029195919,-21.706520558751883,-51.08095181916398,-60.725811888873714,0.00049493029195919,-26.242254029612667,-55.432831305722544,-65.01732438700847,-65.01732438702373,0.00049493029195919
2023-04-24,10.0,-50.29196310732486,-58.17324269980006,9.067825336533979e-05,10.0,-53.54615421771523,-61.852817039837134,9.067825336533979e-05,10.0,-47.14021365197199,-54.609501042122474,9.067825336533979e-05,10.0,-52.549438346627696,-60.72581188889459,9.067825336533979e-05,10.0,-56.67875481670616,-65.39490672990733,-65.39490672990316,9.067825336533979e-05
2023-04-25,,-58.17324269979475,-58.17324269979463,0.0,,-61.85281703983446,-61.852817039834584,0.0,,-54.609501042118566,-54.60950104211848,0.0,,-60.725811888889965,-60.725811888889815,0.0,,-65.52075945748453,-65.52075945748437,-65.52075945748726,0.0
2023-04-26,,-58.17324269980076,-58.173242699800845,0.0,,-61.85281703983508,-61.85281703983514,0.0,,-54.60950104212329,-54.60950104212336,0.0,,-60.72581188889606,-60.72581188889614,0.0,,-65.5066112399742,-65.50661123997426,-65.50661123997179,0.0
2023-04-27,,-58.17324269979642,-58.173242699796404,0.0,,-61.8528170398315,-61.85281703983148,0.0,,-54.60950104212004,-54.60950104212004,0.0,,-60.72581188889377,-60.72581188889381,0.0,,-65.4001584502843,-65.40015845028424,-65.40015845028648,0.0
2023-04-28,,-58.173242699797264,-58.17324269979729,5.623653032839133e-07,,-61.852817039831194,-61.852817039831145,5.623653032839133e-07,,-54.60950104211929,-54.609501042119255,5.623653032839133e-07,,-60.72581188889173,-60.7258118888917,5.623653032839133e-07,,-65.19861681429838,-65.19861681429839,-65.19861681429825,5.623653032839133e-07
2023-04-29,,-58.17324269979696,-58.17324269979696,6.718021233579622e-06,,-61.852817039833404,-61.852817039833475,6.718021233579622e-06,,-54.60950104211983,-54.60950104211981,6.718021233579622e-06,,-60.72581188889104,-60.725811888890924,6.718021233579622e-06,,-65.07804146990621,-65.07804146990614,-65.07804146990719,6.718021233579622e-06
2023-04-30,10.0,-54.45416555426368,-58.17324269979562,1.6599259429410146e-05,10.0,-57.933006875136094,-61.852817039831805,1.6599259429410146e-05,10.0,-51.08483785764701,-54.60950104211781,1.6599259429410146e-05,10.0,-56.867483603798156,-60.7258118888917,1.6599259429410146e-05,10.0,-60.86337597137029,-64.95227169694573,-64.95227169694732,1.6599259429410146e-05
2023-05-01,-86.13562359676618,-59.85427921435587,-58.17324269979529,2.7012159374958853e-05,-92.69619534721818,-63.70705274880603,-61.85281703983103,2.7012159374958853e-05,-64.6184157226215,-55.21121486294985,-54.60950104211892,2.7012159374958853e-05,-90.25040801702534,-62.500765329084544,-60.72581188889225,2.7012159374958853e-05,-97.44393088816838,-66.73057528269173,-64.76605354794951,-64.76605354794962,2.7012159374958853e-05
2023-05-02,-48.53082877232939,-57.46094169595326,-58.17324269979673,4.6996795671737124e-05,-52.379074223595,-61.15297604888041,-61.852817039831585,4.6996795671737124e-05,-39.65598603207121,-53.50486025063724,-54.60950104212048,4.6996795671737124e-05,-50.88526479740385,-59.99887446177454,-60.725811888892146,4.6996795671737124e-05,-54.843577051248424,-63.784010979087896,-64.49713522690669,-64.4971352269059,4.6996795671737124e-05
2023-05-03,-50.356527600079914,-57.49699589932074,-58.17324269979651,6.0216573398011405e-05,-54.52889072024303,-61.21920283266825,-61.852817039833475,6.0216573398011405e-05,-40.220607421802555,-53.36467592709488,-54.60950104212037,6.0216573398011405e-05,-52.77722511526528,-60.03815648564429,-60.725811888892146,6.0216573398011405e-05,-57.06534155707299,-63.77235686506668,-64.40755296883694,-64.4075529688372,6.0216573398011405e-05
2023-05-04,-39.94990264153975,-55.66227159901574,-58.17324269979696,3.759732198790673e-05,-44.23500513416556,-59.42528090141278,-61.85281703983237,3.759732198790673e-05,-17.511721258148818,-49.49784463649379,-54.609501042120144,3.759732198790673e-05,-42.528328683488766,-58.21840357133696,-60.7258118888927,3.759732198790673e-05,-46.50396298669468,-61.68848789102208,-64.11510499230377,-64.115104992304,3.759732198790673e-05
2023-05-05,-47.60878700510274,-57.04480380969419,-58.17324269979607,3.1893369122632614e-05,-52.03429468853338,-60.804054776566126,-61.85281703983214,3.1893369122632614e-05,-32.993891736626594,-52.300636782711976,-54.60950104211892,3.1893369122632614e-05,-50.04709637536875,-59.58516837350012,-60.7258118888917,3.1893369122632614e-05,-54.22653428384161,-62.999717386900485,-64.04888900332439,-64.04888900332512,3.1893369122632614e-05
2023-05-06,-46.46566521243478,-57.125985219284196,-58.173242699796404,2.887614543826919e-05,-51.237065530260196,-60.90322476152769,-61.85281703983292,2.887614543826919e-05,-31.187786974950615,-52.514399362055244,-54.609501042120144,2.887614543826919e-05,-48.809319441084796,-59.659866703313426,-60.72581188889126,2.887614543826919e-05,-53.23641170996962,-62.948669439360145,-63.902790380685694,-63.90279038068532,2.887614543826919e-05
2023-05-07,-46.74345568411209,-57.18737143515796,-58.17324269979718,2.646692591760694e-05,-51.900645002658784,-60.99439680691634,-61.85281703983336,2.646692591760694e-05,-30.932439601644603,-52.56724649501146,-54.6095010421197,2.646692591760694e-05,-48.967436857422996,-59.71159840910769,-60.72581188889248,2.646692591760694e-05,-53.76520715253219,-62.908226564146794,-63.771297497005165,-63.77129749700529,2.646692591760694e-05
2023-05-08,-45.87801163988803,-57.21919709555148,-58.173242699795736,2.175408881902209e-05,-51.73881981028017,-61.06802376907659,-61.85281703983148,2.175408881902209e-05,-29.787755613608468,-52.68346345890102,-54.60950104211981,2.175408881902209e-05,-47.88866966341443,-59.729716813363346,-60.725811888893254,2.175408881902209e-05,-53.37349622550291,-62.81790157393863,-63.61238584038509,-63.612385840386175,2.175408881902209e-05
2023-05-09,-47.904758160817515,-57.30813611895383,-58.17324269979751,1.5518461708110898e-05,-55.2456670588124,-61.29617317407938,-61.85281703983225,1.5518461708110898e-05,-34.35131184469864,-52.902774725871765,-54.60950104212004,1.5518461708110898e-05,-49.425133714427915,-59.773744325308556,-60.72581188889248,1.5518461708110898e-05,-56.62038596653862,-62.84748381442394,-63.42037404086665,-63.42037404086656,1.5518461708110898e-05
2023-05-10,,-58.17324269979644,-58.173242699796404,8.084873755198417e-06,,-61.852817039832374,-61.85281703983237,8.084873755198417e-06,,-54.609501042119625,-54.60950104211959,8.084873755198417e-06,,-60.72581188889289,-60.72581188889292,8.084873755198417e-06,,-63.24401482336515,-63.244014823365056,-63.24401482336617,8.084873755198417e-06
2023-05-11,,-58.173242699796745,-58.17324269979673,0.0,,-61.852817039832686,-61.8528170398327,0.0,,-54.60950104212076,-54.60950104212081,0.0,,-60.725811888893205,-60.725811888893254,0.0,,-63.16924558336983,-63.16924558336989,-63.16924558336875,0.0
2023-05-12,,-58.17324269979716,-58.17324269979718,0.0,,-61.8528170398331,-61.85281703983314,0.0,,-54.60950104212056,-54.60950104212059,0.0,,-60.725811888892906,-60.72581188889292,0.0,,-62.92887893479491,-62.92887893479493,-62.92887893479449,0.0
2023-05-13,,-58.17324269979548,-58.1732426997954,0.0,,-61.852817039831635,-61.852817039831585,0.0,,-54.609501042119305,-54.609501042119255,0.0,,-60.72581188889268,-60.7258118888927,0.0,,-62.72549187455735,-62.725491874557335,-62.72549187455765,0.0
2023-05-14,,-58.17324269979601,-58.173242699795956,0.0,,-61.85281703983226,-61.85281703983225,0.0,,-54.60950104211889,-54.609501042118815,0.0,,-60.72581188889206,-60.72581188889203,0.0,,-62.30953091881774,-62.30953091881774,-62.30953091881769,0.0
2023-05-15,,-58.173242699798365,-58.17324269979851,0.0,,-61.85281703983237,-61.85281703983237,0.0,,-54.609501042117074,-54.60950104211682,0.0,,-60.72581188888992,-60.7258118888897,0.0,,-62.20461551683443,-62.20461551683443,-62.20461551683442,0.0
2023-05-16,,-58.17324269979463,-58.1732426997944,0.0,,-61.85281703983256,-61.85281703983259,0.0,,-54.609501042119625,-54.60950104211959,0.0,,-60.72581188889177,-60.7258118888917,0.0,,-62.06732566595839,-62.06732566595829,-62.06732566595936,0.0
2023-05-17,,-58.173242699797164,-58.17324269979718,0.0,,-61.85281703983216,-61.85281703983214,0.0,,-54.60950104211931,-54.609501042119255,0.0,,-60.72581188889207,-60.72581188889203,0.0,,-61.868066645298086,-61.86806664529798,-61.86806664529938,0.0
2023-05-18,,-58.17324269979757,-58.173242699797626,0.0,,-61.85281703983163,-61.852817039831585,0.0,,-54.60950104212117,-54.60950104212125,0.0,,-60.725811888893304,-60.72581188889337,0.0,,-61.57454719203187,-61.574547192031815,-61.57454719203287,0.0
2023-05-19,,-58.1732426997981,-58.17324269979818,0.0,,-61.852817039835706,-61.85281703983592,0.0,,-54.60950104211869,-54.609501042118595,0.0,,-60.72581188889154,-60.72581188889148,0.0,,-61.62403236803742,-61.62403236803726,-61.62403236803993,0.0
2023-05-20,,-58.17324269980563,-58.17324269980628,0.0,,-61.8528170398301,-61.85281703982992,0.0,,-54.609501042118175,-54.60950104211803,0.0,,-60.72581188889548,-60.7258118888957,0.0,,-61.46734313757649,-61.46734313757629,-61.46734313757904,0.0
2023-05-21,,-58.173242699795686,-58.17324269979562,0.0,,-61.85281703981811,-61.852817039817374,0.0,,-54.60950104212764,-54.60950104212803,0.0,,-60.725811888888785,-60.72581188888859,0.0,,-61.218812644707,-61.21881264470752,-61.218812644697,0.0
2023-05-22,,-58.173242699796845,-58.173242699796845,0.0,,-61.85281703983237,-61.85281703983237,0.0,,-54.60950104212003,-54.60950104212004,0.0,,-60.72581188889248,-60.72581188889248,0.0,,-60.92888964280119,-60.92888964280119,-60.92888964280121,0.0
2023-05-23,,-58.173242699796845,-58.173242699796845,0.0,,-61.85281703983237,-61.85281703983237,0.0,,-54.60950104212004,-54.60950104212004,0.0,,-60.72581188889249,-60.72581188889248,0.0,,-60.893025001172006,-60.893025001172,-60.89302500117195,0.0
2023-05-24,,-58.17324269979685,-58.173242699796845,0.0,,-61.852817039832374,-61.85281703983237,0.0,,-54.60950104212004,-54.60950104212004,0.0,,-60.72581188889249,-60.72581188889248,0.0,,-60.7840003749045,-60.7840003749045,-60.78400037490454,0.0
2023-05-25,,-58.173242699796845,-58.173242699796845,0.0,,-61.85281703983237,-61.85281703983237,0.0,,-54.60950104212004,-54.60950104212004,0.0,,-60.72581188889249,-60.72581188889248,0.0,,-60.59305911510948,-60.59305911510948,-60.5930591151095,0.0
2023-05-26,,-58.173242699796845,-58.173242699796845,0.0,,-61.85281703983237,-61.85281703983237,0.0,,-54.60950104212004,-54.60950104212004,0.0,,-60.72581188889248,-60.72581188889248,0.0,,-60.44063030979785,-60.44063030979785,-60.440630309797854,0.0
2023-05-27,,-58.173242699796845,-58.173242699796845,0.0,,-61.85281703983237,-61.85281703983237,0.0,,-54.60950104212004,-54.60950104212004,0.0,,-60.72581188889249,-60.72581188889248,0.0,,-60.093583867546926,-60.093583867546926,-60.09358386754696,0.0
2023-05-28,,-58.173242699796845,-58.173242699796845,0.0,,-61.85281703983236,-61.85281703983237,0.0,,-54.60950104212004,-54.60950104212004,0.0,,-60.72581188889248,-60.72581188889248,0.0,,-60.01343405461124,-60.01343405461124,-60.01343405461111,0.0
2023-05-29,,-58.17324269979685,-58.173242699796845,0.0,,-61.852817039832374,-61.85281703983237,0.0,,-54.60950104212004,-54.60950104212004,0.0,,-60.72581188889249,-60.72581188889248,0.0,,-59.752596744143354,-59.75259674414335,-59.752596744143396,0.0
2023-05-30,,-58.173242699796845,-58.173242699796845,0.0,,-61.85281703983237,-61.85281703983237,0.0,,-54.60950104212004,-54.60950104212004,0.0,,-60.72581188889248,-60.72581188889248,0.0,,-59.62306512014626,-59.62306512014626,-59.62306512014621,0.0
2023-05-31,,-58.173242699796845,-58.173242699796845,0.0,,-61.85281703983237,-61.85281703983237,0.0,,-54.60950104212004,-54.60950104212004,0.0,,-60.72581188889248,-60.72581188889248,0.0,,-59.76814632858739,-59.7681463285874,-59.768146328587456,0.0
2023-06-01,,-58.173242699796845,-58.173242699796845,0.0,,-61.85281703983236,-61.85281703983237,0.0,,-54.60950104212003,-54.60950104212004,0.0,,-60.72581188889248,-60.72581188889248,0.0,,-59.98569806838316,-59.985698068383165,-59.985698068383144,0.0
2023-06-02,,-58.173242699796845,-58.173242699796845,2.0303702624025373e-07,,-61.85281703983237,-61.85281703983237,2.0303702624025373e-07,,-54.60950104212004,-54.60950104212004,2.0303702624025373e-07,,-60.72581188889248,-60.72581188889248,2.0303702624025373e-07,,-60.28340709594815,-60.28340709594815,-60.283407095948206,2.0303702624025373e-07
2023-06-03,,-58.17324269979685,-58.173242699796845,1.1875140867793198e-06,,-61.852817039832374,-61.85281703983237,1.1875140867793198e-06,,-54.60950104212004,-54.60950104212004,1.1875140867793198e-06,,-60.72581188889248,-60.72581188889248,1.1875140867793198e-06,,-60.30807129066252,-60.30807129066251,-60.3080712906626,1.1875140867793198e-06
2023-06-04,,-58.173242699796845,-58.173242699796845,1.1216764842214811e-06,,-61.85281703983237,-61.85281703983237,1.1216764842214811e-06,,-54.60950104212004,-54.60950104212004,1.1216764842214811e-06,,-60.72581188889247,-60.72581188889248,1.1216764842214811e-06,,-60.358244966873585,-60.358244966873585,-60.35824496687369,1.1216764842214811e-06
2023-06-05,,-58.17324269979685,-58.173242699796845,0.0,,-61.852817039832374,-61.85281703983237,0.0,,-54.609501042120044,-54.60950104212004,0.0,,-60.72581188889248,-60.72581188889248,0.0,,-60.33844959007384,-60.338449590073836,-60.33844959007399,0.0
2023-06-06,,-58.173242699796845,-58.173242699796845,0.0,,-61.85281703983237,-61.85281703983237,0.0,,-54.60950104212003,-54.60950104212004,0.0,,-60.72581188889248,-60.72581188889248,0.0,,-60.12058399537645,-60.12058399537645,-60.120583995376535,0.0
2023-06-07,,-58.173242699796845,-58.173242699796845,0.0,,-61.85281703983237,-61.85281703983237,0.0,,-54.60950104212004,-54.60950104212004,0.0,,-60.72581188889248,-60.72581188889248,0.0,,-59.92663531422648,-59.92663531422649,-59.9266353142265,0.0
2023-06-08,,-58.173242699796845,-58.173242699796845,0.0,,-61.85281703983237,-61.85281703983237,0.0,,-54.609501042120044,-54.60950104212004,0.0,,-60.72581188889249,-60.72581188889248,0.0,,-59.57958032898358,-59.57958032898358,-59.57958032898357,0.0
2023-06-09,,-58.17324269979685,-58.173242699796845,0.0,,-61.852817039832374,-61.85281703983237,0.0,,-54.609501042120044,-54.60950104212004,0.0,,-60.72581188889249,-60.72581188889248,0.0,,-59.215707968417135,-59.21570796841713,-59.21570796841711,0.0
2023-06-10,,-58.173242699796845,-58.173242699796845,0.0,,-61.85281703983237,-61.85281703983237,0.0,,-54.60950104212004,-54.60950104212004,0.0,,-60.72581188889248,-60.72581188889248,0.0,,-58.82070481701041,-58.82070481701041,-58.82070481701051,0.0
2023-06-11,,-58.173242699796845,-58.173242699796845,0.0,,-61.85281703983237,-61.85281703983237,0.0,,-54.609501042120044,-54.60950104212004,0.0,,-60.72581188889248,-60.72581188889248,0.0,,-58.60899296510059,-58.60899296510058,-58.60899296510058,0.0
2023-06-12,,-58.173242699796845,-58.173242699796845,0.0,,-61.85281703983237,-61.85281703983237,0.0,,-54.60950104212004,-54.60950104212004,0.0,,-60.72581188889248,-60.72581188889248,0.0,,-58.493691458946564,-58.493691458946564,-58.49369145894654,0.0
2023-06-13,,-58.17324269979685,-58.173242699796845,0.0,,-61.852817039832374,-61.85281703983237,0.0,,-54.60950104212004,-54.60950104212004,0.0,,-60.72581188889248,-60.72581188889248,0.0,,-58.3348744783494,-58.3348744783494,-58.334874478349356,0.0
2023-06-14,,-58.173242699796845,-58.173242699796845,0.0,,-61.85281703983237,-61.85281703983237,0.0,,-54.60950104212004,-54.60950104212004,0.0,,-60.72581188889248,-60.72581188889248,0.0,,-58.26907391675673,-58.26907391675673,-58.269073916756724,0.0
2023-06-15,,-58.17324269979685,-58.173242699796845,0.0,,-61.852817039832374,-61.85281703983237,0.0,,-54.609501042120044,-54.60950104212004,0.0,,-60.72581188889249,-60.72581188889248,0.0,,-58.345866620123765,-58.34586662012376,-58.345866620123765,0.0
2023-06-16,,-58.173242699796845,-58.173242699796845,0.0,,-61.85281703983237,-61.85281703983237,0.0,,-54.60950104212003,-54.60950104212004,0.0,,-60.72581188889247,-60.72581188889248,0.0,,-58.29569546157098,-58.295695461570986,-58.29569546157096,0.0
2023-06-17,,-58.17324269979685,-58.173242699796845,0.0,,-61.85281703983237,-61.85281703983237,0.0,,-54.60950104212004,-54.60950104212004,0.0,,-60.72581188889249,-60.72581188889248,0.0,,-58.053676202578394,-58.053676202578394,-58.05367620257843,0.0
2023-06-18,,-58.173242699796845,-58.173242699796845,0.0,,-61.85281703983237,-61.85281703983237,0.0,,-54.60950104212004,-54.60950104212004,0.0,,-60.72581188889248,-60.72581188889248,0.0,,-57.722636538641744,-57.72263653864174,-57.722636538641694,0.0
2023-06-19,,-58.17324269979685,-58.173242699796845,0.0,,-61.85281703983237,-61.85281703983237,0.0,,-54.609501042120044,-54.60950104212004,0.0,,-60.72581188889248,-60.72581188889248,0.0,,-57.60241225759666,-57.602412257596654,-57.60241225759671,0.0
2023-06-20,,-58.17324269979685,-58.173242699796845,0.0,,-61.852817039832374,-61.85281703983237,0.0,,-54.609501042120044,-54.60950104212004,0.0,,-60.72581188889249,-60.72581188889248,0.0,,-57.541787995291536,-57.54178799529153,-57.54178799529156,0.0
2023-06-21,,-58.17324269979685,-58.173242699796845,0.0,,-61.852817039832374,-61.85281703983237,0.0,,-54.60950104212004,-54.60950104212004,0.0,,-60.72581188889249,-60.72581188889248,0.0,,-57.36848460378374,-57.36848460378374,-57.36848460378377,0.0
2023-06-22,,-58.173242699796845,-58.173242699796845,0.0,,-61.852817039832374,-61.85281703983237,0.0,,-54.609501042120044,-54.60950104212004,0.0,,-60.72581188889249,-60.72581188889248,0.0,,-57.19634697655652,-57.19634697655651,-57.196346976556555,0.0
2023-06-23,,-58.173242699796845,-58.173242699796845,0.0,,-61.85281703983236,-61.85281703983237,0.0,,-54.60950104212004,-54.60950104212004,0.0,,-60.72581188889248,-60.72581188889248,0.0,,-56.97422911919059,-56.97422911919059,-56.974229119190625,0.0
2023-06-24,,-58.173242699796845,-58.173242699796845,0.0,,-61.852817039832374,-61.85281703983237,0.0,,-54.609501042120044,-54.60950104212004,0.0,,-60.72581188889249,-60.72581188889248,0.0,,-56.67345174635641,-56.673451746356406,-56.67345174635639,0.0
2023-06-25,,-58.173242699796845,-58.173242699796845,0.0,,-61.85281703983237,-61.85281703983237,0.0,,-54.60950104212004,-54.60950104212004,0.0,,-60.72581188889248,-60.72581188889248,0.0,,-56.42588409459315,-56.42588409459315,-56.42588409459319,0.0
2023-06-26,,-58.173242699796845,-58.173242699796845,0.0,,-61.85281703983237,-61.85281703983237,0.0,,-54.60950104212004,-54.60950104212004,0.0,,-60.72581188889248,-60.72581188889248,0.0,,-56.13760916837074,-56.13760916837074,-56.13760916837058,0.0
2023-06-27,,-58.173242699796845,-58.173242699796845,0.0,,-61.85281703983237,-61.85281703983237,0.0,,-54.60950104212004,-54.60950104212004,0.0,,-60.72581188889248,-60.72581188889248,0.0,,-55.99229646583493,-55.992296465834926,-55.99229646583494,0.0
2023-06-28,,-58.17324269979684,-58.173242699796845,0.0,,-61.85281703983237,-61.85281703983237,0.0,,-54.60950104212004,-54.60950104212004,0.0,,-60.72581188889248,-60.72581188889248,0.0,,-55.84705221225072,-55.84705221225072,-55.84705221225077,0.0
2023-06-29,,-58.173242699796845,-58.173242699796845,0.0,,-61.85281703983237,-61.85281703983237,0.0,,-54.60950104212004,-54.60950104212004,0.0,,-60.72581188889248,-60.72581188889248,0.0,,-55.71111961507202,-55.71111961507202,-55.711119615072064,0.0
2023-06-30,,-58.17324269979684,-58.173242699796845,0.0,,-61.85281703983236,-61.85281703983237,0.0,,-54.60950104212004,-54.60950104212004,0.0,,-60.72581188889247,-60.72581188889248,0.0,,-55.3532308273591,-55.3532308273591,-55.35323082735905,0.0
2023-07-01,,-58.17324269979684,-58.173242699796845,0.0,,-61.85281703983237,-61.85281703983237,0.0,,-54.60950104212003,-54.60950104212004,0.0,,-60.72581188889248,-60.72581188889248,0.0,,-55.3544997889821,-55.3544997889821,-55.35449978898204,0.0
2023-07-02,,-58.173242699796845,-58.173242699796845,0.0,,-61.85281703983237,-61.85281703983237,0.0,,-54.60950104212004,-54.60950104212004,0.0,,-60.72581188889248,-60.72581188889248,0.0,,-55.29802394008565,-55.29802394008565,-55.2980239400857,0.0
2023-07-03,,-58.173242699796845,-58.173242699796845,0.0,,-61.85281703983237,-61.85281703983237,0.0,,-54.60950104212004,-54.60950104212004,0.0,,-60.72581188889248,-60.72581188889248,0.0,,-55.18341936401595,-55.18341936401594,-55.1834193640159,0.0
2023-07-04,,-58.17324269979684,-58.173242699796845,0.0,,-61.85281703983236,-61.85281703983237,0.0,,-54.60950104212004,-54.60950104212004,0.0,,-60.72581188889247,-60.72581188889248,0.0,,-54.870619678161425,-54.870619678161425,-54.870619678161376,0.0
2023-07-05,,-58.17324269979684,-58.173242699796845,0.0,,-61.85281703983236,-61.85281703983237,0.0,,-54.60950104212004,-54.60950104212004,0.0,,-60.72581188889247,-60.72581188889248,0.0,,-54.757359476647835,-54.757359476647835,-54.75735947664788,0.0
2023-07-06,,-58.17324269979685,-58.173242699796845,0.0,,-61.852817039832374,-61.85281703983237,0.0,,-54.609501042120044,-54.60950104212004,0.0,,-60.72581188889248,-60.72581188889248,0.0,,-54.72458245758927,-54.724582457589264,-54.72458245758925,0.0
2023-07-07,,-58.173242699796845,-58.173242699796845,0.0,,-61.85281703983237,-61.85281703983237,0.0,,-54.60950104212003,-54.60950104212004,0.0,,-60.72581188889247,-60.72581188889248,0.0,,-54.69142996678755,-54.69142996678755,-54.69142996678758,0.0
2023-07-08,,-58.173242699796845,-58.173242699796845,0.0,,-61.852817039832374,-61.85281703983237,0.0,,-54.609501042120044,-54.60950104212004,0.0,,-60.72581188889248,-60.72581188889248,0.0,,-54.5060483434301,-54.506048343430095,-54.50604834343008,0.0
2023-07-09,,-58.173242699796845,-58.173242699796845,0.0,,-61.85281703983237,-61.85281703983237,0.0,,-54.609501042120044,-54.60950104212004,0.0,,-60.72581188889248,-60.72581188889248,0.0,,-54.44136326139193,-54.44136326139193,-54.4413632613919,0.0
2023-07-10,,-58.173242699796845,-58.173242699796845,0.0,,-61.85281703983237,-61.85281703983237,0.0,,-54.60950104212004,-54.60950104212004,0.0,,-60.72581188889248,-60.72581188889248,0.0,,-54.54998546946533,-54.54998546946533,-54.54998546946533,0.0
2023-07-11,,-58.173242699796845,-58.173242699796845,0.0,,-61.85281703983236,-61.85281703983237,0.0,,-54.60950104212004,-54.60950104212004,0.0,,-60.72581188889248,-60.72581188889248,0.0,,-54.41010080932607,-54.41010080932607,-54.41010080932605,0.0
2023-07-12,,-58.173242699796845,-58.173242699796845,0.0,,-61.85281703983236,-61.85281703983237,0.0,,-54.60950104212004,-54.60950104212004,0.0,,-60.72581188889248,-60.72581188889248,0.0,,-54.31914615992528,-54.31914615992528,-54.31914615992517,0.0
2023-07-13,,-58.17324269979684,-58.173242699796845,0.0,,-61.85281703983236,-61.85281703983237,0.0,,-54.60950104212004,-54.60950104212004,0.0,,-60.72581188889247,-60.72581188889248,0.0,,-54.20638648657782,-54.20638648657783,-54.20638648657778,0.0
2023-07-14,,-58.173242699796845,-58.173242699796845,0.0,,-61.85281703983237,-61.85281703983237,0.0,,-54.60950104212003,-54.60950104212004,0.0,,-60.72581188889248,-60.72581188889248,0.0,,-54.312017875868705,-54.312017875868705,-54.312017875868776,0.0
2023-07-15,,-58.17324269979684,-58.173242699796845,0.0,,-61.85281703983236,-61.85281703983237,0.0,,-54.60950104212004,-54.60950104212004,0.0,,-60.72581188889247,-60.72581188889248,0.0,,-54.294809110137955,-54.294809110137955,-54.29480911013792,0.0
2023-07-16,,-58.17324269979684,-58.173242699796845,0.0,,-61.85281703983236,-61.85281703983237,0.0,,-54.60950104212003,-54.60950104212004,0.0,,-60.72581188889247,-60.72581188889248,0.0,,-54.18782403094746,-54.18782403094746,-54.18782403094748,0.0
2023-07-17,,-58.173242699796845,-58.173242699796845,0.0,,-61.85281703983237,-61.85281703983237,0.0,,-54.60950104212004,-54.60950104212004,0.0,,-60.72581188889248,-60.72581188889248,0.0,,-53.98001263930874,-53.98001263930874,-53.98001263930877,0.0
2023-07-18,,-58.173242699796845,-58.173242699796845,0.0,,-61.85281703983237,-61.85281703983237,0.0,,-54.60950104212003,-54.60950104212004,0.0,,-60.72581188889248,-60.72581188889248,0.0,,-53.959190408716104,-53.959190408716104,-53.959190408716154,0.0
2023-07-19,,-58.17324269979685,-58.173242699796845,0.0,,-61.85281703983237,-61.85281703983237,0.0,,-54.609501042120044,-54.60950104212004,0.0,,-60.72581188889249,-60.72581188889248,0.0,,-53.78945718982542,-53.78945718982542,-53.78945718982537,0.0
2023-07-20,,-58.173242699796845,-58.173242699796845,0.0,,-61.852817039832374,-61.85281703983237,0.0,,-54.60950104212004,-54.60950104212004,0.0,,-60.72581188889249,-60.72581188889248,0.0,,-53.53208179789238,-53.532081797892374,-53.53208179789248,0.0
2023-07-21,,-58.173242699796845,-58.173242699796845,0.0,,-61.85281703983237,-61.85281703983237,0.0,,-54.60950104212004,-54.60950104212004,0.0,,-60.72581188889248,-60.72581188889248,0.0,,-53.412212072557196,-53.412212072557196,-53.41221207255724,0.0
2023-07-22,,-58.173242699796845,-58.173242699796845,0.0,,-61.85281703983237,-61.85281703983237,0.0,,-54.60950104212003,-54.60950104212004,0.0,,-60.72581188889248,-60.72581188889248,0.0,,-53.26025047412808,-53.26025047412808,-53.26025047412809,0.0
2023-07-23,,-58.17324269979685,-58.173242699796845,0.0,,-61.852817039832374,-61.85281703983237,0.0,,-54.609501042120044,-54.60950104212004,0.0,,-60.72581188889248,-60.72581188889248,0.0,,-52.996612383734664,-52.99661238373466,-52.99661238373464,0.0
2023-07-24,,-58.173242699796845,-58.173242699796845,0.0,,-61.85281703983237,-61.85281703983237,0.0,,-54.60950104212004,-54.60950104212004,0.0,,-60.72581188889249,-60.72581188889248,0.0,,-52.72336647622655,-52.72336647622655,-52.72336647622655,0.0
2023-07-25,,-58.17324269979685,-58.173242699796845,0.0,,-61.85281703983237,-61.85281703983237,0.0,,-54.609501042120044,-54.60950104212004,0.0,,-60.72581188889248,-60.72581188889248,0.0,,-52.310832427450826,-52.310832427450826,-52.31083242745093,0.0
2023-07-26,,-58.173242699796845,-58.173242699796845,0.0,,-61.85281703983237,-61.85281703983237,0.0,,-54.60950104212004,-54.60950104212004,0.0,,-60.72581188889248,-60.72581188889248,0.0,,-52.00386359308706,-52.00386359308706,-52.00386359308701,0.0
2023-07-27,,-58.173242699796845,-58.173242699796845,0.0,,-61.85281703983237,-61.85281703983237,0.0,,-54.60950104212004,-54.60950104212004,0.0,,-60.72581188889248,-60.72581188889248,0.0,,-51.69182083257873,-51.69182083257873,-51.691820832578756,0.0
2023-07-28,,-58.173242699796845,-58.173242699796845,0.0,,-61.85281703983237,-61.85281703983237,0.0,,-54.60950104212003,-54.60950104212004,0.0,,-60.72581188889248,-60.72581188889248,0.0,,-51.47951557883168,-51.47951557883168,-51.47951557883164,0.0
2023-07-29,,-58.173242699796845,-58.173242699796845,0.0,,-61.852817039832374,-61.85281703983237,0.0,,-54.609501042120044,-54.60950104212004,0.0,,-60.72581188889249,-60.72581188889248,0.0,,-51.304627760506044,-51.30462776050604,-51.304627760506115,0.0
2023-07-30,,-58.173242699796845,-58.173242699796845,0.0,,-61.852817039832374,-61.85281703983237,0.0,,-54.60950104212004,-54.60950104212004,0.0,,-60.72581188889248,-60.72581188889248,0.0,,-51.10638197270667,-51.10638197270667,-51.10638197270668,0.0
2023-07-31,,-58.173242699796845,-58.173242699796845,0.0,,-61.85281703983237,-61.85281703983237,0.0,,-54.60950104212004,-54.60950104212004,0.0,,-60.72581188889248,-60.72581188889248,0.0,,-51.171724822544284,-51.171724822544284,-51.171724822544206,0.0
2023-08-01,,-58.17324269979685,-58.173242699796845,0.0,,-61.852817039832374,-61.85281703983237,0.0,,-54.60950104212004,-54.60950104212004,0.0,,-60.72581188889248,-60.72581188889248,0.0,,-51.223573261864885,-51.223573261864885,-51.22357326186498,0.0
2023-08-02,,-58.173242699796845,-58.173242699796845,2.990561578791024e-06,,-61.85281703983237,-61.85281703983237,2.990561578791024e-06,,-54.60950104212004,-54.60950104212004,2.990561578791024e-06,,-60.72581188889247,-60.72581188889248,2.990561578791024e-06,,-51.10032602209047,-51.10032602209047,-51.10032602209052,2.990561578791024e-06
2023-08-03,,-58.17324269979684,-58.173242699796845,4.270377704522508e-06,,-61.85281703983236,-61.85281703983237,4.270377704522508e-06,,-54.60950104212003,-54.60950104212004,4.270377704522508e-06,,-60.72581188889247,-60.72581188889248,4.270377704522508e-06,,-51.22265548540827,-51.222655485408275,-51.22265548540823,4.270377704522508e-06
2023-08-04,,-58.173242699796845,-58.173242699796845,2.7239890685769915e-06,,-61.85281703983237,-61.85281703983237,2.7239890685769915e-06,,-54.60950104212004,-54.60950104212004,2.7239890685769915e-06,,-60.72581188889248,-60.72581188889248,2.7239890685769915e-06,,-50.93706665181341,-50.93706665181341,-50.93706665181335,2.7239890685769915e-06
2023-08-05,,-58.173242699796845,-58.173242699796845,6.668711939014687e-08,,-61.852817039832374,-61.85281703983237,6.668711939014687e-08,,-54.609501042120044,-54.60950104212004,6.668711939014687e-08,,-60.72581188889248,-60.72581188889248,6.668711939014687e-08,,-50.9558876810593,-50.955887681059295,-50.95588768105937,6.668711939014687e-08
2023-08-06,,-58.17324269979685,-58.173242699796845,0.0,,-61.85281703983237,-61.85281703983237,0.0,,-54.609501042120044,-54.60950104212004,0.0,,-60.72581188889249,-60.72581188889248,0.0,,-50.89011982618574,-50.89011982618574,-50.89011982618574,0.0
2023-08-07,,-58.173242699796845,-58.173242699796845,0.0,,-61.85281703983237,-61.85281703983237,0.0,,-54.60950104212004,-54.60950104212004,0.0,,-60.72581188889248,-60.72581188889248,0.0,,-50.73169647263842,-50.73169647263842,-50.73169647263842,0.0
2023-08-08,,-58.173242699796845,-58.173242699796845,0.0,,-61.85281703983237,-61.85281703983237,0.0,,-54.60950104212004,-54.60950104212004,0.0,,-60.72581188889248,-60.72581188889248,0.0,,-50.640369837056774,-50.640369837056774,-50.64036983705675,0.0
2023-08-09,,-58.17324269979684,-58.173242699796845,0.0,,-61.85281703983236,-61.85281703983237,0.0,,-54.60950104212003,-54.60950104212004,0.0,,-60.72581188889247,-60.72581188889248,0.0,,-50.67776085271502,-50.677760852715025,-50.67776085271507,0.0
2023-08-10,,-58.173242699796845,-58.173242699796845,0.0,,-61.85281703983237,-61.85281703983237,0.0,,-54.60950104212004,-54.60950104212004,0.0,,-60.72581188889248,-60.72581188889248,0.0,,-50.59546637548884,-50.59546637548884,-50.595466375488826,0.0
2023-08-11,,-58.173242699796845,-58.173242699796845,0.0,,-61.85281703983237,-61.85281703983237,0.0,,-54.60950104212004,-54.60950104212004,0.0,,-60.72581188889248,-60.72581188889248,0.0,,-50.388383082092915,-50.38838308209292,-50.388383082092965,0.0
2023-08-12,,-58.173242699796845,-58.173242699796845,0.0,,-61.85281703983237,-61.85281703983237,0.0,,-54.60950104212004,-54.60950104212004,0.0,,-60.72581188889248,-60.72581188889248,0.0,,-50.490768945407936,-50.490768945407936,-50.49076894540793,0.0
2023-08-13,,-58.17324269979685,-58.173242699796845,0.0,,-61.852817039832374,-61.85281703983237,0.0,,-54.609501042120044,-54.60950104212004,0.0,,-60.72581188889249,-60.72581188889248,0.0,,-50.51511796117148,-50.51511796117148,-50.515117961171434,0.0
2023-08-14,,-58.173242699796845,-58.173242699796845,0.0,,-61.852817039832374,-61.85281703983237,0.0,,-54.609501042120044,-54.60950104212004,0.0,,-60.72581188889248,-60.72581188889248,0.0,,-50.56081341309315,-50.56081341309315,-50.5608134130932,0.0
2023-08-15,,-58.173242699796845,-58.173242699796845,0.0,,-61.85281703983237,-61.85281703983237,0.0,,-54.60950104212004,-54.60950104212004,0.0,,-60.72581188889248,-60.72581188889248,0.0,,-50.71899961152682,-50.71899961152682,-50.71899961152684,0.0
2023-08-16,,-58.173242699796845,-58.173242699796845,0.0,,-61.85281703983237,-61.85281703983237,0.0,,-54.609501042120044,-54.60950104212004,0.0,,-60.72581188889248,-60.72581188889248,0.0,,-50.87128884739644,-50.87128884739644,-50.87128884739648,0.0
2023-08-17,,-58.173242699796845,-58.173242699796845,0.0,,-61.85281703983236,-61.85281703983237,0.0,,-54.60950104212004,-54.60950104212004,0.0,,-60.72581188889248,-60.72581188889248,0.0,,-50.776436319890706,-50.776436319890706,-50.77643631989064,0.0
2023-08-18,,-58.173242699796845,-58.173242699796845,0.0,,-61.852817039832374,-61.85281703983237,0.0,,-54.60950104212004,-54.60950104212004,0.0,,-60.72581188889249,-60.72581188889248,0.0,,-51.06330871330822,-51.06330871330822,-51.0633087133082,0.0
2023-08-19,,-58.173242699796845,-58.173242699796845,0.0,,-61.85281703983237,-61.85281703983237,0.0,,-54.609501042120044,-54.60950104212004,0.0,,-60.72581188889248,-60.72581188889248,0.0,,-51.507419492304095,-51.50741949230409,-51.50741949230414,0.0
2023-08-20,,-58.173242699796845,-58.173242699796845,0.0,,-61.85281703983237,-61.85281703983237,0.0,,-54.60950104212004,-54.60950104212004,0.0,,-60.72581188889248,-60.72581188889248,0.0,,-51.80134155068572,-51.80134155068572,-51.801341550685684,0.0
2023-08-21,,-58.173242699796845,-58.173242699796845,0.0,,-61.852817039832374,-61.85281703983237,0.0,,-54.609501042120044,-54.60950104212004,0.0,,-60.72581188889248,-60.72581188889248,0.0,,-52.09478417808111,-52.09478417808111,-52.094784178081085,0.0
2023-08-22,,-58.173242699796845,-58.173242699796845,0.0,,-61.852817039832374,-61.85281703983237,0.0,,-54.609501042120044,-54.60950104212004,0.0,,-60.72581188889249,-60.72581188889248,0.0,,-52.33793075173321,-52.33793075173321,-52.33793075173319,0.0
2023-08-23,,-58.173242699796845,-58.173242699796845,1.710807609075201e-07,,-61.852817039832374,-61.85281703983237,1.710807609075201e-07,,-54.609501042120044,-54.60950104212004,1.710807609075201e-07,,-60.72581188889248,-60.72581188889248,1.710807609075201e-07,,-52.63362683994743,-52.63362683994743,-52.63362683994751,1.710807609075201e-07
2023-08-24,,-58.173242699796845,-58.173242699796845,0.0,,-61.85281703983236,-61.85281703983237,0.0,,-54.60950104212003,-54.60950104212004,0.0,,-60.72581188889247,-60.72581188889248,0.0,,-52.71502189939803,-52.71502189939803,-52.71502189939804,0.0
2023-08-25,,-58.173242699796845,-58.173242699796845,0.0,,-61.85281703983237,-61.85281703983237,0.0,,-54.60950104212004,-54.60950104212004,0.0,,-60.72581188889248,-60.72581188889248,0.0,,-52.97936765282751,-52.97936765282751,-52.97936765282737,0.0
2023-08-26,,-58.173242699796845,-58.173242699796845,0.0,,-61.85281703983237,-61.85281703983237,0.0,,-54.60950104212004,-54.60950104212004,0.0,,-60.72581188889248,-60.72581188889248,0.0,,-52.98681407650374,-52.98681407650374,-52.98681407650365,0.0
2023-08-27,,-58.17324269979684,-58.173242699796845,0.0,,-61.85281703983236,-61.85281703983237,0.0,,-54.60950104212003,-54.60950104212004,0.0,,-60.72581188889247,-60.72581188889248,0.0,,-52.96377702781196,-52.963777027811965,-52.963777027812,0.0
2023-08-28,,-58.17324269979684,-58.173242699796845,0.0,,-61.85281703983236,-61.85281703983237,0.0,,-54.60950104212004,-54.60950104212004,0.0,,-60.72581188889247,-60.72581188889248,0.0,,-52.945296030674875,-52.94529603067488,-52.945296030674825,0.0
2023-08-29,,-58.17324269979685,-58.173242699796845,0.0,,-61.852817039832374,-61.85281703983237,0.0,,-54.609501042120044,-54.60950104212004,0.0,,-60.72581188889249,-60.72581188889248,0.0,,-53.07422166478648,-53.07422166478648,-53.0742216647865,0.0
2023-08-30,,-58.173242699796845,-58.173242699796845,0.0,,-61.852817039832374,-61.85281703983237,0.0,,-54.60950104212004,-54.60950104212004,0.0,,-60.72581188889249,-60.72581188889248,0.0,,-53.120438450363075,-53.120438450363075,-53.120438450363054,0.0
2023-08-31,,-58.17324269979685,-58.173242699796845,0.0,,-61.852817039832374,-61.85281703983237,0.0,,-54.60950104212004,-54.60950104212004,0.0,,-60.72581188889249,-60.72581188889248,0.0,,-53.10238652861799,-53.102386528617984,-53.10238652861791,0.0
2023-09-01,,-58.173242699796845,-58.173242699796845,0.0,,-61.85281703983237,-61.85281703983237,0.0,,-54.60950104212004,-54.60950104212004,0.0,,-60.72581188889248,-60.72581188889248,0.0,,-53.23188164848836,-53.231881648488354,-53.23188164848823,0.0
2023-09-02,,-58.173242699796845,-58.173242699796845,0.0,,-61.852817039832374,-61.85281703983237,0.0,,-54.609501042120044,-54.60950104212004,0.0,,-60.72581188889249,-60.72581188889248,0.0,,-53.193618488688536,-53.19361848868853,-53.19361848868848,0.0
2023-09-03,,-58.173242699796845,-58.173242699796845,0.0,,-61.852817039832374,-61.85281703983237,0.0,,-54.60950104212004,-54.60950104212004,0.0,,-60.72581188889248,-60.72581188889248,0.0,,-53.524198330446524,-53.524198330446524,-53.524198330446566,0.0
2023-09-04,,-58.17324269979684,-58.173242699796845,1.7005953855528035e-06,,-61.85281703983236,-61.85281703983237,1.7005953855528035e-06,,-54.60950104212003,-54.60950104212004,1.7005953855528035e-06,,-60.72581188889248,-60.72581188889248,1.7005953855528035e-06,,-53.89573017967042,-53.89573017967042,-53.895730179670295,1.7005953855528035e-06
2023-09-05,,-58.17324269979684,-58.173242699796845,1.6495731169723927e-06,,-61.85281703983237,-61.85281703983237,1.6495731169723927e-06,,-54.60950104212003,-54.60950104212004,1.6495731169723927e-06,,-60.72581188889247,-60.72581188889248,1.6495731169723927e-06,,-53.99816417943048,-53.99816417943049,-53.99816417943053,1.6495731169723927e-06
2023-09-06,,-58.173242699796845,-58.173242699796845,1.5190580997397108e-06,,-61.852817039832374,-61.85281703983237,1.5190580997397108e-06,,-54.609501042120044,-54.60950104212004,1.5190580997397108e-06,,-60.72581188889249,-60.72581188889248,1.5190580997397108e-06,,-54.292644094051994,-54.29264409405199,-54.29264409405195,1.5190580997397108e-06
2023-09-07,,-58.173242699796845,-58.173242699796845,0.0,,-61.85281703983237,-61.85281703983237,0.0,,-54.60950104212004,-54.60950104212004,0.0,,-60.72581188889248,-60.72581188889248,0.0,,-54.36946625443162,-54.36946625443162,-54.3694662544316,0.0
2023-09-08,,-58.17324269979685,-58.173242699796845,0.0,,-61.85281703983237,-61.85281703983237,0.0,,-54.609501042120044,-54.60950104212004,0.0,,-60.72581188889249,-60.72581188889248,0.0,,-54.46429587526392,-54.464295875263915,-54.464295875263886,0.0
2023-09-09,,-58.17324269979684,-58.173242699796845,0.0,,-61.85281703983236,-61.85281703983237,0.0,,-54.60950104212003,-54.60950104212004,0.0,,-60.72581188889247,-60.72581188889248,0.0,,-54.734100895665215,-54.734100895665215,-54.73410089566521,0.0
2023-09-10,,-58.17324269979684,-58.173242699796845,0.0,,-61.85281703983237,-61.85281703983237,0.0,,-54.60950104212003,-54.60950104212004,0.0,,-60.72581188889248,-60.72581188889248,0.0,,-54.749194113570155,-54.749194113570155,-54.74919411357023,0.0
2023-09-11,,-58.173242699796845,-58.173242699796845,0.0,,-61.85281703983237,-61.85281703983237,0.0,,-54.60950104212004,-54.60950104212004,0.0,,-60.72581188889248,-60.72581188889248,0.0,,-54.98960662225705,-54.98960662225705,-54.9896066222572,0.0
2023-09-12,,-58.173242699796845,-58.173242699796845,0.0,,-61.85281703983237,-61.85281703983237,0.0,,-54.60950104212004,-54.60950104212004,0.0,,-60.72581188889248,-60.72581188889248,0.0,,-54.95751178313846,-54.95751178313846,-54.957511783138514,0.0
2023-09-13,,-58.173242699796845,-58.173242699796845,0.0,,-61.85281703983236,-61.85281703983237,0.0,,-54.60950104212004,-54.60950104212004,0.0,,-60.72581188889248,-60.72581188889248,0.0,,-55.11116152047646,-55.11116152047646,-55.11116152047644,0.0
2023-09-14,,-58.173242699796845,-58.173242699796845,0.0,,-61.85281703983236,-61.85281703983237,0.0,,-54.60950104212004,-54.60950104212004,0.0,,-60.72581188889248,-60.72581188889248,0.0,,-55.305578704549774,-55.305578704549774,-55.30557870454962,0.0
2023-09-15,,-58.173242699796845,-58.173242699796845,0.0,,-61.85281703983237,-61.85281703983237,0.0,,-54.60950104212003,-54.60950104212004,0.0,,-60.72581188889248,-60.72581188889248,0.0,,-55.38809704276581,-55.388097042765814,-55.38809704276594,0.0
2023-09-16,,-58.17324269979684,-58.173242699796845,0.0,,-61.85281703983236,-61.85281703983237,0.0,,-54.60950104212004,-54.60950104212004,0.0,,-60.72581188889247,-60.72581188889248,0.0,,-55.49676056541918,-55.49676056541919,-55.49676056541922,0.0
2023-09-17,,-58.17324269979684,-58.173242699796845,0.0,,-61.85281703983237,-61.85281703983237,0.0,,-54.60950104212004,-54.60950104212004,0.0,,-60.72581188889248,-60.72581188889248,0.0,,-55.66364609660023,-55.66364609660024,-55.66364609660023,0.0
2023-09-18,,-58.173242699796845,-58.173242699796845,0.0,,-61.85281703983237,-61.85281703983237,0.0,,-54.60950104212004,-54.60950104212004,0.0,,-60.72581188889248,-60.72581188889248,0.0,,-55.72092791906857,-55.72092791906857,-55.72092791906857,0.0
2023-09-19,,-58.17324269979684,-58.173242699796845,0.0,,-61.85281703983237,-61.85281703983237,0.0,,-54.60950104212004,-54.60950104212004,0.0,,-60.72581188889248,-60.72581188889248,0.0,,-55.8735464110931,-55.8735464110931,-55.873546411093045,0.0
2023-09-20,,-58.173242699796845,-58.173242699796845,0.0,,-61.85281703983237,-61.85281703983237,0.0,,-54.60950104212004,-54.60950104212004,0.0,,-60.72581188889248,-60.72581188889248,0.0,,-56.15157164300478,-56.15157164300477,-56.15157164300484,0.0
2023-09-21,,-58.173242699796845,-58.173242699796845,1.2716965733719706e-07,,-61.85281703983236,-61.85281703983237,1.2716965733719706e-07,,-54.60950104212004,-54.60950104212004,1.2716965733719706e-07,,-60.72581188889248,-60.72581188889248,1.2716965733719706e-07,,-56.414257122223475,-56.414257122223475,-56.41425712222343,1.2716965733719706e-07
2023-09-22,,-58.173242699796845,-58.173242699796845,6.835131975287396e-07,,-61.85281703983237,-61.85281703983237,6.835131975287396e-07,,-54.609501042120044,-54.60950104212004,6.835131975287396e-07,,-60.72581188889249,-60.72581188889248,6.835131975287396e-07,,-56.51336809098717,-56.51336809098717,-56.51336809098713,6.835131975287396e-07
2023-09-23,,-58.17324269979684,-58.173242699796845,8.242115959148338e-07,,-61.85281703983236,-61.85281703983237,8.242115959148338e-07,,-54.60950104212003,-54.60950104212004,8.242115959148338e-07,,-60.72581188889248,-60.72581188889248,8.242115959148338e-07,,-56.70678345229185,-56.70678345229185,-56.706783452291845,8.242115959148338e-07
2023-09-24,,-58.173242699796845,-58.173242699796845,1.4393038567432176e-06,,-61.85281703983237,-61.85281703983237,1.4393038567432176e-06,,-54.60950104212004,-54.60950104212004,1.4393038567432176e-06,,-60.72581188889248,-60.72581188889248,1.4393038567432176e-06,,-56.87614355937231,-56.876143559372316,-56.87614355937232,1.4393038567432176e-06
2023-09-25,,-58.173242699796845,-58.173242699796845,1.3703847679843895e-06,,-61.85281703983236,-61.85281703983237,1.3703847679843895e-06,,-54.60950104212004,-54.60950104212004,1.3703847679843895e-06,,-60.72581188889248,-60.72581188889248,1.3703847679843895e-06,,-57.10914696756375,-57.10914696756375,-57.109146967563774,1.3703847679843895e-06
2023-09-26,,-58.17324269979684,-58.173242699796845,0.0,,-61.85281703983236,-61.85281703983237,0.0,,-54.60950104212004,-54.60950104212004,0.0,,-60.72581188889247,-60.72581188889248,0.0,,-57.46315444094696,-57.463154440946965,-57.463154440946965,0.0
2023-09-27,,-58.17324269987844,-58.17324269988033,0.0,,-61.85281703988726,-61.85281703988854,0.0,,-54.609501042183176,-54.60950104218465,0.0,,-60.725811888902896,-60.72581188890314,0.0,,-57.7744402549292,-57.77444025492873,-57.774440254949525,0.0
2023-09-28,,-58.17324269979467,-58.17324269979463,0.0,,-61.8528170398245,-61.85281703982437,0.0,,-54.60950104212682,-54.609501042126915,0.0,,-60.72581188889839,-60.72581188889848,0.0,,-57.891745562845735,-57.891745562845486,-57.891745562861345,0.0
2023-09-29,,-58.173242699796845,-58.173242699796845,0.0,,-61.85281703983237,-61.85281703983237,0.0,,-54.60950104212004,-54.60950104212004,0.0,,-60.72581188889248,-60.72581188889248,0.0,,-57.78201470480238,-57.78201470480238,-57.78201470480239,0.0
2023-09-30,,-58.173242699796845,-58.173242699796845,0.0,,-61.852817039832374,-61.85281703983237,0.0,,-54.609501042120044,-54.60950104212004,0.0,,-60.72581188889249,-60.72581188889248,0.0,,-58.01231462508771,-58.01231462508771,-58.01231462508777,0.0
2023-10-01,,-58.17324269980123,-58.173242699801285,0.0,,-61.85281703986232,-61.85281703986267,0.0,,-54.60950104229741,-54.60950104229945,0.0,,-60.72581188884528,-60.72581188884474,0.0,,-58.24476819365781,-58.244768193657535,-58.24476819368233,0.0
2023-10-02,,-58.173242699837665,-58.17324269983848,0.0,,-61.85281703985947,-61.85281703986001,0.0,,-54.60950104212515,-54.60950104212525,0.0,,-60.72581188891578,-60.72581188891624,0.0,,-58.34159648796425,-58.341596487964885,-58.34159648793244,0.0
2023-10-03,,-58.17324269982081,-58.17324269982127,0.0,,-61.852817039893026,-61.852817039894205,0.0,,-54.609501042139534,-54.60950104213991,0.0,,-60.72581188895565,-60.72581188895687,0.0,,-58.36836186042799,-58.368361860429154,-58.368361860368026,0.0
2023-10-04,,-58.17324269983444,-58.173242699834816,0.0,,-61.85281703987106,-61.85281703987145,0.0,,-54.60950104212872,-54.609501042128805,0.0,,-60.725811888911714,-60.725811888911906,0.0,,-58.53506157430425,-58.53506157430432,-58.53506157429706,0.0
2023-10-05,,-58.173242699796845,-58.173242699796845,0.0,,-61.85281703983236,-61.85281703983237,0.0,,-54.60950104212004,-54.60950104212004,0.0,,-60.72581188889247,-60.72581188889248,0.0,,-58.81127290429877,-58.811272904298775,-58.811272904298846,0.0
2023-10-06,,-58.173242699796845,-58.173242699796845,0.0,,-61.852817039832374,-61.85281703983237,0.0,,-54.60950104212004,-54.60950104212004,0.0,,-60.72581188889248,-60.72581188889248,0.0,,-58.63890270358196,-58.63890270358196,-58.63890270358201,0.0
2023-10-07,,-58.17324269980896,-58.173242699809165,0.0,,-61.85281703985987,-61.85281703986034,0.0,,-54.60950104217494,-54.60950104217588,0.0,,-60.72581188890273,-60.72581188890291,0.0,,-58.94482364936335,-58.9448236493636,-58.94482364934872,0.0
2023-10-08,,-58.173242699796845,-58.173242699796845,0.0,,-61.85281703983237,-61.85281703983237,0.0,,-54.60950104212003,-54.60950104212004,0.0,,-60.72581188889248,-60.72581188889248,0.0,,-59.06020176474302,-59.06020176474303,-59.060201764743134,0.0
2023-10-09,,-58.17324269978247,-58.17324269978219,0.0,,-61.852817039841185,-61.852817039841355,0.0,,-54.609501042094,-54.6095010420935,0.0,,-60.725811888914265,-60.725811888914684,0.0,,-59.25061480446124,-59.250614804462145,-59.25061480441454,0.0
2023-10-10,,-58.17324269976762,-58.173242699767314,0.0,,-61.852817039825986,-61.85281703982592,0.0,,-54.609501042130255,-54.60950104213036,0.0,,-60.725811888885445,-60.725811888885374,0.0,,-59.22120858855706,-59.221208588557175,-59.22120858854587,0.0
2023-10-11,,-58.17324269980004,-58.17324269980006,0.0,,-61.852817039813864,-61.852817039813715,0.0,,-54.609501042120144,-54.609501042120144,0.0,,-60.7258118888862,-60.72581188888615,0.0,,-59.296023345105745,-59.29602334510553,-59.29602334513305,0.0
2023-10-12,,-58.17324269979695,-58.17324269979696,0.0,,-61.852817039838556,-61.852817039838584,0.0,,-54.609501042128876,-54.60950104212892,0.0,,-60.72581188889602,-60.72581188889603,0.0,,-59.36641106864991,-59.366411068649924,-59.366411068647125,0.0
2023-10-13,,-58.17324269979363,-58.173242699793626,0.0,,-61.85281703983711,-61.852817039837134,0.0,,-54.60950104212468,-54.6095010421247,0.0,,-60.725811888895684,-60.7258118888957,0.0,,-59.49408963047981,-59.49408963047986,-59.494089630468935,0.0
2023-10-14,,-58.17324269980114,-58.17324269980118,0.0,,-61.8528170398339,-61.852817039833916,0.0,,-54.60950104212114,-54.609501042121146,0.0,,-60.72581188889094,-60.725811888890924,0.0,,-59.573803385900334,-59.57380338590035,-59.57380338589857,0.0
2023-10-15,,-58.17324269979289,-58.17324269979285,0.0,,-61.85281703982983,-61.85281703982981,0.0,,-54.60950104211452,-54.60950104211448,0.0,,-60.725811888888295,-60.72581188888826,0.0,,-59.66015434406893,-59.66015434406891,-59.660154344071614,0.0
2023-10-16,,-58.17324269979652,-58.17324269979651,0.0,,-61.85281703983456,-61.852817039834584,0.0,,-54.60950104211653,-54.609501042116484,0.0,,-60.725811888891386,-60.72581188889137,0.0,,-59.7059770491415,-59.70597704914149,-59.705977049142874,0.0
2023-10-17,,-58.173242699793306,-58.17324269979329,0.0,,-61.852817039832686,-61.8528170398327,0.0,,-54.60950104212047,-54.60950104212048,0.0,,-60.725811888898534,-60.72581188889858,0.0,,-59.855166513423235,-59.85516651342326,-59.85516651341986,0.0
2023-10-18,,-58.17324269979487,-58.17324269979485,0.0,,-61.85281703983567,-61.85281703983569,0.0,,-54.609501042121146,-54.609501042121146,0.0,,-60.72581188889259,-60.725811888892586,0.0,,-59.766308639972365,-59.766308639972344,-59.76630863997395,0.0
2023-10-19,,-58.173242699795416,-58.1732426997954,0.0,,-61.852817039833134,-61.85281703983314,0.0,,-54.60950104212047,-54.60950104212048,0.0,,-60.725811888891265,-60.72581188889126,0.0,,-59.95282505864644,-59.95282505864641,-59.95282505864866,0.0
2023-10-20,,-58.17324269979717,-58.17324269979718,0.0,,-61.852817039831926,-61.85281703983192,0.0,,-54.60950104211851,-54.60950104211848,0.0,,-60.72581188889302,-60.725811888893034,0.0,,-60.41181335939819,-60.41181335939816,-60.41181335939973,0.0
2023-10-21,,-58.17324269979771,-58.17324269979773,1.3860747667495442e-06,,-61.852817039832686,-61.8528170398327,1.3860747667495442e-06,,-54.609501042120144,-54.609501042120144,1.3860747667495442e-06,,-60.72581188889258,-60.725811888892586,1.3860747667495442e-06,,-60.38659109432364,-60.38659109432365,-60.386591094323286,1.3860747667495442e-06
2023-10-22,-100.0,-58.173242699797626,-58.173242699797626,3.393526680339286e-05,-100.0,-61.85281703983358,-61.85281703983358,3.393526680339286e-05,-95.14570423872426,-54.60950104211837,-54.60950104211837,3.393526680339286e-05,-100.0,-60.72581188889381,-60.72581188889381,3.393526680339286e-05,-100.0,-61.86393953353087,-61.86393953353087,-61.86393953352862,3.393526680339286e-05
2023-10-23,-23.002947738645084,-58.173242699796845,-58.173242699796845,4.109181055626889e-05,-28.39980317746049,-61.85281703983237,-61.85281703983237,4.109181055626889e-05,-0.3199504004213205,-54.60950104212004,-54.60950104212004,4.109181055626889e-05,-26.78059691011825,-60.72581188889248,-60.72581188889248,4.109181055626889e-05,-27.299303620056282,-60.86312481229628,-60.86312481229628,-60.86312481229623,4.109181055626889e-05
2023-10-24,-49.18039201877556,-58.173242699796845,-58.173242699796845,4.31113440884451e-05,-52.66309887279108,-61.85281703983237,-61.85281703983237,4.31113440884451e-05,-29.340477483955517,-54.60950104212004,-54.60950104212004,4.31113440884451e-05,-51.62355259111617,-60.72581188889248,-60.72581188889248,4.31113440884451e-05,-51.671437999599725,-60.856058865630835,-60.856058865630835,-60.85605886563084,4.31113440884451e-05
2023-10-25,-40.894914569678754,-57.8959080772035,-58.173242699796845,3.266345053123017e-05,-44.695204025266165,-61.577420016800794,-61.85281703983237,3.266345053123017e-05,-15.854728400444218,-53.98744778770043,-54.60950104212004,3.266345053123017e-05,-43.566970209864664,-60.45039514455499,-60.72581188889248,3.266345053123017e-05,-43.659173772645275,-60.55089826254179,-60.82645039626166,-60.826450396261734,3.266345053123017e-05
2023-10-26,-42.54429075762223,-57.93703024314369,-58.17324269979673,3.0475694083808175e-05,-46.37249305533775,-61.61885091262827,-61.85281703983192,3.0475694083808175e-05,-20.165958468090327,-54.08892910374902,-54.60950104212004,3.0475694083808175e-05,-45.23112074561797,-60.49162861968961,-60.72581188889248,3.0475694083808175e-05,-45.34282358891206,-60.60709882038574,-60.84133990234819,-60.841339902348494,3.0475694083808175e-05
2023-10-27,-45.73881241120992,-57.96210761035454,-58.17324269979696,3.531799979485198e-05,-49.54481691632573,-61.64382871896641,-61.85281703983214,3.531799979485198e-05,-27.319525563281765,-54.146120631447495,-54.609501042120144,3.531799979485198e-05,-48.40389142219448,-60.516587202319975,-60.725811888892586,3.531799979485198e-05,-48.67049719832395,-60.87772710060129,-61.08858469139577,-61.088584691395994,3.531799979485198e-05
2023-10-28,-49.142912408103754,-57.97608384270372,-58.173242699796845,5.3387939618917e-05,-52.91629857216795,-61.65770637271767,-61.85281703983214,5.3387939618917e-05,-34.89630772277752,-54.17910364369127,-54.60950104212004,5.3387939618917e-05,-51.778525563913156,-60.530466127559414,-60.72581188889225,5.3387939618917e-05,-52.61782385917879,-61.62529312795354,-61.82634236145723,-61.876979101459625,5.3387939618917e-05
2023-10-29,-49.92512274388305,-58.00375236393525,-58.173242699796845,7.561718760457115e-05,-53.690934460622564,-61.685098792885405,-61.85281703983225,7.561718760457115e-05,-36.61004835384529,-54.23963090228615,-54.60950104212004,7.561718760457115e-05,-52.553803989607296,-60.55788557708849,-60.72581188889248,7.561718760457115e-05,-53.557017802840164,-61.639454269044954,-61.8090244728623,-61.7965474921603,7.561718760457115e-05
2023-10-30,-48.75256758334112,-58.17324269979696,-58.17324269979696,9.07257727480912e-05,-52.53068216731771,-61.85281703983259,-61.85281703983259,9.07257727480912e-05,-34.04658141727857,-54.609501042120144,-54.609501042120144,9.07257727480912e-05,-51.39234779437285,-60.725811888892586,-60.725811888892586,9.07257727480912e-05,-52.355584003807245,-61.671580766593294,-61.671580766593294,-61.55696495281977,9.07257727480912e-05
2023-10-31,-46.249220139482404,-58.17324269979696,-58.17324269979696,8.852922869479787e-05,-50.053590910062226,-61.85281703983259,-61.85281703983259,8.852922869479787e-05,-28.55947686522886,-54.60950104212004,-54.60950104212004,8.852922869479787e-05,-48.912339223940336,-60.725811888892586,-60.725811888892586,8.852922869479787e-05,-49.72772219758437,-61.33873713267779,-61.33873713267779,-61.059102504607125,8.852922869479787e-05
2023-11-01,-43.46806666383285,-57.84515597637499,-58.17324269979729,7.541675238116792e-05,-47.30094708688504,-61.52815072364248,-61.85281703983303,7.541675238116792e-05,-22.608612958924247,-53.89553022720863,-54.60950104212048,7.541675238116792e-05,-46.15610027385797,-60.40074750793637,-60.7258118888927,7.541675238116792e-05,-46.90730245174179,-60.942235456767506,-61.26251413647588,-61.23728300295733,7.541675238116792e-05
2023-11-02,-42.08496655664939,-57.97478340613719,-58.17324269979696,6.756459538247366e-05,-45.932206546077325,-61.65642601042023,-61.85281703983259,6.756459538247366e-05,-19.622018683183917,-54.17790781397647,-54.609501042120144,6.756459538247366e-05,-44.78543247766709,-60.529176997094815,-60.725811888892586,6.756459538247366e-05,-45.51191266656507,-61.10539129731183,-61.30014941089301,-61.30807908547327,6.756459538247366e-05
2023-11-03,-41.654553586994105,-57.87570340044589,-58.173242699796845,6.319133211007527e-05,-45.50598685660567,-61.55837331211802,-61.85281703983225,6.319133211007527e-05,-18.747919141731018,-53.963552088217135,-54.60950104211981,6.319133211007527e-05,-44.3584799153206,-60.430998877133284,-60.725811888892586,6.319133211007527e-05,-45.089503134454475,-61.12493499390617,-61.419067728954005,-61.47288229482713,6.319133211007527e-05
2023-11-04,-41.674840026142526,-57.83660964361716,-58.17324269979673,6.031402804048807e-05,-45.52537797187517,-61.51967232141613,-61.85281703983237,6.031402804048807e-05,-18.924885880676314,-53.88139291565449,-54.60950104212004,6.031402804048807e-05,-44.37773319962257,-60.39224604008308,-60.72581188889225,6.031402804048807e-05,-45.10973732962209,-61.11029308725751,-61.44356822437125,-61.44918741055339,6.031402804048807e-05
2023-11-05,-45.749385702648304,-57.90079314566983,-58.173242699796845,7.683836138602581e-05,-49.558169546577545,-61.5832009915752,-61.85281703983259,7.683836138602581e-05,-27.61006286345724,-54.01741559754796,-54.60950104212004,7.683836138602581e-05,-48.4158222089065,-60.45585939343233,-60.72581188889248,7.683836138602581e-05,-49.172385545544486,-61.22940956468601,-61.49974292594618,-61.55615619693609,7.683836138602581e-05
2023-11-06,-45.3269974862468,-58.173242699796845,-58.173242699796845,7.884755259104395e-05,-49.14070657604774,-61.85281703983259,-61.85281703983259,7.884755259104395e-05,-26.57029546233691,-54.60950104212004,-54.60950104212004,7.884755259104395e-05,-47.998107683418944,-60.72581188889248,-60.72581188889248,7.884755259104395e-05,-48.72412840472873,-61.427836703957794,-61.427836703957794,-61.27578835025338,7.884755259104395e-05
2023-11-07,-45.23367458066196,-58.173242699796845,-58.173242699796845,8.208598838999273e-05,-49.04868400281004,-61.85281703983237,-61.85281703983237,8.208598838999273e-05,-26.28822628254701,-54.609501042120144,-54.609501042120144,8.208598838999273e-05,-47.90612805228855,-60.72581188889248,-60.72581188889248,8.208598838999273e-05,-48.72188586755399,-61.58276859021361,-61.58276859021361,-61.79722549515831,8.208598838999273e-05
2023-11-08,-46.03314850233331,-58.17324269979696,-58.17324269979696,9.152946911508758e-05,-49.83995619740866,-61.85281703983237,-61.85281703983237,9.152946911508758e-05,-27.99696217936054,-54.609501042120144,-54.609501042120144,9.152946911508758e-05,-48.69843888982006,-60.72581188889248,-60.72581188889248,9.152946911508758e-05,-49.74839103904094,-61.8820054884045,-61.8820054884045,-62.24218337589579,9.152946911508758e-05
2023-11-09,-46.77403311150008,-58.17324269979696,-58.17324269979696,0.00010493065039288317,-50.573124694868184,-61.85281703983259,-61.85281703983259,0.00010493065039288317,-29.613099227219553,-54.60950104212037,-54.60950104212037,0.00010493065039288317,-49.43252999814307,-60.7258118888927,-60.7258118888927,0.00010493065039288317,-50.56538012978529,-61.95106079943125,-61.95106079943125,-61.96044972318565,0.00010493065039288317
2023-11-10,-44.75733881993782,-58.173242699796845,-58.173242699796845,9.880314125231802e-05,-48.577571202911955,-61.85281703983259,-61.85281703983259,9.880314125231802e-05,-25.199014218724834,-54.60950104212004,-54.60950104212004,9.880314125231802e-05,-47.43459496798275,-60.72581188889248,-60.72581188889248,9.880314125231802e-05,-48.58914873569509,-61.88912343646991,-61.88912343646991,-61.82002387673785,9.880314125231802e-05
2023-11-11,-44.98181930918832,-58.17324269979673,-58.17324269979673,0.00010291386618819576,-48.79977259712553,-61.85281703983225,-61.85281703983225,0.00010291386618819576,-25.664877193694924,-54.60950104212004,-54.60950104212004,0.00010291386618819576,-47.657073276510474,-60.72581188889248,-60.72581188889248,0.00010291386618819576,-49.01472332721668,-62.218019437144,-62.218019437144,-62.561220870755584,0.00010291386618819576
2023-11-12,-45.22082373533753,-58.173242699796845,-58.173242699796845,0.00010772398009063605,-49.036300591635104,-61.85281703983237,-61.85281703983237,0.00010772398009063605,-26.178597612897647,-54.609501042120144,-54.609501042120144,0.00010772398009063605,-47.8938905749553,-60.72581188889248,-60.72581188889248,0.00010772398009063605,-49.4506707074478,-62.43518815204896,-62.43518815204896,-62.73541749765027,0.00010772398009063605
2023-11-13,-45.7666456173762,-58.173242699796845,-58.173242699796845,0.00011597308449739284,-49.57640535564689,-61.85281703983237,-61.85281703983237,0.00011597308449739284,-27.373494202326487,-54.60950104212004,-54.60950104212004,0.00011597308449739284,-48.43464720430069,-60.725811888892586,-60.725811888892586,0.00011597308449739284,-50.0569935372076,-62.44094017628754,-62.44094017628754,-62.44267408822543,0.00011597308449739284
2023-11-14,-45.5975809122875,-58.173242699796845,-58.173242699796845,0.00011962184494322644,-49.40910529766074,-61.85281703983237,-61.85281703983237,0.00011962184494322644,-27.006469448254357,-54.60950104212004,-54.60950104212004,0.00011962184494322644,-48.26714790451037,-60.725811888892586,-60.725811888892586,0.00011962184494322644,-49.888581676076015,-62.25999365470336,-62.25999365470336,-62.24439457192172,0.00011962184494322644
2023-11-15,-46.00502135610962,-58.17324269979718,-58.17324269979718,0.00012873550718556933,-49.81226949454731,-61.85281703983292,-61.85281703983292,0.00012873550718556933,-27.901549310590966,-54.60950104212004,-54.60950104212004,0.00012873550718556933,-48.67079769835125,-60.7258118888927,-60.7258118888927,0.00012873550718556933,-50.25574329041049,-62.20736243272695,-62.20736243272695,-62.20736243272658,0.00012873550718556933
2023-11-16,-46.2309035790397,-58.173242699796845,-58.173242699796845,0.00013835188621672565,-50.03576888187078,-61.85281703983214,-61.85281703983214,0.00013835188621672565,-28.402558524176392,-54.609501042119255,-54.609501042119255,0.00013835188621672565,-48.89456640246448,-60.72581188889203,-60.72581188889203,0.00013835188621672565,-50.439000095445664,-62.159413208026095,-62.159413208026095,-62.15941320802635,0.00013835188621672565
2023-11-17,-45.34971993337989,-58.17324269979729,-58.17324269979729,0.00013690521216080042,-49.16381373809997,-61.85281703983237,-61.85281703983237,0.00013690521216080042,-26.475398098810054,-54.60950104212125,-54.60950104212125,0.00013690521216080042,-48.0215642183518,-60.725811888893034,-60.725811888893034,0.00013690521216080042,-49.61871338960855,-62.627834928780324,-62.627834928780324,-62.62783492878004,0.00013690521216080042
2023-11-18,-45.08450183613788,-58.173242699796845,-58.173242699796845,0.00013819559035755917,-48.901392885211,-61.85281703983237,-61.85281703983237,0.00013819559035755917,-25.887735944551515,-54.60950104212004,-54.60950104212004,0.00013819559035755917,-47.75882838676382,-60.72581188889248,-60.72581188889248,0.00013819559035755917,-49.51821276979695,-62.961734098504586,-62.961734098504586,-62.96173409850456,0.00013819559035755917
2023-11-19,-44.99861349148604,-58.173242699796845,-58.173242699796845,0.0001402252036297744,-48.81642123272179,-61.85281703983237,-61.85281703983237,0.0001402252036297744,-25.693196677674447,-54.60950104212004,-54.60950104212004,0.0001402252036297744,-47.67375483169856,-60.72581188889248,-60.72581188889248,0.0001402252036297744,-49.492134092557926,-62.68650506636364,-62.68650506636364,-62.686505066363615,0.0001402252036297744
2023-11-20,-45.78116707119795,-58.173242699796845,-58.173242699796845,0.0001519100365007929,-49.59077624946051,-61.85281703983237,-61.85281703983237,0.0001519100365007929,-27.405976240860387,-54.60950104212004,-54.60950104212004,0.0001519100365007929,-48.44904023826979,-60.72581188889248,-60.72581188889248,0.0001519100365007929,-50.42378836880057,-63.044160686589244,-63.044160686589244,-63.04416068658929,0.0001519100365007929
2023-11-21,-46.73748358797813,-58.173242699796845,-58.173242699796845,0.0001704058048565018,-50.53705041018064,-61.85281703983237,-61.85281703983237,0.0001704058048565018,-29.50819141673511,-54.60950104212004,-54.60950104212004,0.0001704058048565018,-49.39645128073622,-60.72581188889248,-60.72581188889248,0.0001704058048565018,-51.37777381797692,-62.70142424636682,-62.70142424636682,-62.70142424636677,0.0001704058048565018
2023-11-22,-46.12352436979683,-58.173242699796845,-58.173242699796845,0.00017178260052629765,-49.92950324134482,-61.85281703983237,-61.85281703983237,0.00017178260052629765,-28.172351644209392,-54.60950104212004,-54.60950104212004,0.00017178260052629765,-48.78817432247262,-60.72581188889248,-60.72581188889248,0.00017178260052629765,-50.688197637251406,-62.37209601923321,-62.37209601923321,-62.37209601923324,0.00017178260052629765
2023-11-23,-45.824525633224475,-58.173242699796845,-58.173242699796845,0.00017517367095597512,-49.63363534981413,-61.85281703983237,-61.85281703983237,0.00017517367095597512,-27.51864585362762,-54.60950104212004,-54.60950104212004,0.00017517367095597512,-48.491951048949986,-60.72581188889248,-60.72581188889248,0.00017517367095597512,-50.41007319461765,-62.667283532523044,-62.667283532523044,-62.66728353252306,0.00017517367095597512
2023-11-24,-45.758310196787775,-58.173242699796845,-58.173242699796845,0.00018059877401067556,-49.568117388730684,-61.85281703983237,-61.85281703983237,0.00018059877401067556,-27.37229666603458,-54.60950104212004,-54.60950104212004,0.00018059877401067556,-48.42635441490473,-60.72581188889248,-60.72581188889248,0.00018059877401067556,-50.40559700930702,-62.8477056554837,-62.8477056554837,-62.84770565548375,0.00018059877401067556
2023-11-25,-45.32040493377043,-58.173242699796845,-58.173242699796845,0.00018008965282078008,-49.13480922067015,-61.85281703983237,-61.85281703983237,0.00018008965282078008,-26.41024644243972,-54.60950104212004,-54.60950104212004,0.00018008965282078008,-47.992525730775505,-60.72581188889248,-60.72581188889248,0.00018008965282078008,-49.90924063503377,-62.395665894228735,-62.395665894228735,-62.39566589422877,0.00018008965282078008
2023-11-26,-45.078003042822836,-58.173242699796845,-58.173242699796845,0.00018095587397111816,-48.89496227104861,-61.85281703983237,-61.85281703983237,0.00018095587397111816,-25.873700100009444,-54.60950104212004,-54.60950104212004,0.00018095587397111816,-47.7523906677344,-60.72581188889248,-60.72581188889248,0.00018095587397111816,-49.60034356790821,-62.31606876220474,-62.31606876220474,-62.316068762204665,0.00018095587397111816
2023-11-27,-45.44180581066137,-58.173242699796845,-58.173242699796845,0.00019008217610493193,-49.25496357371384,-61.85281703983237,-61.85281703983237,0.00019008217610493193,-26.666031587946335,-54.60950104212004,-54.60950104212004,0.00019008217610493193,-48.1128244598118,-60.72581188889248,-60.72581188889248,0.00019008217610493193,-49.952608286424116,-62.522541570233955,-62.522541570233955,-62.52254157023403,0.00019008217610493193
2023-11-28,-44.52127354043833,-58.173242699796845,-58.173242699796845,0.0001826344999052299,-48.34409323761102,-61.85281703983237,-61.85281703983237,0.0001826344999052299,-24.644271466177536,-54.60950104212004,-54.60950104212004,0.0001826344999052299,-47.2008598959901,-60.72581188889248,-60.72581188889248,0.0001826344999052299,-49.032982020833835,-62.50070510046613,-62.50070510046613,-62.500705100466085,0.0001826344999052299
2023-11-29,-44.5666135772711,-58.173242699796845,-58.173242699796845,0.00018504641479520355,-48.38898050148865,-61.85281703983237,-61.85281703983237,0.00018504641479520355,-24.7347645516246,-54.60950104212004,-54.60950104212004,0.00018504641479520355,-47.24580109124421,-60.72581188889248,-60.72581188889248,0.00018504641479520355,-49.156428628993055,-62.84712626813449,-62.84712626813449,-62.84712626813433,0.00018504641479520355
2023-11-30,-44.42714726190944,-58.173242699796845,-58.173242699796845,0.00018506053089510145,-48.250993837453905,-61.85281703983237,-61.85281703983237,0.00018506053089510145,-24.422209030285135,-54.60950104212004,-54.60950104212004,0.00018506053089510145,-47.10764866803918,-60.72581188889248,-60.72581188889248,0.00018506053089510145,-48.98091143894312,-62.4471614033395,-62.4471614033395,-62.44716140333948,0.00018506053089510145
2023-12-01,-43.9695935074389,-58.173242699796845,-58.173242699796845,0.00018066833460483945,-47.798259782542154,-61.85281703983237,-61.85281703983237,0.00018066833460483945,-23.4104797251522,-54.60950104212004,-54.60950104212004,0.00018066833460483945,-46.65437074377754,-60.72581188889248,-60.72581188889248,0.00018066833460483945,-48.44955904553139,-62.24200938314928,-62.24200938314928,-62.242009383149274,0.00018066833460483945
2023-12-02,-44.695703975732414,-58.173242699796845,-58.173242699796845,0.0001904628051441944,-48.51677111839747,-61.85281703983237,-61.85281703983237,0.0001904628051441944,-24.996453895726354,-54.60950104212004,-54.60950104212004,0.0001904628051441944,-47.373745238304956,-60.72581188889248,-60.72581188889248,0.0001904628051441944,-49.43049006366296,-63.3852521637801,-63.3852521637801,-63.385252163779995,0.0001904628051441944
2023-12-03,-44.442942725624434,-58.173242699796845,-58.173242699796845,0.0001893012708797053,-48.26666338392182,-61.85281703983237,-61.85281703983237,0.0001893012708797053,-24.441022654900667,-54.60950104212004,-54.60950104212004,0.0001893012708797053,-47.123337049271626,-60.72581188889248,-60.72581188889248,0.0001893012708797053,-49.165147792555985,-62.68522148488087,-62.68522148488087,-62.685221484880884,0.0001893012708797053
2023-12-04,-43.90568884554513,-58.173242699796845,-58.173242699796845,0.00018364763033329635,-47.73505550146084,-61.85281703983237,-61.85281703983237,0.00018364763033329635,-23.25825633027534,-54.60950104212004,-54.60950104212004,0.00018364763033329635,-46.59109054278543,-60.72581188889248,-60.72581188889248,0.00018364763033329635,-48.574064270917376,-62.44721908019202,-62.44721908019202,-62.447219080191914,0.00018364763033329635
2023-12-05,-44.184901856976985,-58.173242699796845,-58.173242699796845,0.00018717278123548666,-48.011353350952305,-61.85281703983237,-61.85281703983237,0.00018717278123548666,-23.865358579950758,-54.60950104212004,-54.60950104212004,0.00018717278123548666,-46.86772031306585,-60.72581188889248,-60.72581188889248,0.00018717278123548666,-48.880167985878685,-62.79922472455412,-62.79922472455412,-62.799224724554165,0.00018717278123548666
2023-12-06,-44.1829849105454,-58.173242699796845,-58.173242699796845,0.00018787181621865906,-48.00946286193064,-61.85281703983237,-61.85281703983237,0.00018787181621865906,-23.858587600500634,-54.60950104212004,-54.60950104212004,0.00018787181621865906,-46.8658275540903,-60.72581188889248,-60.72581188889248,0.00018787181621865906,-48.98333239117025,-63.14932283737651,-63.14932283737651,-63.14932283737649,0.00018787181621865906
2023-12-07,-43.496040979376204,-58.173242699796845,-58.173242699796845,0.00017970426928937543,-47.32973679384289,-61.85281703983237,-61.85281703983237,0.00017970426928937543,-22.34677546399133,-54.60950104212004,-54.60950104212004,0.00017970426928937543,-46.185284925232104,-60.72581188889248,-60.72581188889248,0.00017970426928937543,-48.24697314631432,-62.4917730936263,-62.4917730936263,-62.49177309362632,0.00017970426928937543
2023-12-08,-44.188563918929226,-58.173242699796845,-58.173242699796845,0.00018741931349729632,-48.01500393208236,-61.85281703983237,-61.85281703983237,0.00018741931349729632,-23.862637049567038,-54.60950104212004,-54.60950104212004,0.00018741931349729632,-46.871375282114045,-60.72581188889248,-60.72581188889248,0.00018741931349729632,-48.96062128651701,-62.87809751763695,-62.87809751763695,-62.87809751763709,0.00018741931349729632
2023-12-09,-44.2778686596722,-58.173242699796845,-58.173242699796845,0.0001892770577298276,-48.10337071644266,-61.85281703983237,-61.85281703983237,0.0001892770577298276,-24.058953028582074,-54.60950104212004,-54.60950104212004,0.0001892770577298276,-46.95984822281718,-60.72581188889248,-60.72581188889248,0.0001892770577298276,-49.08059499020212,-62.93190739469101,-62.93190739469101,-62.93190739469099,0.0001892770577298276
2023-12-10,-44.18990992283489,-58.173242699796845,-58.173242699796845,0.00018896059750157164,-48.01633391869598,-61.85281703983237,-61.85281703983237,0.00018896059750157164,-23.866219905865794,-54.60950104212004,-54.60950104212004,0.00018896059750157164,-46.87270686728829,-60.72581188889248,-60.72581188889248,0.00018896059750157164,-48.99366440849307,-62.81601050560859,-62.81601050560859,-62.81601050560861,0.00018896059750157164
2023-12-11,-44.34581746947852,-58.173242699796845,-58.173242699796845,0.00019176133921541735,-48.17060443545873,-61.85281703983237,-61.85281703983237,0.00019176133921541735,-24.208846540325734,-54.60950104212004,-54.60950104212004,0.00019176133921541735,-47.02716271100593,-60.72581188889248,-60.72581188889248,0.00019176133921541735,-49.10705640517221,-62.63126718809309,-62.63126718809309,-62.63126718809296,0.00019176133921541735
2023-12-12,-45.09211565934379,-58.173242699796845,-58.173242699796845,0.00020406785707043055,-48.90906202404244,-61.85281703983237,-61.85281703983237,0.00020406785707043055,-25.850838637963225,-54.60950104212004,-54.60950104212004,0.00020406785707043055,-47.76650741604649,-60.72581188889248,-60.72581188889248,0.00020406785707043055,-49.95640053616479,-63.166264943016024,-63.166264943016024,-63.16626494301609,0.00020406785707043055
2023-12-13,-44.819337662327484,-58.173242699796845,-58.173242699796845,0.00020421618073656242,-48.63912795700065,-61.85281703983237,-61.85281703983237,0.00020421618073656242,-25.25922754404053,-54.60950104212004,-54.60950104212004,0.00020421618073656242,-47.49624907483829,-60.72581188889248,-60.72581188889248,0.00020421618073656242,-49.79014667060466,-63.29618815975535,-63.29618815975535,-63.29618815975529,0.00020421618073656242
2023-12-14,-44.67392175372154,-58.173242699796845,-58.173242699796845,0.0002049172613566637,-48.49523123418731,-61.85281703983237,-61.85281703983237,0.0002049172613566637,-24.94265205905588,-54.60950104212004,-54.60950104212004,0.0002049172613566637,-47.35217948765636,-60.72581188889248,-60.72581188889248,0.0002049172613566637,-49.77450761181401,-63.55210937777444,-63.55210937777444,-63.552109377774485,0.0002049172613566637
2023-12-15,-44.30200642546423,-58.173242699796845,-58.173242699796845,0.00020148593350157335,-48.127218325453526,-61.85281703983237,-61.85281703983237,0.00020148593350157335,-24.12630513642988,-54.60950104212004,-54.60950104212004,0.00020148593350157335,-46.98372448159305,-60.72581188889248,-60.72581188889248,0.00020148593350157335,-49.39802199259169,-63.06501673985032,-63.06501673985032,-63.06501673985032,0.00020148593350157335
2023-12-16,-44.137111957834875,-58.173242699796845,-58.173242699796845,0.00020007505917683997,-47.96406014099808,-61.85281703983237,-61.85281703983237,0.00020007505917683997,-23.761988209762606,-54.60950104212004,-54.60950104212004,0.00020007505917683997,-46.82037029372721,-60.72581188889248,-60.72581188889248,0.00020007505917683997,-49.178269445294355,-62.80197675211063,-62.80197675211063,-62.80197675211066,0.00020007505917683997
2023-12-17,-44.88330748247693,-58.173242699796845,-58.173242699796845,0.00021187276514313377,-48.70242800062019,-61.85281703983237,-61.85281703983237,0.00021187276514313377,-25.39914459870285,-54.60950104212004,-54.60950104212004,0.00021187276514313377,-47.55962516177314,-60.72581188889248,-60.72581188889248,0.00021187276514313377,-49.97818299023471,-63.29993556438851,-63.29993556438851,-63.2999355643885,0.00021187276514313377
2023-12-18,-44.76335908951113,-58.173242699796845,-58.173242699796845,0.0002131581238095366,-48.58372981540771,-61.85281703983237,-61.85281703983237,0.0002131581238095366,-25.139141672141598,-54.60950104212004,-54.60950104212004,0.0002131581238095366,-47.44078438335209,-60.72581188889248,-60.72581188889248,0.0002131581238095366,-49.861015013167865,-63.117056009763914,-63.117056009763914,-63.11705600976384,0.0002131581238095366
2023-12-19,-44.8580244791863,-58.173242699796845,-58.173242699796845,0.00021730474137395434,-48.67739697500595,-61.85281703983237,-61.85281703983237,0.00021730474137395434,-25.348881278831726,-54.60950104212004,-54.60950104212004,0.00021730474137395434,-47.53456406624201,-60.72581188889248,-60.72581188889248,0.00021730474137395434,-49.97067596418503,-63.18532513712461,-63.18532513712461,-63.185325137124515,0.00021730474137395434
2023-12-20,-44.95322804790791,-58.173242699796845,-58.173242699796845,0.0002219770742119352,-48.771595626078245,-61.85281703983237,-61.85281703983237,0.0002219770742119352,-25.56021434284983,-54.60950104212004,-54.60950104212004,0.0002219770742119352,-47.62887587908404,-60.72581188889248,-60.72581188889248,0.0002219770742119352,-50.05313022653579,-63.077306159732615,-63.077306159732615,-63.07730615973266,0.0002219770742119352
2023-12-21,-44.9951714039164,-58.173242699796845,-58.173242699796845,0.00022648213421486534,-48.81309205915074,-61.85281703983237,-61.85281703983237,0.00022648213421486534,-25.654979423483383,-54.60950104212004,-54.60950104212004,0.00022648213421486534,-47.67042216224438,-60.72581188889248,-60.72581188889248,0.00022648213421486534,-50.19414499807806,-63.52498763577075,-63.52498763577075,-63.52498763577066,0.00022648213421486534
2023-12-22,-45.05882269828576,-58.173242699796845,-58.173242699796845,0.00023125501461087767,-48.87606978264169,-61.85281703983237,-61.85281703983237,0.00023125501461087767,-25.796953751725525,-54.60950104212004,-54.60950104212004,0.00023125501461087767,-47.73347554149332,-60.72581188889248,-60.72581188889248,0.00023125501461087767,-50.298706515152446,-63.40157232950505,-63.40157232950505,-63.40157232950503,0.00023125501461087767
2023-12-23,-45.5380493655666,-58.173242699796845,-58.173242699796845,0.0002437406166866414,-49.35026088973859,-61.85281703983237,-61.85281703983237,0.0002437406166866414,-26.851698579425044,-54.60950104212004,-54.60950104212004,0.0002437406166866414,-48.20823629890103,-60.72581188889248,-60.72581188889248,0.0002437406166866414,-50.81325723462893,-63.4363508676159,-63.4363508676159,-63.43635086761586,0.0002437406166866414
2023-12-24,-45.92649655816749,-58.173242699796845,-58.173242699796845,0.0002575150822090327,-49.734617956503804,-61.85281703983237,-61.85281703983237,0.0002575150822090327,-27.7099638557996,-54.60950104212004,-54.60950104212004,0.0002575150822090327,-48.59305509748546,-60.72581188889248,-60.72581188889248,0.0002575150822090327,-51.19744800049919,-63.29836376119713,-63.29836376119713,-63.298363761197116,0.0002575150822090327
2023-12-25,-45.65873234408424,-58.173242699796845,-58.173242699796845,0.00026068317061172743,-49.469644897708996,-61.85281703983237,-61.85281703983237,0.00026068317061172743,-27.129485928486517,-54.60950104212004,-54.60950104212004,0.00026068317061172743,-48.327763724038796,-60.72581188889248,-60.72581188889248,0.00026068317061172743,-51.00820897317215,-63.629863778746355,-63.629863778746355,-63.6298637787465,0.00026068317061172743
2023-12-26,-45.25753130117616,-58.173242699796845,-58.173242699796845,0.0002586126642255884,-49.072646676588064,-61.85281703983237,-61.85281703983237,0.0002586126642255884,-26.25159156633061,-54.60950104212004,-54.60950104212004,0.0002586126642255884,-47.93028858517678,-60.72581188889248,-60.72581188889248,0.0002586126642255884,-50.587099223188936,-63.22656423933637,-63.22656423933637,-63.22656423933624,0.0002586126642255884
2023-12-27,-45.132692214114975,-58.173242699796845,-58.173242699796845,0.0002602614721265848,-48.94911828253512,-61.85281703983237,-61.85281703983237,0.0002602614721265848,-25.977305042918065,-54.60950104212004,-54.60950104212004,0.0002602614721265848,-47.80661179529111,-60.72581188889248,-60.72581188889248,0.0002602614721265848,-50.45627301674516,-63.30203325956019,-63.30203325956019,-63.30203325956022,0.0002602614721265848
2023-12-28,-45.25560646034465,-58.173242699796845,-58.173242699796845,0.00026642009247532293,-49.0707449389175,-61.85281703983237,-61.85281703983237,0.00026642009247532293,-26.246308499703773,-54.60950104212004,-54.60950104212004,0.00026642009247532293,-47.928384562938575,-60.72581188889248,-60.72581188889248,0.00026642009247532293,-50.59877713154215,-63.45885611597068,-63.45885611597068,-63.45885611597065,0.00026642009247532293
2023-12-29,-45.48931093263542,-58.173242699796845,-58.173242699796845,0.0002756359263201729,-49.30199691576143,-61.85281703983237,-61.85281703983237,0.0002756359263201729,-26.759434471148367,-54.60950104212004,-54.60950104212004,0.0002756359263201729,-48.15991434498923,-60.72581188889248,-60.72581188889248,0.0002756359263201729,-50.863370180604164,-63.539894907195915,-63.539894907195915,-63.5398949071959,0.0002756359263201729
2023-12-30,-45.69372079256506,-58.173242699796845,-58.173242699796845,0.00028566990231359467,-49.504258121467196,-61.85281703983237,-61.85281703983237,0.00028566990231359467,-27.209641873283232,-54.60950104212004,-54.60950104212004,0.00028566990231359467,-48.362418529011684,-60.72581188889248,-60.72581188889248,0.00028566990231359467,-51.037641330118674,-63.25122616001377,-63.25122616001377,-63.2512261600139,0.00028566990231359467
2023-12-31,-45.80820854199419,-58.173242699796845,-58.173242699796845,0.0002953120916466036,-49.61753799922841,-61.85281703983237,-61.85281703983237,0.0002953120916466036,-27.463547957076173,-54.60950104212004,-54.60950104212004,0.0002953120916466036,-48.47583449097193,-60.72581188889248,-60.72581188889248,0.0002953120916466036,-51.17266711812529,-63.474105467543616,-63.474105467543616,-63.47410546754368,0.0002953120916466036
2024-01-01,-45.64052815078112,-58.173242699796845,-58.173242699796845,0.00029833970581507544,-49.451610580641734,-61.85281703983237,-61.85281703983237,0.00029833970581507544,-27.098046031243328,-54.60950104212004,-54.60950104212004,0.00029833970581507544,-48.30970774219756,-60.72581188889248,-60.72581188889248,0.00029833970581507544,-50.97520741703243,-63.2013274140657,-63.2013274140657,-63.20132741406583,0.00029833970581507544
2024-01-02,-45.820940893841254,-58.173242699796845,-58.173242699796845,0.000308677865336099,-49.63012766168373,-61.85281703983237,-61.85281703983237,0.000308677865336099,-27.495111422983108,-54.60950104212004,-54.60950104212004,0.000308677865336099,-48.488439277511674,-60.72581188889248,-60.72581188889248,0.000308677865336099,-51.14816188693272,-63.32678330153918,-63.32678330153918,-63.32678330153924,0.000308677865336099
2024-01-03,-46.17143489860598,-58.173242699796845,-58.173242699796845,0.00032453934639334526,-49.97693951220272,-61.85281703983237,-61.85281703983237,0.00032453934639334526,-28.26623565190578,-54.60950104212004,-54.60950104212004,0.00032453934639334526,-48.83566775641279,-60.72581188889248,-60.72581188889248,0.00032453934639334526,-51.508701054705064,-63.42795329424777,-63.42795329424777,-63.4279532942478,0.00032453934639334526
2024-01-04,-46.0977153149511,-58.173242699796845,-58.173242699796845,0.0003311186876643028,-49.903984773791876,-61.85281703983237,-61.85281703983237,0.0003311186876643028,-28.107846633620316,-54.60950104212004,-54.60950104212004,0.0003311186876643028,-48.76262537678,-60.72581188889248,-60.72581188889248,0.0003311186876643028,-51.405845938705895,-63.18085973894949,-63.18085973894949,-63.18085973894948,0.0003311186876643028
2024-01-05,-46.23989450180588,-58.173242699796845,-58.173242699796845,0.00034390259617326715,-50.04466591232559,-61.85281703983237,-61.85281703983237,0.00034390259617326715,-28.422387896975042,-54.60950104212004,-54.60950104212004,0.00034390259617326715,-48.90347551690688,-60.72581188889248,-60.72581188889248,0.00034390259617326715,-51.59590311839879,-63.607940051460865,-63.607940051460865,-63.607940051460915,0.00034390259617326715
2024-01-06,-46.23769823583057,-58.173242699796845,-58.173242699796845,0.00035244877235938597,-50.04248624747143,-61.85281703983237,-61.85281703983237,0.00035244877235938597,-28.420120050647203,-54.60950104212004,-54.60950104212004,0.00035244877235938597,-48.90129323360115,-60.72581188889248,-60.72581188889248,0.00035244877235938597,-51.58848038851216,-63.35061146651233,-63.35061146651233,-63.350611466512376,0.00035244877235938597
2024-01-07,-46.14759738409702,-58.173242699796845,-58.173242699796845,0.00035755489264665136,-49.953325765628165,-61.85281703983237,-61.85281703983237,0.00035755489264665136,-28.22434918849104,-54.60950104212004,-54.60950104212004,0.00035755489264665136,-48.812025642421816,-60.72581188889248,-60.72581188889248,0.00035755489264665136,-51.47158815194442,-63.16511257233381,-63.16511257233381,-63.16511257233384,0.00035755489264665136
2024-01-08,-46.51822680662521,-58.173242699796845,-58.173242699796845,0.0003770304720706139,-50.32006392158572,-61.85281703983237,-61.85281703983237,0.0003770304720706139,-29.038821634032818,-54.60950104212004,-54.60950104212004,0.0003770304720706139,-49.179204364421246,-60.72581188889248,-60.72581188889248,0.0003770304720706139,-51.89641385594301,-63.7023981838809,-63.7023981838809,-63.70239818388086,0.0003770304720706139
2024-01-09,-46.43764755767277,-58.173242699796845,-58.173242699796845,0.0003843264865386183,-50.24032286404434,-61.85281703983237,-61.85281703983237,0.0003843264865386183,-28.864840438512672,-54.60950104212004,-54.60950104212004,0.0003843264865386183,-49.099367513187886,-60.72581188889248,-60.72581188889248,0.0003843264865386183,-51.78594519529878,-63.18698780964183,-63.18698780964183,-63.18698780964171,0.0003843264865386183
2024-01-10,-46.75353085494838,-58.173242699796845,-58.173242699796845,0.00040396140116354405,-50.55288819821469,-61.85281703983237,-61.85281703983237,0.00040396140116354405,-29.559586574536056,-54.60950104212004,-54.60950104212004,0.00040396140116354405,-49.41230833507315,-60.72581188889248,-60.72581188889248,0.00040396140116354405,-52.13588362742716,-63.627880864926766,-63.627880864926766,-63.627880864926794,0.00040396140116354405
2024-01-11,-47.05697216894977,-58.173242699796845,-58.173242699796845,0.00042460565216402644,-50.853140464443115,-61.85281703983237,-61.85281703983237,0.00042460565216402644,-30.227659600628897,-54.60950104212004,-54.60950104212004,0.00042460565216402644,-49.712921297210386,-60.72581188889248,-60.72581188889248,0.00042460565216402644,-52.44531155987519,-63.48616802193452,-63.48616802193452,-63.48616802193458,0.00042460565216402644
2024-01-12,-47.589341214232746,-58.173242699796845,-58.173242699796845,0.0004572664670500657,-51.37991806788922,-61.85281703983237,-61.85281703983237,0.0004572664670500657,-31.398345727029266,-54.60950104212004,-54.60950104212004,0.0004572664670500657,-50.24033172361164,-60.72581188889248,-60.72581188889248,0.0004572664670500657,-53.019995838131436,-63.737404117488296,-63.737404117488296,-63.737404117488275,0.0004572664670500657
2024-01-13,-48.062476162260005,-58.173242699796845,-58.173242699796845,0.000493481148533584,-51.848079795934424,-61.85281703983237,-61.85281703983237,0.000493481148533584,-32.44031006483639,-54.60950104212004,-54.60950104212004,0.000493481148533584,-50.70905585880248,-60.72581188889248,-60.72581188889248,0.000493481148533584,-53.56593467305382,-63.97185761551783,-63.97185761551783,-63.971857615517834,0.000493481148533584
2024-01-14,-48.26432021776195,-58.173242699796845,-58.173242699796845,0.0005203762022841531,-52.04779444667018,-61.85281703983237,-61.85281703983237,0.0005203762022841531,-32.88788421665756,-54.60950104212004,-54.60950104212004,0.0005203762022841531,-50.90901042865126,-60.72581188889248,-60.72581188889248,0.0005203762022841531,-53.77087743941045,-63.59525584327108,-63.59525584327108,-63.595255843271076,0.0005203762022841531
2024-01-15,-48.49748528177544,-58.173242699796845,-58.173242699796845,0.000548523178710315,-52.278504168362325,-61.85281703983237,-61.85281703983237,0.000548523178710315,-33.40314520090182,-54.60950104212004,-54.60950104212004,0.000548523178710315,-51.139997304130546,-60.72581188889248,-60.72581188889248,0.000548523178710315,-54.00998172947813,-63.6339851525487,-63.6339851525487,-63.63398515254876,0.000548523178710315
2024-01-16,-48.79754612059739,-58.173242699796845,-58.173242699796845,0.0005800844184660884,-52.575410498756916,-61.85281703983237,-61.85281703983237,0.0005800844184660884,-34.06415723386325,-54.60950104212004,-54.60950104212004,0.0005800844184660884,-51.43726031092921,-60.72581188889248,-60.72581188889248,0.0005800844184660884,-54.30500934835691,-63.554071112274954,-63.554071112274954,-63.55407111227493,0.0005800844184660884
2024-01-17,-49.293458219745624,-58.173242699796845,-58.173242699796845,0.0006245345484095536,-53.0661170597303,-61.85281703983237,-61.85281703983237,0.0006245345484095536,-35.153488241439824,-54.60950104212004,-54.60950104212004,0.0006245345484095536,-51.92855636237059,-60.72581188889248,-60.72581188889248,0.0006245345484095536,-54.818459109913235,-63.78625070559485,-63.78625070559485,-63.78625070559471,0.0006245345484095536
2024-01-18,-49.83594369844524,-58.173242699796845,-58.173242699796845,0.0006744527879261402,-53.60291095563463,-61.85281703983237,-61.85281703983237,0.0006744527879261402,-36.34400622325673,-54.60950104212004,-54.60950104212004,0.0006744527879261402,-52.46599511389749,-60.72581188889248,-60.72581188889248,0.0006744527879261402,-55.36519160788001,-63.70299254323663,-63.70299254323663,-63.70299254323659,0.0006744527879261402
2024-01-19,-50.54094342030824,-58.173242699796845,-58.173242699796845,0.00074186489344225,-54.30051834039917,-61.85281703983237,-61.85281703983237,0.00074186489344225,-37.889481494707944,-54.60950104212004,-54.60950104212004,0.00074186489344225,-53.16444054106151,-60.72581188889248,-60.72581188889248,0.00074186489344225,-56.09209275238558,-63.90584060450788,-63.90584060450788,-63.905840604507844,0.00074186489344225
2024-01-20,-51.27003562052368,-58.173242699796845,-58.173242699796845,0.0008215861784504638,-55.021967725408906,-61.85281703983237,-61.85281703983237,0.0008215861784504638,-39.486927458551314,-54.60950104212004,-54.60950104212004,0.0008215861784504638,-53.88675661009257,-60.72581188889248,-60.72581188889248,0.0008215861784504638,-56.84856659253479,-63.998399946309846,-63.998399946309846,-63.99839994630982,0.0008215861784504638
2024-01-21,-51.791629105164105,-58.173242699796845,-58.173242699796845,0.0008888367527463252,-55.538093952584354,-61.85281703983237,-61.85281703983237,0.0008888367527463252,-40.629576438422355,-54.60950104212004,-54.60950104212004,0.0008888367527463252,-54.403502864623036,-60.72581188889248,-60.72581188889248,0.0008888367527463252,-57.36490675603334,-63.68220456380058,-63.68220456380058,-63.68220456380056,0.0008888367527463252
2024-01-22,-52.20518791142803,-58.173242699796845,-58.173242699796845,0.0009504306305805457,-55.94731793637309,-61.85281703983237,-61.85281703983237,0.0009504306305805457,-41.535542034506044,-54.60950104212004,-54.60950104212004,0.0009504306305805457,-54.8132184530834,-60.72581188889248,-60.72581188889248,0.0009504306305805457,-57.77814269160708,-63.741534924264265,-63.741534924264265,-63.741534924264144,0.0009504306305805457
2024-01-23,-52.61581210747379,-58.173242699796845,-58.173242699796845,0.0010206555015430119,-56.35363807041782,-61.85281703983237,-61.85281703983237,0.0010206555015430119,-42.43507866771468,-54.60950104212004,-54.60950104212004,0.0010206555015430119,-55.220026703377115,-60.72581188889248,-60.72581188889248,0.0010206555015430119,-58.206499385194064,-64.00392339941519,-64.00392339941519,-64.00392339941516,0.0010206555015430119
2024-01-24,-52.933371709266375,-58.173242699796845,-58.173242699796845,0.0010825117867926408,-56.66786909043731,-61.85281703983237,-61.85281703983237,0.0010825117867926408,-43.130742726319895,-54.60950104212004,-54.60950104212004,0.0010825117867926408,-55.534635212115546,-60.72581188889248,-60.72581188889248,0.0010825117867926408,-58.53740950457276,-63.997569818439516,-63.997569818439516,-63.99756981843963,0.0010825117867926408
2024-01-25,-53.185210307971516,-58.173242699796845,-58.173242699796845,0.0011371662537352641,-56.917067978786704,-61.85281703983237,-61.85281703983237,0.0011371662537352641,-43.68243463139754,-54.60950104212004,-54.60950104212004,0.0011371662537352641,-55.7841334654644,-60.72581188889248,-60.72581188889248,0.0011371662537352641,-58.79411036560289,-63.878446986008086,-63.878446986008086,-63.878446986008235,0.0011371662537352641
2024-01-26,-53.40914555387244,-58.173242699796845,-58.173242699796845,0.0011906184812739574,-57.138655990424446,-61.85281703983237,-61.85281703983237,0.0011906184812739574,-44.17299987064305,-54.60950104212004,-54.60950104212004,0.0011906184812739574,-56.00598767289222,-60.72581188889248,-60.72581188889248,0.0011906184812739574,-59.02539527097517,-63.94585231268168,-63.94585231268168,-63.94585231268171,0.0011906184812739574
2024-01-27,-53.659133270382966,-58.173242699796845,-58.173242699796845,0.001256553966450582,-57.386023397071995,-61.85281703983237,-61.85281703983237,0.001256553966450582,-44.72063712830221,-54.60950104212004,-54.60950104212004,0.001256553966450582,-56.25365224436252,-60.72581188889248,-60.72581188889248,0.001256553966450582,-59.29008660571999,-64.06970404746926,-64.06970404746926,-64.06970404746927,0.001256553966450582
2024-01-28,-53.89755267929064,-58.173242699796845,-58.173242699796845,0.00132662145322,-57.621943752276806,-61.85281703983237,-61.85281703983237,0.00132662145322,-45.24293219579434,-54.60950104212004,-54.60950104212004,0.00132662145322,-56.48985601293821,-60.72581188889248,-60.72581188889248,0.00132662145322,-59.543658647243866,-64.09108812200648,-64.09108812200648,-64.09108812200654,0.00132662145322
2024-01-29,-54.07974091130085,-58.173242699796845,-58.173242699796845,0.0013856649884611755,-57.802222331973184,-61.85281703983237,-61.85281703983237,0.0013856649884611755,-45.64204406076322,-54.60950104212004,-54.60950104212004,0.0013856649884611755,-56.67035116301034,-60.72581188889248,-60.72581188889248,0.0013856649884611755,-59.73472233811927,-64.02764264194883,-64.02764264194883,-64.02764264194887,0.0013856649884611755
2024-01-30,-54.2795445569515,-58.173242699796845,-58.173242699796845,0.0014567698625905516,-57.99993168486939,-61.85281703983237,-61.85281703983237,0.0014567698625905516,-46.079745249052564,-54.60950104212004,-54.60950104212004,0.0014567698625905516,-56.86829802603632,-60.72581188889248,-60.72581188889248,0.0014567698625905516,-59.95508140727457,-64.24935589628755,-64.24935589628755,-64.24935589628754,0.0014567698625905516
2024-01-31,-54.42377663070941,-58.173242699796845,-58.173242699796845,0.0015128079582548463,-58.14265195344481,-61.85281703983237,-61.85281703983237,0.0015128079582548463,-46.3957082029206,-54.60950104212004,-54.60950104212004,0.0015128079582548463,-57.01118974583031,-60.72581188889248,-60.72581188889248,0.0015128079582548463,-60.11879261044495,-64.37463935397736,-64.37463935397736,-64.37463935397744,0.0015128079582548463
2024-02-01,-54.52735577062706,-58.173242699796845,-58.173242699796845,0.0015557866216694492,-58.24514540225045,-61.85281703983237,-61.85281703983237,0.0015557866216694492,-46.62261453626759,-54.60950104212004,-54.60950104212004,0.0015557866216694492,-57.11380632099261,-60.72581188889248,-60.72581188889248,0.0015557866216694492,-60.22508149525674,-63.96634886009933,-63.96634886009933,-63.96634886009935,0.0015557866216694492
2024-02-02,-54.62978493593129,-58.173242699796845,-58.173242699796845,0.0016007590569766415,-58.34650093019433,-61.85281703983237,-61.85281703983237,0.0016007590569766415,-46.84700167006195,-54.60950104212004,-54.60950104212004,0.0016007590569766415,-57.21528360829809,-60.72581188889248,-60.72581188889248,0.0016007590569766415,-60.33226959200366,-64.0403589089803,-64.0403589089803,-64.04035890898017,0.0016007590569766415
2024-02-03,-54.72699085390176,-58.173242699796845,-58.173242699796845,0.0016459105028201594,-58.44268795960028,-61.85281703983237,-61.85281703983237,0.0016459105028201594,-47.05994646226508,-54.60950104212004,-54.60950104212004,0.0016459105028201594,-57.31158618809917,-60.72581188889248,-60.72581188889248,0.0016459105028201594,-60.432151429671286,-63.97327294387356,-63.97327294387356,-63.97327294387357,0.0016459105028201594
2024-02-04,-54.81819829345258,-58.173242699796845,-58.173242699796845,0.0016906548532699347,-58.532939385164575,-61.85281703983237,-61.85281703983237,0.0016906548532699347,-47.259750647730584,-54.60950104212004,-54.60950104212004,0.0016906548532699347,-57.40194603356097,-60.72581188889248,-60.72581188889248,0.0016906548532699347,-60.5295814590564,-64.11352238217005,-64.11352238217005,-64.11352238217006,0.0016906548532699347
2024-02-05,-54.913345077141294,-58.173242699796845,-58.173242699796845,0.0017400000751869415,-58.627088863628884,-61.85281703983237,-61.85281703983237,0.0017400000751869415,-47.46818458369273,-54.60950104212004,-54.60950104212004,0.0017400000751869415,-57.49620861469096,-60.72581188889248,-60.72581188889248,0.0017400000751869415,-60.63305703362465,-64.17831380910121,-64.17831380910121,-64.17831380910121,0.0017400000751869415
2024-02-06,-55.00581790173975,-58.173242699796845,-58.173242699796845,0.0017907992991662161,-58.718592410785476,-61.85281703983237,-61.85281703983237,0.0017907992991662161,-47.67076079334809,-54.60950104212004,-54.60950104212004,0.0017907992991662161,-57.58782208593072,-60.72581188889248,-60.72581188889248,0.0017907992991662161,-60.735870975453075,-64.25750482137238,-64.25750482137238,-64.25750482137227,0.0017907992991662161
2024-02-07,-55.09780974899103,-58.173242699796845,-58.173242699796845,0.001844365394809308,-58.809620022081454,-61.85281703983237,-61.85281703983237,0.001844365394809308,-47.87228334677185,-54.60950104212004,-54.60950104212004,0.001844365394809308,-57.67895904956355,-60.72581188889248,-60.72581188889248,0.001844365394809308,-60.83707003623407,-64.22031469774936,-64.22031469774936,-64.22031469774936,0.001844365394809308
2024-02-08,-55.17330886482041,-58.173242699796845,-58.173242699796845,0.0018907824040615814,-58.884327774716525,-61.85281703983237,-61.85281703983237,0.0018907824040615814,-48.037675988160885,-54.60950104212004,-54.60950104212004,0.0018907824040615814,-57.7537565493339,-60.72581188889248,-60.72581188889248,0.0018907824040615814,-60.92215144342672,-64.30283463899755,-64.30283463899755,-64.30283463899771,0.0018907824040615814
2024-02-09,-55.263459361373,-58.173242699796845,-58.173242699796845,0.0019493623575406842,-58.97353333589983,-61.85281703983237,-61.85281703983237,0.0019493623575406842,-48.235164774401376,-54.60950104212004,-54.60950104212004,0.0019493623575406842,-57.84306927400784,-60.72581188889248,-60.72581188889248,0.0019493623575406842,-61.025709166051875,-64.36823691002292,-64.36823691002292,-64.36823691002289,0.0019493623575406842
2024-02-10,-55.33854356385292,-58.173242699796845,-58.173242699796845,0.002000996168023132,-59.04783052420537,-61.85281703983237,-61.85281703983237,0.002000996168023132,-48.399648483095525,-54.60950104212004,-54.60950104212004,0.002000996168023132,-57.91745571623363,-60.72581188889248,-60.72581188889248,0.002000996168023132,-61.11107924563453,-64.33410729728428,-64.33410729728428,-64.33410729728418,0.002000996168023132
2024-02-11,-55.40320930127252,-58.173242699796845,-58.173242699796845,0.002047708923489594,-59.111818451243245,-61.85281703983237,-61.85281703983237,0.002047708923489594,-48.54130891185315,-54.60950104212004,-54.60950104212004,0.002047708923489594,-57.9815205125781,-60.72581188889248,-60.72581188889248,0.002047708923489594,-61.18470221784178,-64.33842936996814,-64.33842936996814,-64.33842936996817,0.002047708923489594
2024-02-12,-55.45813951482592,-58.173242699796845,-58.173242699796845,0.0020891368475128695,-59.16617289978554,-61.85281703983237,-61.85281703983237,0.0020891368475128695,-48.661642150353515,-54.60950104212004,-54.60950104212004,0.0020891368475128695,-58.035940257637584,-60.72581188889248,-60.72581188889248,0.0020891368475128695,-61.248798213218826,-64.41694976287648,-64.41694976287648,-64.41694976287654,0.0020891368475128695
2024-02-13,-55.508032655034455,-58.173242699796845,-58.173242699796845,0.0021282458092447883,-59.21554307234922,-61.85281703983237,-61.85281703983237,0.0021282458092447883,-48.77094089055278,-54.60950104212004,-54.60950104212004,0.0021282458092447883,-58.08536973905998,-60.72581188889248,-60.72581188889248,0.0021282458092447883,-61.30516397639274,-64.31613096631916,-64.31613096631916,-64.31613096631915,0.0021282458092447883
2024-02-14,-55.561440097450124,-58.173242699796845,-58.173242699796845,0.0021717652411503492,-59.26839071106693,-61.85281703983237,-61.85281703983237,0.0021717652411503492,-48.887938260309014,-54.60950104212004,-54.60950104212004,0.0021717652411503492,-58.13828086414963,-60.72581188889248,-60.72581188889248,0.0021717652411503492,-61.36806367581593,-64.44406940104486,-64.44406940104486,-64.4440694010448,0.0021717652411503492
2024-02-15,-55.609697758321694,-58.173242699796845,-58.173242699796845,0.0022126478130939263,-59.31614254698636,-61.85281703983237,-61.85281703983237,0.0022126478130939263,-48.99365422679614,-54.60950104212004,-54.60950104212004,0.0022126478130939263,-58.186090064804795,-60.72581188889248,-60.72581188889248,0.0022126478130939263,-61.42457192950745,-64.42640511590115,-64.42640511590115,-64.42640511590118,0.0022126478130939263
2024-02-16,-55.65775010500762,-58.173242699796845,-58.173242699796845,0.0022549150493515564,-59.36369122077289,-61.85281703983237,-61.85281703983237,0.0022549150493515564,-49.09892042039321,-54.60950104212004,-54.60950104212004,0.0022549150493515564,-58.233695859265964,-60.72581188889248,-60.72581188889248,0.0022549150493515564,-61.48054505360578,-64.41068247430614,-64.41068247430614,-64.41068247430616,0.0022549150493515564
2024-02-17,-55.70421338882503,-58.173242699796845,-58.173242699796845,0.0022973490364478267,-59.409667487857696,-61.85281703983237,-61.85281703983237,0.0022973490364478267,-49.20070552282463,-54.60950104212004,-54.60950104212004,0.0022973490364478267,-58.27972735807874,-60.72581188889248,-60.72581188889248,0.0022973490364478267,-61.53544238321862,-64.4526515163658,-64.4526515163658,-64.45265151636598,0.0022973490364478267
2024-02-18,-55.754773377709284,-58.173242699796845,-58.173242699796845,0.002345376911221831,-59.45969751935309,-61.85281703983237,-61.85281703983237,0.002345376911221831,-49.31146509952033,-54.60950104212004,-54.60950104212004,0.002345376911221831,-58.32981749112742,-60.72581188889248,-60.72581188889248,0.002345376911221831,-61.598693750807065,-64.62423816782126,-64.62423816782126,-64.62423816782136,0.002345376911221831
2024-02-19,-55.80004884529244,-58.173242699796845,-58.173242699796845,0.002390121690967846,-59.50449842060201,-61.85281703983237,-61.85281703983237,0.002390121690967846,-49.41064810439999,-54.60950104212004,-54.60950104212004,0.002390121690967846,-58.37467221212589,-60.72581188889248,-60.72581188889248,0.002390121690967846,-61.653857802842936,-64.54537933248217,-64.54537933248217,-64.54537933248218,0.002390121690967846
2024-02-20,-55.846112867314226,-58.173242699796845,-58.173242699796845,0.0024374325958733054,-59.55007961085534,-61.85281703983237,-61.85281703983237,0.0024374325958733054,-49.51155856131706,-54.60950104212004,-54.60950104212004,0.0024374325958733054,-58.420308159497395,-60.72581188889248,-60.72581188889248,0.0024374325958733054,-61.71183771091493,-64.6409517534301,-64.6409517534301,-64.64095175343004,0.0024374325958733054
2024-02-21,-55.87881069031575,-58.173242699796845,-58.173242699796845,0.0024721683122810533,-59.58243470330471,-61.85281703983237,-61.85281703983237,0.0024721683122810533,-49.58318826524799,-54.60950104212004,-54.60950104212004,0.0024721683122810533,-58.452702120427745,-60.72581188889248,-60.72581188889248,0.0024721683122810533,-61.74814888734714,-64.29613275477696,-64.29613275477696,-64.29613275477695,0.0024721683122810533
2024-02-22,-55.91423425138986,-58.173242699796845,-58.173242699796845,0.0025109344378604396,-59.617486963309375,-61.85281703983237,-61.85281703983237,0.0025109344378604396,-49.66078912545824,-54.60950104212004,-54.60950104212004,0.0025109344378604396,-58.48779648904656,-60.72581188889248,-60.72581188889248,0.0025109344378604396,-61.79221094415088,-64.60210796059407,-64.60210796059407,-64.60210796059421,0.0025109344378604396
2024-02-23,-55.944907249424915,-58.173242699796845,-58.173242699796845,0.002545497405956475,-59.64783845451049,-61.85281703983237,-61.85281703983237,0.002545497405956475,-49.72798313307803,-54.60950104212004,-54.60950104212004,0.002545497405956475,-58.51818444178314,-60.72581188889248,-60.72581188889248,0.002545497405956475,-61.829053136970735,-64.50556895182491,-64.50556895182491,-64.50556895182493,0.002545497405956475
2024-02-24,-55.97208561748324,-58.173242699796845,-58.173242699796845,0.0025769274506119264,-59.674731945588036,-61.85281703983237,-61.85281703983237,0.0025769274506119264,-49.78752160624356,-54.60950104212004,-54.60950104212004,0.0025769274506119264,-58.545110240268095,-60.72581188889248,-60.72581188889248,0.0025769274506119264,-61.86217698261542,-64.5448541498962,-64.5448541498962,-64.54485414989628,0.0025769274506119264
2024-02-25,-55.99785337835228,-58.173242699796845,-58.173242699796845,0.002607451481262147,-59.70022961511467,-61.85281703983237,-61.85281703983237,0.002607451481262147,-49.843969923366146,-54.60950104212004,-54.60950104212004,0.002607451481262147,-58.57063854038802,-60.72581188889248,-60.72581188889248,0.002607451481262147,-61.89181693200763,-64.39410767135767,-64.39410767135767,-64.39410767135777,0.002607451481262147
2024-02-26,-56.0255877718856,-58.173242699796845,-58.173242699796845,0.002641123597094272,-59.72767330354478,-61.85281703983237,-61.85281703983237,0.002641123597094272,-49.904726457444596,-54.60950104212004,-54.60950104212004,0.002641123597094272,-58.59811519718239,-60.72581188889248,-60.72581188889248,0.002641123597094272,-61.92595615879415,-64.56957908695604,-64.56957908695604,-64.569579086956,0.002641123597094272
2024-02-27,-56.06330096414336,-58.173242699796845,-58.173242699796845,0.002688331157526151,-59.764991195381256,-61.85281703983237,-61.85281703983237,0.002688331157526151,-49.987343113470196,-54.60950104212004,-54.60950104212004,0.002688331157526151,-58.63547791935797,-60.72581188889248,-60.72581188889248,0.002688331157526151,-61.9761840103632,-64.78628397733588,-64.78628397733588,-64.78628397733588,0.002688331157526151
2024-02-28,-56.094383434993404,-58.173242699796845,-58.173242699796845,0.0027285262665715823,-59.79574786740371,-61.85281703983237,-61.85281703983237,0.0027285262665715823,-50.05543413544189,-54.60950104212004,-54.60950104212004,0.0027285262665715823,-58.66627153966364,-60.72581188889248,-60.72581188889248,0.0027285262665715823,-62.01703647035062,-64.74933260422233,-64.74933260422233,-64.74933260422236,0.0027285262665715823
2024-02-29,-56.12202745386596,-58.173242699796845,-58.173242699796845,0.0027652983370582713,-59.82310212845798,-61.85281703983237,-61.85281703983237,0.0027652983370582713,-50.115992689667046,-54.60950104212004,-54.60950104212004,0.0027652983370582713,-58.693658661652435,-60.72581188889248,-60.72581188889248,0.0027652983370582713,-62.0536553320421,-64.77081334503242,-64.77081334503242,-64.77081334503245,0.0027652983370582713
2024-03-01,-56.148317538384454,-58.173242699796845,-58.173242699796845,0.0028012008624383536,-59.84911664676584,-61.85281703983237,-61.85281703983237,0.0028012008624383536,-50.17358523857452,-54.60950104212004,-54.60950104212004,0.0028012008624383536,-58.719704431449024,-60.72581188889248,-60.72581188889248,0.0028012008624383536,-62.089601959001705,-64.85829710515645,-64.85829710515645,-64.85829710515642,0.0028012008624383536
2024-03-02,-56.16572810837495,-58.173242699796845,-58.173242699796845,0.002825494834637158,-59.86634472343677,-61.85281703983237,-61.85281703983237,0.002825494834637158,-50.21172581978761,-54.60950104212004,-54.60950104212004,0.002825494834637158,-58.736953204372554,-60.72581188889248,-60.72581188889248,0.002825494834637158,-62.10977779485083,-64.43613959020011,-64.43613959020011,-64.43613959020016,0.002825494834637158
2024-03-03,-56.18769003544366,-58.173242699796845,-58.173242699796845,0.0028567472474314484,-59.888076450978375,-61.85281703983237,-61.85281703983237,0.0028567472474314484,-50.25983686172464,-54.60950104212004,-54.60950104212004,0.0028567472474314484,-58.75871103844554,-60.72581188889248,-60.72581188889248,0.0028567472474314484,-62.137490158085114,-64.64293316784963,-64.64293316784963,-64.64293316784968,0.0028567472474314484
2024-03-04,-56.212864011231154,-58.173242699796845,-58.173242699796845,0.002893431836209072,-59.91298655933297,-61.85281703983237,-61.85281703983237,0.002893431836209072,-50.31498439960047,-54.60950104212004,-54.60950104212004,0.002893431836209072,-58.783651071550594,-60.72581188889248,-60.72581188889248,0.002893431836209072,-62.17025274597432,-64.72158113454529,-64.72158113454529,-64.72158113454518,0.002893431836209072
2024-03-05,-56.23744265575781,-58.173242699796845,-58.173242699796845,0.0029301694283910894,-59.93730757654281,-61.85281703983237,-61.85281703983237,0.0029301694283910894,-50.368827771080205,-54.60950104212004,-54.60950104212004,0.0029301694283910894,-58.80800130582997,-60.72581188889248,-60.72581188889248,0.0029301694283910894,-62.20378126162029,-64.8444680575866,-64.8444680575866,-64.84446805758657,0.0029301694283910894
2024-03-06,-56.25977484561484,-58.173242699796845,-58.173242699796845,0.0029643675989246116,-59.959405685868994,-61.85281703983237,-61.85281703983237,0.0029643675989246116,-50.417749931662705,-54.60950104212004,-54.60950104212004,0.0029643675989246116,-58.830125961825466,-60.72581188889248,-60.72581188889248,0.0029643675989246116,-62.233531785337306,-64.78261770759686,-64.78261770759686,-64.78261770759686,0.0029643675989246116
2024-03-07,-56.285958096389585,-58.173242699796845,-58.173242699796845,0.0030054937651062302,-59.98531449023825,-61.85281703983237,-61.85281703983237,0.0030054937651062302,-50.475108444517524,-54.60950104212004,-54.60950104212004,0.0030054937651062302,-58.85606589068837,-60.72581188889248,-60.72581188889248,0.0030054937651062302,-62.270543367045846,-64.93833236341018,-64.93833236341018,-64.93833236341018,0.0030054937651062302
2024-03-08,-56.30615653541548,-58.173242699796845,-58.173242699796845,0.003038007681022604,-60.00530121418568,-61.85281703983237,-61.85281703983237,0.003038007681022604,-50.5193562896179,-54.60950104212004,-54.60950104212004,0.003038007681022604,-58.87607662487782,-60.72581188889248,-60.72581188889248,0.003038007681022604,-62.297501125360476,-64.7893995095643,-64.7893995095643,-64.78939950956433,0.003038007681022604
2024-03-09,-56.32912413064406,-58.173242699796845,-58.173242699796845,0.0030758445814724586,-60.02802806872043,-61.85281703983237,-61.85281703983237,0.0030758445814724586,-50.56967040521321,-54.60950104212004,-54.60950104212004,0.0030758445814724586,-58.89883078139957,-60.72581188889248,-60.72581188889248,0.0030758445814724586,-62.32940578757473,-64.8911010563521,-64.8911010563521,-64.89110105635214,0.0030758445814724586
2024-03-10,-56.348009271540825,-58.173242699796845,-58.173242699796845,0.003107669419544353,-60.046715260207215,-61.85281703983237,-61.85281703983237,0.003107669419544353,-50.61104126501215,-54.60950104212004,-54.60950104212004,0.003107669419544353,-58.91754042198771,-60.72581188889248,-60.72581188889248,0.003107669419544353,-62.355506972064376,-64.878165114163,-64.878165114163,-64.87816511416295,0.003107669419544353
2024-03-11,-56.36614978780996,-58.173242699796845,-58.173242699796845,0.0031388657832127566,-60.06466563203927,-61.85281703983237,-61.85281703983237,0.0031388657832127566,-50.6507809079072,-54.60950104212004,-54.60950104212004,0.0031388657832127566,-58.93551235777228,-60.72581188889248,-60.72581188889248,0.0031388657832127566,-62.380145553713184,-64.83455234113478,-64.83455234113478,-64.83455234113474,0.0031388657832127566
2024-03-12,-56.383599520299924,-58.173242699796845,-58.173242699796845,0.00316947097248518,-60.08193246071769,-61.85281703983237,-61.85281703983237,0.00316947097248518,-50.68900728071068,-54.60950104212004,-54.60950104212004,0.00316947097248518,-58.952799929256614,-60.72581188889248,-60.72581188889248,0.00316947097248518,-62.40441048748158,-64.89302016931475,-64.89302016931475,-64.8930201693147,0.00316947097248518
2024-03-13,-56.40088494486062,-58.173242699796845,-58.173242699796845,0.0032003821422191547,-60.099036703702424,-61.85281703983237,-61.85281703983237,0.0032003821422191547,-50.72687371125373,-54.60950104212004,-54.60950104212004,0.0032003821422191547,-58.9699247197315,-60.72581188889248,-60.72581188889248,0.0032003821422191547,-62.42888719708684,-64.93860201096257,-64.93860201096257,-64.93860201096265,0.0032003821422191547
2024-03-14,-56.41710290304036,-58.173242699796845,-58.173242699796845,0.003229937684345035,-60.11508466922666,-61.85281703983237,-61.85281703983237,0.003229937684345035,-50.762401689453675,-54.60950104212004,-54.60950104212004,0.003229937684345035,-58.98599196382959,-60.72581188889248,-60.72581188889248,0.003229937684345035,-62.4521320124648,-64.9691655934368,-64.9691655934368,-64.96916559343688,0.003229937684345035
2024-03-15,-56.432388808131286,-58.173242699796845,-58.173242699796845,0.0032582987783628383,-60.1302103512138,-61.85281703983237,-61.85281703983237,0.0032582987783628383,-50.79588785934108,-54.60950104212004,-54.60950104212004,0.0032582987783628383,-59.00113581644262,-60.72581188889248,-60.72581188889248,0.0032582987783628383,-62.473977898447,-64.96192319200944,-64.96192319200944,-64.96192319200945,0.0032582987783628383
2024-03-16,-56.45065440500841,-58.173242699796845,-58.173242699796845,0.003292848398937411,-60.148284492589354,-61.85281703983237,-61.85281703983237,0.003292848398937411,-50.83590151090356,-54.60950104212004,-54.60950104212004,0.003292848398937411,-59.01923167045642,-60.72581188889248,-60.72581188889248,0.003292848398937411,-62.50127903656222,-65.07598936591874,-65.07598936591874,-65.07598936591876,0.003292848398937411
2024-03-17,-56.467898408270486,-58.173242699796845,-58.173242699796845,0.003326144835800327,-60.165347748443175,-61.85281703983237,-61.85281703983237,0.003326144835800327,-50.87367720160263,-54.60950104212004,-54.60950104212004,0.003326144835800327,-59.03631542456211,-60.72581188889248,-60.72581188889248,0.003326144835800327,-62.52549757696369,-64.92058814817237,-64.92058814817237,-64.92058814817236,0.003326144835800327
2024-03-18,-56.48673114966019,-58.173242699796845,-58.173242699796845,0.0033632868438182527,-60.183983089661666,-61.85281703983237,-61.85281703983237,0.0033632868438182527,-50.91493327207219,-54.60950104212004,-54.60950104212004,0.0033632868438182527,-59.054973152593895,-60.72581188889248,-60.72581188889248,0.0033632868438182527,-62.554673890024446,-65.1674740102628,-65.1674740102628,-65.16747401026267,0.0033632868438182527
2024-03-19,-56.5001957874387,-58.173242699796845,-58.173242699796845,0.003390354488343173,-60.19730659441302,-61.85281703983237,-61.85281703983237,0.003390354488343173,-50.94442967058066,-54.60950104212004,-54.60950104212004,0.003390354488343173,-59.0683126629985,-60.72581188889248,-60.72581188889248,0.003390354488343173,-62.57414735474065,-64.99382031975686,-64.99382031975686,-64.99382031975686,0.003390354488343173
2024-03-20,-56.51715279044745,-58.173242699796845,-58.173242699796845,0.003425068938890157,-60.21408585827981,-61.85281703983237,-61.85281703983237,0.003425068938890157,-50.98157664226177,-54.60950104212004,-54.60950104212004,0.003425068938890157,-59.08511208395495,-60.72581188889248,-60.72581188889248,0.003425068938890157,-62.59975819834496,-65.10101739145324,-65.10101739145324,-65.10101739145327,0.003425068938890157
2024-03-21,-56.536143126955764,-58.173242699796845,-58.173242699796845,0.003464799699799268,-60.232877142743725,-61.85281703983237,-61.85281703983237,0.003464799699799268,-51.02317794952782,-54.60950104212004,-54.60950104212004,0.003464799699799268,-59.10392594256775,-60.72581188889248,-60.72581188889248,0.003464799699799268,-62.62958802968721,-65.20112772447729,-65.20112772447729,-65.20112772447733,0.003464799699799268
2024-03-22,-56.550098978923266,-58.173242699796845,-58.173242699796845,0.0034945901805100705,-60.24668671289757,-61.85281703983237,-61.85281703983237,0.0034945901805100705,-51.05375042967408,-54.60950104212004,-54.60950104212004,0.0034945901805100705,-59.11775210228998,-60.72581188889248,-60.72581188889248,0.0034945901805100705,-62.649555899895624,-64.97193100272047,-64.97193100272047,-64.97193100272044,0.0034945901805100705
2024-03-23,-56.565907825299576,-58.173242699796845,-58.173242699796845,0.003528961013986328,-60.262329854828046,-61.85281703983237,-61.85281703983237,0.003528961013986328,-51.0883821843745,-54.60950104212004,-54.60950104212004,0.003528961013986328,-59.13341403647587,-60.72581188889248,-60.72581188889248,0.003528961013986328,-62.673631323410085,-65.12145496036436,-65.12145496036436,-65.1214549603644,0.003528961013986328
2024-03-24,-56.58037059281218,-58.173242699796845,-58.173242699796845,0.0035610028474029006,-60.27664102716257,-61.85281703983237,-61.85281703983237,0.0035610028474029006,-51.1200651424385,-54.60950104212004,-54.60950104212004,0.0035610028474029006,-59.147742400958215,-60.72581188889248,-60.72581188889248,0.0035610028474029006,-62.69413325977524,-64.95213557828016,-64.95213557828016,-64.95213557828015,0.0035610028474029006
2024-03-25,-56.53471252095221,-58.173242699796845,-58.173242699796845,0.003582941941860236,-60.23145748651315,-61.85281703983237,-61.85281703983237,0.003582941941860236,-51.021628947450324,-54.60950104212004,-54.60950104212004,0.003582941941860236,-59.10250458089084,-60.72581188889248,-60.72581188889248,0.003582941941860236,-62.65746496578206,-65.06032139765993,-65.06032139765993,-65.06032139765995,0.003582941941860236
2024-03-26,-56.54769951700833,-58.173242699796845,-58.173242699796845,0.003611567236691515,-60.244308388129994,-61.85281703983237,-61.85281703983237,0.003611567236691515,-51.050066434501275,-54.60950104212004,-54.60950104212004,0.003611567236691515,-59.1153709204183,-60.72581188889248,-60.72581188889248,0.003611567236691515,-62.67507194691857,-64.87888474798775,-64.87888474798775,-64.87888474798775,0.003611567236691515
2024-03-27,-56.56010545397861,-58.173242699796845,-58.173242699796845,0.0036393422295620628,-60.25658431974479,-61.85281703983237,-61.85281703983237,0.0036393422295620628,-51.07723158265542,-54.60950104212004,-54.60950104212004,0.0036393422295620628,-59.12766159922689,-60.72581188889248,-60.72581188889248,0.0036393422295620628,-62.692018747567914,-64.89560203117594,-64.89560203117594,-64.89560203117586,0.0036393422295620628
2024-03-28,-56.57101655895536,-58.173242699796845,-58.173242699796845,0.003664126025120555,-60.267381084137426,-61.85281703983237,-61.85281703983237,0.003664126025120555,-51.101123513102365,-54.60950104212004,-54.60950104212004,0.003664126025120555,-59.13847133387551,-60.72581188889248,-60.72581188889248,0.003664126025120555,-62.7061640619,-64.78331320871756,-64.78331320871756,-64.78331320871757,0.003664126025120555
2024-03-29,-56.58337970129435,-58.173242699796845,-58.173242699796845,0.0036926191164371896,-60.27961466957854,-61.85281703983237,-61.85281703983237,0.0036926191164371896,-51.12819495430854,-54.60950104212004,-54.60950104212004,0.0036926191164371896,-59.150719615639225,-60.72581188889248,-60.72581188889248,0.0036926191164371896,-62.72257396348246,-64.83283805487461,-64.83283805487461,-64.83283805487463,0.0036926191164371896
2024-03-30,-56.457090849686196,-58.173242699796845,-58.173242699796845,0.0036898448035101276,-60.15464044907392,-61.85281703983237,-61.85281703983237,0.0036898448035101276,-50.855104026300445,-54.60950104212004,-54.60950104212004,0.0036898448035101276,-59.025595262412466,-60.72581188889248,-60.72581188889248,0.0036898448035101276,-62.60327208327543,-64.86663278722848,-64.86663278722848,-64.8666327872285,0.0036898448035101276
2024-03-31,-55.888884637655735,-58.173242699796845,-58.173242699796845,0.0035818512218784414,-59.59235259892803,-61.85281703983237,-61.85281703983237,0.0035818512218784414,-49.6250302290413,-54.60950104212004,-54.60950104212004,0.0035818512218784414,-58.46263193051393,-60.72581188889248,-60.72581188889248,0.0035818512218784414,-62.049267307371814,-64.8761771532368,-64.8761771532368,-64.87617715323674,0.0035818512218784414
2024-04-01,-55.91096571052234,-58.173242699796845,-58.173242699796845,0.003616812076141549,-59.614202716389286,-61.85281703983237,-61.85281703983237,0.003616812076141549,-49.6732111448388,-54.60950104212004,-54.60950104212004,0.003616812076141549,-58.48450828985741,-60.72581188889248,-60.72581188889248,0.003616812076141549,-62.07581830370445,-64.79605266509003,-64.79605266509003,-64.79605266509003,0.003616812076141549
2024-04-02,-55.92624386097555,-58.173242699796845,-58.173242699796845,0.0036414040777508344,-59.62932106246377,-61.85281703983237,-61.85281703983237,0.0036414040777508344,-49.70654807930297,-54.60950104212004,-54.60950104212004,0.0036414040777508344,-58.499644797791575,-60.72581188889248,-60.72581188889248,0.0036414040777508344,-62.093682100743955,-64.72095896437303,-64.72095896437303,-64.72095896437301,0.0036414040777508344
2024-04-03,-53.76989431408463,-58.173242699796845,-58.173242699796845,0.003184152056571305,-57.4954428949267,-61.85281703983237,-61.85281703983237,0.003184152056571305,-45.03408791107921,-54.60950104212004,-54.60950104212004,0.003184152056571305,-56.36320318214227,-60.72581188889248,-60.72581188889248,0.003184152056571305,-59.97325575006152,-64.97515657247077,-64.97515657247077,-64.97515657247072,0.003184152056571305
2024-04-04,-50.47318008092117,-58.173242699796845,-58.173242699796845,0.0026085487761138204,-54.23313347655001,-61.85281703983237,-61.85281703983237,0.0026085487761138204,-37.87142876637062,-54.60950104212004,-54.60950104212004,0.0026085487761138204,-53.09697472048258,-60.72581188889248,-60.72581188889248,0.0026085487761138204,-56.732607793371194,-64.98248076685631,-64.98248076685631,-64.9824807668563,0.0026085487761138204
2024-04-05,-48.485515369231734,-58.173242699796845,-58.173242699796845,0.0023048384036550734,-52.26626002391577,-61.85281703983237,-61.85281703983237,0.0023048384036550734,-33.53435463845733,-54.60950104212004,-54.60950104212004,0.0023048384036550734,-51.12773844414242,-60.72581188889248,-60.72581188889248,0.0023048384036550734,-54.78190704370822,-64.88970258321358,-64.88970258321358,-64.88970258321356,0.0023048384036550734
2024-04-06,-46.95825246093721,-58.173242699796845,-58.173242699796845,0.0020949412059681114,-50.754997652645905,-61.85281703983237,-61.85281703983237,0.0020949412059681114,-30.192083404883775,-54.60950104212004,-54.60950104212004,0.0020949412059681114,-49.61466057913177,-60.72581188889248,-60.72581188889248,0.0020949412059681114,-53.28818225325882,-64.89663019461089,-64.89663019461089,-64.89663019461094,0.0020949412059681114
2024-04-07,-45.61393529490243,-58.173242699796845,-58.173242699796845,0.0019229671535270201,-49.42478232064262,-61.85281703983237,-61.85281703983237,0.0019229671535270201,-27.243161999910505,-54.60950104212004,-54.60950104212004,0.0019229671535270201,-48.28284724692777,-60.72581188889248,-60.72581188889248,0.0019229671535270201,-51.97317352336128,-64.80795233834435,-64.80795233834435,-64.8079523383442,0.0019229671535270201
2024-04-08,-44.45324288087682,-58.173242699796845,-58.173242699796845,0.0017837586214091215,-48.27628331766276,-61.85281703983237,-61.85281703983237,0.0017837586214091215,-24.690086180813033,-54.60950104212004,-54.60950104212004,0.0017837586214091215,-47.132968541341526,-60.72581188889248,-60.72581188889248,0.0017837586214091215,-50.84524283391379,-64.91094683893984,-64.91094683893984,-64.91094683893974,0.0017837586214091215
2024-04-09,-43.4434811995672,-58.173242699796845,-58.173242699796845,0.001667293699672657,-47.2771435728998,-61.85281703983237,-61.85281703983237,0.001667293699672657,-22.4634722793855,-54.60950104212004,-54.60950104212004,0.001667293699672657,-46.132628520679006,-60.72581188889248,-60.72581188889248,0.001667293699672657,-49.86592480579177,-64.88679793596674,-64.88679793596674,-64.88679793596681,0.001667293699672657
2024-04-10,-42.54628845827846,-58.173242699796845,-58.173242699796845,0.0015664482823381076,-46.389402099854316,-61.85281703983237,-61.85281703983237,0.0015664482823381076,-20.47979229315189,-54.60950104212004,-54.60950104212004,0.0015664482823381076,-45.243820595553764,-60.72581188889248,-60.72581188889248,0.0015664482823381076,-48.99784158587251,-64.85985276835027,-64.85985276835027,-64.85985276835025,0.0015664482823381076
2024-04-11,-41.69120476412536,-58.173242699796845,-58.173242699796845,0.0014721864654051765,-45.54333758740048,-61.85281703983237,-61.85281703983237,0.0014721864654051765,-18.584684788759297,-54.60950104212004,-54.60950104212004,0.0014721864654051765,-44.39673969796121,-60.72581188889248,-60.72581188889248,0.0014721864654051765,-48.17318619340527,-64.8840499490363,-64.8840499490363,-64.88404994903615,0.0014721864654051765
2024-04-12,-40.71907920975659,-58.173242699796845,-58.173242699796845,0.001368242472101476,-44.58147700247361,-61.85281703983237,-61.85281703983237,0.001368242472101476,-16.42576842912291,-54.60950104212004,-54.60950104212004,0.001368242472101476,-43.433723479486154,-60.72581188889248,-60.72581188889248,0.001368242472101476,-47.2336009150135,-64.8320465049611,-64.8320465049611,-64.83204650496107,0.001368242472101476
2024-04-13,-38.83511975115306,-55.916613916860776,-58.173242699795736,0.0011886536254016784,-42.71820276979443,-59.61993634987174,-61.85281703983336,0.0011886536254016784,-12.280866439420723,-49.67003429860654,-54.60950104211959,0.0011886536254016784,-41.56689823651594,-58.490095624571246,-60.725811888892146,0.0011886536254016784,-45.39838944306762,-62.53963882614015,-64.80416184491466,-64.80416184491526,0.0011886536254016784
2024-04-14,-37.24521518082469,-56.201795719987075,-58.173242699797626,0.0010466319707932016,-41.146408132574976,-59.90224681691351,-61.85281703983237,0.0010466319707932016,-8.785185148685759,-50.29279183060396,-54.60950104211915,0.0010466319707932016,-39.99118975370208,-58.772583943788575,-60.72581188889104,0.0010466319707932016,-43.84126618611217,-62.70673327311637,-64.66870463364494,-64.66870463364535,0.0010466319707932016
2024-04-15,-37.11396131019373,-57.35870786311273,-58.17324269979607,0.0010140506514216435,-41.01846662061581,-61.04698212542607,-61.85281703983592,0.0010140506514216435,-8.489771581658756,-52.82567349316556,-54.60950104212004,0.0010140506514216435,-39.86051153021819,-59.91877988691884,-60.7258118888937,0.0010140506514216435,-43.72308609462172,-63.89083392089731,-64.70227076151203,-64.70227076151177,0.0010140506514216435
2024-04-16,-37.41063748746909,-57.49390500781333,-58.17324269979962,0.001013697173612351,-41.31456184603166,-61.18081992106755,-61.852817039834584,0.001013697173612351,-9.14746994565585,-53.12201568263744,-54.609501042121146,0.001013697173612351,-40.153543638341894,-60.052701887071784,-60.72581188889137,0.001013697173612351,-44.024292129440035,-63.977575295449036,-64.65251612964418,-64.6525161296441,0.001013697173612351
2024-04-17,-37.79186921400202,-57.33678990517886,-58.17324269979773,0.0010211360765009874,-41.694816309563066,-61.02553147654625,-61.852817039833475,0.0010211360765009874,-9.999658956187929,-52.77871043783211,-54.60950104212037,0.0010211360765009874,-40.530143906858605,-59.896980459326954,-60.72581188889381,0.0010211360765009874,-44.40617300720462,-63.75428236887956,-64.58231234157064,-64.58231234157078,0.0010211360765009874
2024-04-18,-38.218888260378115,-57.45137998280918,-58.173242699800284,0.0010332510676267274,-42.121220074633484,-61.1390127301466,-61.85281703983314,0.0010332510676267274,-10.95311096265128,-53.03020062163106,-54.60950104212125,0.0010332510676267274,-40.951844608134834,-60.01047480343121,-60.7258118888937,0.0010332510676267274,-44.82870074413214,-63.72431476580809,-64.43353328381185,-64.43353328380948,0.0010332510676267274
2024-04-19,-38.57917520070097,-57.07032870998191,-58.17324269979807,0.0010416971669469648,-42.482536681076155,-60.76249961618726,-61.852817039831805,0.0010416971669469648,-11.776609231360924,-52.19851641095396,-54.60950104212081,0.0010416971669469648,-41.30702448220358,-59.632764092814,-60.725811888892586,0.0010416971669469648,-45.18396452370732,-63.26397145148228,-64.34236240024637,-64.3423624002471,0.0010416971669469648
2024-04-20,-39.00713694553992,-57.24706892189385,-58.173242699795736,0.0010557883001394374,-42.9121198863166,-60.937535799935326,-61.85281703983314,0.0010557883001394374,-12.748771035883898,-52.586643036812454,-54.60950104212215,0.0010557883001394374,-41.72884769995599,-59.80781162753916,-60.725811888892586,0.0010557883001394374,-45.60311030779485,-63.306741837945296,-64.20568374837121,-64.20568374837035,0.0010557883001394374
2024-04-21,-33.361033019099985,-53.7666760655736,-58.17324269979807,0.0007235294490743529,-37.32815115225041,-57.497317235243386,-61.85281703983336,0.0007235294490743529,-0.5137476823339204,-45.002273597403544,-54.60950104212037,0.0007235294490743529,-36.132769830954594,-56.35816870188253,-60.7258118888937,0.0007235294490743529,-39.974678479471116,-59.557565382315225,-63.78645911682446,-63.786459116824446,0.0007235294490743529
2024-04-22,-33.52387918745248,-55.663626599290225,-58.173242699797626,0.0006936641002908452,-37.49519263990753,-59.37290366058585,-61.852817039831805,0.0006936641002908452,-0.9413390720637294,-49.1454052533078,-54.60950104211937,0.0006936641002908452,-36.29164280861885,-58.23810529575191,-60.72581188889225,0.0006936641002908452,-40.102898440617984,-61.322084432399414,-63.72735174706457,-63.72735174706491,0.0006936641002908452
2024-04-23,-34.18409312670623,-56.25751263331403,-58.17324269979651,0.0006896592165430591,-38.157648776178,-59.96056378863848,-61.852817039831805,0.0006896592165430591,-2.4387401333263448,-50.44323850080947,-54.609501042119255,0.0006896592165430591,-36.94245477956326,-58.82651603609748,-60.7258118888917,0.0006896592165430591,-40.71757278474819,-61.75578755557231,-63.58167323538366,-63.58167323538436,0.0006896592165430591
2024-04-24,-34.84711253181305,-56.405316446877436,-58.17324269979718,0.0006871267990458819,-38.827282221688186,-60.10767340909135,-61.85281703983336,0.0006871267990458819,-3.952458629069233,-50.770119433069475,-54.609501042121146,0.0006871267990458819,-37.59461088534366,-58.97265964198167,-60.725811888892586,0.0006871267990458819,-41.337236715391356,-61.805555417716,-63.48410332131393,-63.484103321313654,0.0006871267990458819
2024-04-25,-35.46666947527433,-56.21360154194668,-58.173242699797626,0.0006846238468935738,-39.45941323698421,-59.92020328422423,-61.85281703983237,0.0006846238468935738,-5.382806477657098,-50.36109879403071,-54.60950104212048,0.0006846238468935738,-38.201912676169016,-58.78193601224281,-60.72581188889292,0.0006846238468935738,-41.91940603596256,-61.53080585965787,-63.38319088381861,-63.383190883818116,0.0006846238468935738
2024-04-26,-36.01590280446321,-56.53114279584377,-58.17324269979651,0.0006818323987247491,-40.030065277240624,-60.235513756016765,-61.85281703983214,0.0006818323987247491,-6.642613970813005,-51.054632947629386,-54.60950104212004,0.0006818323987247491,-38.73713043916549,-59.09621141035159,-60.725811888893254,0.0006818323987247491,-42.44021168061507,-61.762192422763846,-63.30878036100829,-63.30878036100881,0.0006818323987247491
2024-04-27,-36.521417124788734,-56.54728138141479,-58.17324269979673,0.0006773722699572524,-40.56904141067918,-60.25449472921536,-61.85281703983237,0.0006773722699572524,-7.811884283491999,-51.095196237733745,-54.60950104212037,0.0006773722699572524,-39.22537858299924,-59.11121949515997,-60.725811888892586,0.0006773722699572524,-42.926823957808004,-61.68861386017777,-63.2119411060802,-63.211941106079884,0.0006773722699572524
2024-04-28,-28.270367184092482,-51.83037513794509,-58.173242699797626,0.00040133910552540576,-32.42781766861225,-55.61131448195342,-61.85281703983381,0.00040133910552540576,9.822995082375385,-40.942360924353856,-54.60950104211959,0.00040133910552540576,-31.039647704836028,-54.428912189733296,-60.725811888894256,0.00040133910552540576,-34.73288235778848,-56.822244027943235,-62.76918156183919,-62.769181561838884,0.00040133910552540576
2024-04-29,-23.926161453257876,-51.88038865626922,-58.17324269979751,0.0002649681831985649,-28.17515886187527,-55.66459370143801,-61.85281703983225,0.0002649681831985649,10.0,-42.73759415007212,-54.60950104211759,0.0002649681831985649,-26.71798777333234,-54.476921013882055,-60.72581188889104,0.0002649681831985649,-30.351204231844232,-56.879478124350136,-62.851331841497384,-62.85133184149973,0.0002649681831985649
2024-04-30,-26.052677364144515,-55.30956326649533,-58.173242699797626,0.0002495392943104107,-30.353610721647772,-59.044534297729115,-61.85281703983292,0.0002495392943104107,6.332435764605959,-49.17627876737749,-54.60950104212125,0.0002495392943104107,-28.80105479696482,-57.879589559305636,-60.7258118888937,0.0002495392943104107,-32.400806137586336,-60.22292835475351,-62.94617236131139,-62.94617236131158,0.0002495392943104107
2024-05-01,-28.293800011550463,-55.985913107553785,-58.17324269979773,0.00024178657874142706,-32.68472299294511,-59.71756184368466,-61.85281703983358,0.00024178657874142706,2.3688155837369163,-50.43839385741409,-54.609501042120925,0.00024178657874142706,-30.98592263834121,-58.548698329363205,-60.725811888893475,0.00024178657874142706,-34.60977121569131,-60.83249232560998,-62.903758381545714,-62.9037583815451,0.00024178657874142706
2024-05-02,-30.27111791552606,-55.66543779895914,-58.173242699795736,0.000232228457133615,-34.80977983549227,-59.422225758383775,-61.85281703983292,0.000232228457133615,-1.2654761095884925,-49.81501287354976,-54.60950104212004,0.000232228457133615,-32.8914849251396,-58.22410056364795,-60.72581188889225,0.000232228457133615,-36.61757410440059,-60.4543887460402,-62.80838290115187,-62.808382901152136,0.000232228457133615
2024-05-03,-5.283781792542852,-48.4522702128558,-58.17324269979718,7.030646673735443e-05,-10.286733492759437,-52.37507854861472,-61.85281703983192,7.030646673735443e-05,10.0,-42.73440964864088,-54.60950104211937,7.030646673735443e-05,-8.054681382635653,-51.044968073802245,-60.72581188889181,7.030646673735443e-05,-12.019265046560811,-53.57227365732948,-62.92946146344336,-62.92946146344432,7.030646673735443e-05
2024-05-04,-18.171294152402595,-55.68041276107685,-58.173242699796845,5.027930070910349e-05,-23.268268004608682,-59.44831619675495,-61.85281703983414,5.027930070910349e-05,1.3836527384973873,-51.12013576926849,-54.609501042120144,5.027930070910349e-05,-20.75594071137288,-58.234980938494594,-60.725811888893254,5.027930070910349e-05,-24.75000328615884,-60.590262674977495,-62.97218139047822,-62.97218139047912,5.027930070910349e-05
2024-05-05,-31.217244078878714,-56.89433475963213,-58.17324269979696,4.1483055030153674e-05,-36.60341297709313,-60.654877249346875,-61.85281703983225,4.1483055030153674e-05,-11.261440352462904,-52.55288352309045,-54.60950104212125,4.1483055030153674e-05,-33.55618368491875,-59.436768447021116,-60.72581188889248,4.1483055030153674e-05,-37.80407098729632,-61.64135233010614,-62.82862423564617,-62.828624235645165,4.1483055030153674e-05
2024-05-06,-39.651337067290406,-57.051150551827305,-58.17324269979718,3.2087891035190984e-05,-45.71594408266688,-60.87521469171048,-61.85281703983192,3.2087891035190984e-05,-20.03928819023537,-52.51517202628349,-54.609501042120144,3.2087891035190984e-05,-41.67573009239833,-59.57172182785048,-60.72581188889225,3.2087891035190984e-05,-46.635538761568895,-61.72369779914648,-62.69671425121548,-62.69671425121487,3.2087891035190984e-05
2024-05-07,-42.8662405011645,-57.12278769780556,-58.17324269979673,2.0635910167605924e-05,-50.62963522907904,-61.08261740711644,-61.85281703983192,2.0635910167605924e-05,-23.59620389864969,-52.48118926102469,-54.6095010421197,2.0635910167605924e-05,-44.31625422513852,-59.599693155474526,-60.7258118888927,2.0635910167605924e-05,-51.37079029035707,-61.89378666112865,-62.669145099686354,-62.66914509968586,2.0635910167605924e-05
2024-05-08,,-58.17324269979768,-58.17324269979773,7.228332100232425e-06,,-61.85281703983299,-61.85281703983303,7.228332100232425e-06,,-54.60950104212077,-54.60950104212081,7.228332100232425e-06,,-60.72581188889321,-60.725811888893254,7.228332100232425e-06,,-62.67244092984426,-62.67244092984426,-62.67244092984431,7.228332100232425e-06
2024-05-09,,-58.17324269979727,-58.17324269979729,0.0,,-61.85281703983195,-61.85281703983192,0.0,,-54.60950104212036,-54.60950104212037,0.0,,-60.72581188889227,-60.72581188889225,0.0,,-62.53835174244054,-62.53835174244049,-62.53835174244138,0.0
2024-05-10,,-58.173242699797264,-58.17324269979729,0.0,,-61.852817039831834,-61.852817039831805,0.0,,-54.609501042120144,-54.609501042120144,0.0,,-60.725811888893006,-60.725811888893034,0.0,,-62.32978195624772,-62.32978195624772,-62.32978195624769,0.0
2024-05-11,,-58.173242699796425,-58.173242699796404,0.0,,-61.852817039832985,-61.85281703983303,0.0,,-54.60950104212108,-54.609501042121146,0.0,,-60.72581188889248,-60.72581188889248,0.0,,-62.32050504625921,-62.3205050462593,-62.320505046257736,0.0
2024-05-12,,-58.17324269979749,-58.17324269979751,0.0,,-61.852817039830775,-61.8528170398307,0.0,,-54.60950104211749,-54.60950104211737,0.0,,-60.72581188889217,-60.725811888892146,0.0,,-62.10103316031298,-62.101033160313015,-62.10103316031238,0.0
2024-05-13,,-58.17324269979695,-58.17324269979696,0.0,,-61.85281703983289,-61.85281703983292,0.0,,-54.60950104212004,-54.60950104212004,0.0,,-60.72581188889248,-60.72581188889248,0.0,,-61.9672231358893,-61.96722313588931,-61.96722313588916,0.0
2024-05-14,,-58.17324269979768,-58.17324269979773,0.0,,-61.85281703983237,-61.85281703983237,0.0,,-54.60950104211982,-54.60950104211981,0.0,,-60.72581188889227,-60.72581188889225,0.0,,-61.80968126318208,-61.80968126318209,-61.809681263181886,0.0
2024-05-15,,-58.173242699796425,-58.173242699796404,0.0,,-61.85281703983163,-61.852817039831585,0.0,,-54.60950104212056,-54.60950104212059,0.0,,-60.725811888893006,-60.725811888893034,0.0,,-61.47721769295539,-61.47721769295544,-61.47721769295441,0.0
2024-05-16,,-58.17324269979674,-58.17324269979673,0.0,,-61.85281703983257,-61.85281703983259,0.0,,-54.609501042119405,-54.60950104211937,0.0,,-60.72581188889248,-60.72581188889248,0.0,,-61.33720462909933,-61.337204629099304,-61.3372046290997,0.0
2024-05-17,,-58.17324269979758,-58.173242699797626,0.0,,-61.852817039831095,-61.85281703983103,0.0,,-54.60950104212044,-54.60950104212048,0.0,,-60.725811888893205,-60.725811888893254,0.0,,-61.15909515963184,-61.1590951596318,-61.159095159632614,0.0
2024-05-18,,-58.173242699796106,-58.17324269979607,0.0,,-61.852817039832146,-61.85281703983214,0.0,,-54.609501042118126,-54.60950104211803,0.0,,-60.72581188889142,-60.72581188889137,0.0,,-60.96467590592351,-60.96467590592347,-60.964675905924345,0.0
2024-05-19,,-58.17324269979684,-58.173242699796845,0.0,,-61.85281703983151,-61.85281703983148,0.0,,-54.6095010421196,-54.60950104211959,0.0,,-60.72581188889109,-60.72581188889104,0.0,,-60.93298546885575,-60.932985468855726,-60.93298546885649,0.0
2024-05-20,,-58.173242699796944,-58.17324269979696,0.0,,-61.852817039832985,-61.85281703983303,0.0,,-54.60950104212045,-54.60950104212048,0.0,,-60.725811888892046,-60.72581188889203,0.0,,-60.462667908624525,-60.46266790862453,-60.462667908624525,0.0
2024-05-21,,-58.17324269979527,-58.17324269979518,0.0,,-61.852817039831834,-61.852817039831805,0.0,,-54.60950104212035,-54.60950104212037,0.0,,-60.72581188889205,-60.72581188889203,0.0,,-60.3276087493149,-60.32760874931486,-60.32760874931565,0.0
2024-05-22,,-58.173242699797264,-58.17324269979729,0.0,,-61.85281703983193,-61.85281703983192,0.0,,-54.609501042119284,-54.609501042119255,0.0,,-60.72581188889131,-60.72581188889126,0.0,,-60.2107529022067,-60.21075290220668,-60.21075290220722,0.0
2024-05-23,,-58.1732426997977,-58.17324269979773,0.0,,-61.85281703983195,-61.85281703983192,0.0,,-54.609501042119824,-54.60950104211981,0.0,,-60.72581188889216,-60.725811888892146,0.0,,-59.950231505706476,-59.95023150570644,-59.95023150570697,0.0
2024-05-24,,-58.17324269979673,-58.17324269979673,0.0,,-61.85281703983237,-61.85281703983237,0.0,,-54.609501042120144,-54.609501042120144,0.0,,-60.72581188889036,-60.725811888890256,0.0,,-59.81101999060951,-59.81101999060945,-59.811019990610816,0.0
2024-05-25,,-58.17324269979727,-58.17324269979729,0.0,,-61.852817039833106,-61.85281703983314,0.0,,-54.60950104212045,-54.60950104212048,0.0,,-60.72581188889079,-60.7258118888907,0.0,,-59.74539047764313,-59.745390477643156,-59.745390477642715,0.0
2024-05-26,,-58.17324269979674,-58.17324269979673,0.0,,-61.85281703983236,-61.85281703983237,0.0,,-54.60950104211972,-54.6095010421197,0.0,,-60.725811888892885,-60.72581188889292,0.0,,-59.53060420157398,-59.530604201573965,-59.53060420157429,0.0
2024-05-27,,-58.173242699797164,-58.17324269979718,6.978362608004604e-07,,-61.852817039833106,-61.85281703983314,6.978362608004604e-07,,-54.60950104211972,-54.6095010421197,6.978362608004604e-07,,-60.72581188889248,-60.72581188889248,6.978362608004604e-07,,-59.70863113791989,-59.70863113791991,-59.708631137919376,6.978362608004604e-07
2024-05-28,,-58.173242699796106,-58.17324269979607,1.7047263732424448e-06,,-61.85281703983183,-61.852817039831805,1.7047263732424448e-06,,-54.60950104212057,-54.60950104212059,1.7047263732424448e-06,,-60.72581188889205,-60.72581188889203,1.7047263732424448e-06,,-59.582720563920795,-59.58272056392077,-59.58272056392128,1.7047263732424448e-06
2024-05-29,,-58.173242699795026,-58.173242699794955,8.746267207357298e-07,,-61.85281703983354,-61.85281703983358,8.746267207357298e-07,,-54.60950104212004,-54.60950104212004,8.746267207357298e-07,,-60.72581188889215,-60.725811888892146,8.746267207357298e-07,,-59.566223608432345,-59.56622360843233,-59.56622360843282,8.746267207357298e-07
2024-05-30,,-58.173242699797164,-58.17324269979718,0.0,,-61.8528170398346,-61.8528170398347,0.0,,-54.60950104211717,-54.60950104211704,0.0,,-60.72581188889216,-60.725811888892146,0.0,,-59.363238111746504,-59.3632381117466,-59.363238111744295,0.0
2024-05-31,,-58.17324269979835,-58.1732426997984,0.0,,-61.85281703983151,-61.85281703983148,0.0,,-54.60950104212111,-54.609501042121146,0.0,,-60.72581188889334,-60.72581188889337,0.0,,-59.27323362922452,-59.27323362922454,-59.27323362922395,0.0
2024-06-01,,-58.1732426997961,-58.17324269979607,0.0,,-61.85281703983043,-61.85281703983036,0.0,,-54.60950104211886,-54.609501042118815,0.0,,-60.725811888890334,-60.725811888890256,0.0,,-59.05292216235735,-59.052922162357355,-59.05292216235729,0.0
2024-06-02,,-58.17324269979642,-58.173242699796404,0.0,,-61.85281703983237,-61.85281703983237,0.0,,-54.60950104212004,-54.60950104212004,0.0,,-60.72581188889333,-60.72581188889337,0.0,,-58.71969968474887,-58.71969968474888,-58.719699684748655,0.0
2024-06-03,,-58.17324269979384,-58.17324269979374,0.0,,-61.85281703983032,-61.852817039830256,0.0,,-54.60950104211853,-54.60950104211848,0.0,,-60.72581188889033,-60.725811888890256,0.0,,-58.44278577228629,-58.44278577228623,-58.44278577228819,0.0
2024-06-04,,-58.17324269979728,-58.17324269979729,0.0,,-61.85281703983237,-61.85281703983237,0.0,,-54.6095010421211,-54.609501042121146,0.0,,-60.72581188889397,-60.72581188889403,0.0,,-58.24146779501533,-58.24146779501538,-58.2414677950141,0.0
2024-06-05,,-58.173242699794265,-58.17324269979418,0.0,,-61.85281703983085,-61.85281703983081,0.0,,-54.60950104212111,-54.609501042121146,0.0,,-60.72581188889109,-60.72581188889104,0.0,,-57.895017976955465,-57.8950179769554,-57.89501797695755,0.0
2024-06-06,,-58.17324269979599,-58.173242699795956,0.0,,-61.85281703983258,-61.85281703983259,0.0,,-54.60950104212089,-54.609501042120925,0.0,,-60.72581188889547,-60.725811888895585,0.0,,-57.45496119259543,-57.45496119259541,-57.45496119259573,0.0
2024-06-07,,-58.17324269979727,-58.17324269979729,0.0,,-61.85281703983225,-61.85281703983225,0.0,,-54.60950104211665,-54.609501042116484,0.0,,-60.72581188888951,-60.72581188888937,0.0,,-57.22946579448222,-57.22946579448218,-57.22946579448323,0.0
2024-06-08,,-58.17324269980705,-58.1732426998075,0.0,,-61.85281703983757,-61.8528170398378,0.0,,-54.609501042123014,-54.60950104212314,0.0,,-60.72581188889067,-60.72581188889059,0.0,,-57.1602705672057,-57.16027056720574,-57.160270567204854,0.0
2024-06-09,,-58.17324269979684,-58.173242699796845,0.0,,-61.85281703983236,-61.85281703983237,0.0,,-54.60950104212004,-54.60950104212004,0.0,,-60.72581188889247,-60.72581188889248,0.0,,-57.1431909011294,-57.1431909011294,-57.1431909011294,0.0
2024-06-10,,-58.17324269979684,-58.173242699796845,0.0,,-61.85281703983236,-61.85281703983237,0.0,,-54.60950104212003,-54.60950104212004,0.0,,-60.72581188889248,-60.72581188889248,0.0,,-57.003036834061824,-57.003036834061824,-57.00303683406178,0.0
2024-06-11,,-58.17324269979684,-58.173242699796845,0.0,,-61.85281703983236,-61.85281703983237,0.0,,-54.60950104212003,-54.60950104212004,0.0,,-60.72581188889248,-60.72581188889248,0.0,,-56.60703702305536,-56.60703702305536,-56.60703702305534,0.0
2024-06-12,,-58.173242699796845,-58.173242699796845,0.0,,-61.85281703983237,-61.85281703983237,0.0,,-54.60950104212004,-54.60950104212004,0.0,,-60.72581188889248,-60.72581188889248,0.0,,-56.21370883057997,-56.21370883057997,-56.21370883057999,0.0
2024-06-13,,-58.17324269979684,-58.173242699796845,0.0,,-61.85281703983236,-61.85281703983237,0.0,,-54.60950104212003,-54.60950104212004,0.0,,-60.72581188889247,-60.72581188889248,0.0,,-56.14465746024844,-56.14465746024844,-56.14465746024842,0.0
2024-06-14,,-58.17324269979684,-58.173242699796845,0.0,,-61.85281703983237,-61.85281703983237,0.0,,-54.60950104212004,-54.60950104212004,0.0,,-60.72581188889248,-60.72581188889248,0.0,,-55.97045880446139,-55.97045880446139,-55.9704588044614,0.0
2024-06-15,,-58.173242699796845,-58.173242699796845,0.0,,-61.85281703983237,-61.85281703983237,0.0,,-54.60950104212004,-54.60950104212004,0.0,,-60.72581188889248,-60.72581188889248,0.0,,-56.02001723689764,-56.020017236897644,-56.02001723689767,0.0
2024-06-16,,-58.173242699796845,-58.173242699796845,0.0,,-61.85281703983237,-61.85281703983237,0.0,,-54.60950104212004,-54.60950104212004,0.0,,-60.72581188889248,-60.72581188889248,0.0,,-55.800242971691944,-55.80024297169195,-55.80024297169191,0.0
2024-06-17,,-58.173242699796845,-58.173242699796845,0.0,,-61.85281703983237,-61.85281703983237,0.0,,-54.60950104212004,-54.60950104212004,0.0,,-60.72581188889248,-60.72581188889248,0.0,,-55.52744669633536,-55.52744669633536,-55.52744669633532,0.0
2024-06-18,,-58.17324269979684,-58.173242699796845,0.0,,-61.85281703983236,-61.85281703983237,0.0,,-54.60950104212003,-54.60950104212004,0.0,,-60.72581188889247,-60.72581188889248,0.0,,-55.07471396340302,-55.07471396340302,-55.07471396340294,0.0
2024-06-19,,-58.173242699796845,-58.173242699796845,0.0,,-61.85281703983237,-61.85281703983237,0.0,,-54.60950104212003,-54.60950104212004,0.0,,-60.72581188889248,-60.72581188889248,0.0,,-54.84529376213753,-54.84529376213754,-54.84529376213752,0.0
2024-06-20,,-58.173242699796845,-58.173242699796845,0.0,,-61.85281703983236,-61.85281703983237,0.0,,-54.60950104212004,-54.60950104212004,0.0,,-60.72581188889248,-60.72581188889248,0.0,,-54.53611506012712,-54.53611506012712,-54.536115060127244,0.0
2024-06-21,,-58.17324269979684,-58.173242699796845,0.0,,-61.85281703983237,-61.85281703983237,0.0,,-54.60950104212004,-54.60950104212004,0.0,,-60.72581188889248,-60.72581188889248,0.0,,-54.46023883349926,-54.46023883349926,-54.46023883349929,0.0
2024-06-22,,-58.173242699796845,-58.173242699796845,0.0,,-61.85281703983237,-61.85281703983237,0.0,,-54.60950104212004,-54.60950104212004,0.0,,-60.72581188889248,-60.72581188889248,0.0,,-54.27333963110436,-54.27333963110436,-54.273339631104406,0.0
2024-06-23,,-58.173242699796845,-58.173242699796845,0.0,,-61.85281703983237,-61.85281703983237,0.0,,-54.609501042120044,-54.60950104212004,0.0,,-60.72581188889249,-60.72581188889248,0.0,,-54.23657285153127,-54.23657285153127,-54.23657285153132,0.0
2024-06-24,,-58.173242699796845,-58.173242699796845,0.0,,-61.85281703983237,-61.85281703983237,0.0,,-54.60950104212004,-54.60950104212004,0.0,,-60.72581188889248,-60.72581188889248,0.0,,-54.13771212198093,-54.13771212198093,-54.13771212198091,0.0
2024-06-25,,-58.17324269979684,-58.173242699796845,0.0,,-61.85281703983237,-61.85281703983237,0.0,,-54.60950104212003,-54.60950104212004,0.0,,-60.72581188889247,-60.72581188889248,0.0,,-53.89215209064302,-53.89215209064302,-53.89215209064301,0.0
2024-06-26,,-58.173242699796845,-58.173242699796845,0.0,,-61.85281703983237,-61.85281703983237,0.0,,-54.60950104212004,-54.60950104212004,0.0,,-60.72581188889248,-60.72581188889248,0.0,,-53.656269747368036,-53.656269747368036,-53.65626974736805,0.0
2024-06-27,,-58.17324269979684,-58.173242699796845,0.0,,-61.85281703983236,-61.85281703983237,0.0,,-54.60950104212003,-54.60950104212004,0.0,,-60.72581188889248,-60.72581188889248,0.0,,-53.45952016788735,-53.459520167887355,-53.459520167887376,0.0
2024-06-28,,-58.173242699796845,-58.173242699796845,0.0,,-61.85281703983236,-61.85281703983237,0.0,,-54.60950104212004,-54.60950104212004,0.0,,-60.72581188889247,-60.72581188889248,0.0,,-53.206998687044596,-53.206998687044596,-53.206998687044575,0.0
2024-06-29,,-58.173242699796845,-58.173242699796845,0.0,,-61.852817039832374,-61.85281703983237,0.0,,-54.609501042120044,-54.60950104212004,0.0,,-60.72581188889249,-60.72581188889248,0.0,,-52.883041703740034,-52.883041703740034,-52.883041703739984,0.0
2024-06-30,,-58.173242699796845,-58.173242699796845,0.0,,-61.85281703983237,-61.85281703983237,0.0,,-54.60950104212004,-54.60950104212004,0.0,,-60.72581188889248,-60.72581188889248,0.0,,-52.71180343003723,-52.71180343003723,-52.71180343003725,0.0
2024-07-01,,-58.17324269979684,-58.173242699796845,0.0,,-61.85281703983237,-61.85281703983237,0.0,,-54.60950104212003,-54.60950104212004,0.0,,-60.72581188889248,-60.72581188889248,0.0,,-52.280196541547575,-52.28019654154758,-52.280196541547696,0.0
2024-07-02,,-58.17324269979685,-58.173242699796845,0.0,,-61.85281703983237,-61.85281703983237,0.0,,-54.60950104212004,-54.60950104212004,0.0,,-60.72581188889249,-60.72581188889248,0.0,,-52.13971022355258,-52.13971022355257,-52.13971022355258,0.0
2024-07-03,,-58.17324269979684,-58.173242699796845,0.0,,-61.85281703983236,-61.85281703983237,0.0,,-54.60950104212004,-54.60950104212004,0.0,,-60.72581188889248,-60.72581188889248,0.0,,-52.2238844549866,-52.2238844549866,-52.22388445498672,0.0
2024-07-04,,-58.173242699796845,-58.173242699796845,0.0,,-61.85281703983237,-61.85281703983237,0.0,,-54.60950104212004,-54.60950104212004,0.0,,-60.72581188889248,-60.72581188889248,0.0,,-52.58082915392559,-52.58082915392559,-52.580829153925556,0.0
2024-07-05,,-58.173242699796845,-58.173242699796845,0.0,,-61.852817039832374,-61.85281703983237,0.0,,-54.60950104212004,-54.60950104212004,0.0,,-60.72581188889249,-60.72581188889248,0.0,,-53.14034320044247,-53.14034320044247,-53.14034320044239,0.0
2024-07-06,,-58.173242699796845,-58.173242699796845,0.0,,-61.85281703983237,-61.85281703983237,0.0,,-54.60950104212004,-54.60950104212004,0.0,,-60.72581188889248,-60.72581188889248,0.0,,-53.53740674620755,-53.53740674620755,-53.53740674620757,0.0
2024-07-07,,-58.17324269979685,-58.173242699796845,0.0,,-61.85281703983237,-61.85281703983237,0.0,,-54.609501042120044,-54.60950104212004,0.0,,-60.72581188889248,-60.72581188889248,0.0,,-53.785280900591644,-53.785280900591644,-53.78528090059163,0.0
2024-07-08,,-58.17324269979685,-58.173242699796845,0.0,,-61.852817039832374,-61.85281703983237,0.0,,-54.609501042120044,-54.60950104212004,0.0,,-60.72581188889249,-60.72581188889248,0.0,,-54.1763351722282,-54.17633517222819,-54.1763351722283,0.0
2024-07-09,,-58.17324269979685,-58.173242699796845,0.0,,-61.85281703983237,-61.85281703983237,0.0,,-54.60950104212004,-54.60950104212004,0.0,,-60.72581188889248,-60.72581188889248,0.0,,-54.430197890046436,-54.430197890046436,-54.43019789004656,0.0
2024-07-10,,-58.17324269979684,-58.173242699796845,0.0,,-61.85281703983236,-61.85281703983237,0.0,,-54.60950104212003,-54.60950104212004,0.0,,-60.72581188889247,-60.72581188889248,0.0,,-54.523834177176425,-54.52383417717643,-54.523834177176404,0.0
2024-07-11,,-58.173242699796845,-58.173242699796845,0.0,,-61.85281703983237,-61.85281703983237,0.0,,-54.60950104212003,-54.60950104212004,0.0,,-60.72581188889248,-60.72581188889248,0.0,,-54.33247569949562,-54.33247569949562,-54.33247569949566,0.0
2024-07-12,,-58.173242699796845,-58.173242699796845,0.0,,-61.85281703983236,-61.85281703983237,0.0,,-54.60950104212003,-54.60950104212004,0.0,,-60.72581188889247,-60.72581188889248,0.0,,-54.14424980542287,-54.144249805422874,-54.14424980542286,0.0
2024-07-13,,-58.17324269979684,-58.173242699796845,0.0,,-61.85281703983237,-61.85281703983237,0.0,,-54.60950104212003,-54.60950104212004,0.0,,-60.72581188889247,-60.72581188889248,0.0,,-54.301152260842635,-54.30115226084264,-54.30115226084264,0.0
2024-07-14,,-58.173242699796845,-58.173242699796845,0.0,,-61.85281703983237,-61.85281703983237,0.0,,-54.60950104212004,-54.60950104212004,0.0,,-60.72581188889248,-60.72581188889248,0.0,,-54.17793827885043,-54.17793827885043,-54.177938278850405,0.0
2024-07-15,,-58.17324269979685,-58.173242699796845,0.0,,-61.852817039832374,-61.85281703983237,0.0,,-54.60950104212004,-54.60950104212004,0.0,,-60.72581188889249,-60.72581188889248,0.0,,-53.85937315130852,-53.85937315130851,-53.85937315130859,0.0
2024-07-16,,-58.173242699796845,-58.173242699796845,0.0,,-61.85281703983236,-61.85281703983237,0.0,,-54.60950104212003,-54.60950104212004,0.0,,-60.72581188889248,-60.72581188889248,0.0,,-53.58329553243224,-53.58329553243224,-53.58329553243223,0.0
2024-07-17,,-58.17324269979684,-58.173242699796845,0.0,,-61.85281703983236,-61.85281703983237,0.0,,-54.60950104212003,-54.60950104212004,0.0,,-60.72581188889248,-60.72581188889248,0.0,,-53.65155193351522,-53.65155193351523,-53.65155193351511,0.0
2024-07-18,,-58.17324269979685,-58.173242699796845,0.0,,-61.85281703983237,-61.85281703983237,0.0,,-54.609501042120044,-54.60950104212004,0.0,,-60.72581188889249,-60.72581188889248,0.0,,-53.446848772040646,-53.446848772040646,-53.44684877204057,0.0
2024-07-19,,-58.173242699796845,-58.173242699796845,0.0,,-61.85281703983236,-61.85281703983237,0.0,,-54.60950104212004,-54.60950104212004,0.0,,-60.72581188889248,-60.72581188889248,0.0,,-53.3370279053027,-53.337027905302705,-53.33702790530268,0.0
2024-07-20,,-58.173242699796845,-58.173242699796845,0.0,,-61.852817039832374,-61.85281703983237,0.0,,-54.60950104212004,-54.60950104212004,0.0,,-60.72581188889249,-60.72581188889248,0.0,,-53.227421769064705,-53.2274217690647,-53.22742176906468,0.0
2024-07-21,,-58.173242699796845,-58.173242699796845,0.0,,-61.85281703983237,-61.85281703983237,0.0,,-54.60950104212004,-54.60950104212004,0.0,,-60.72581188889249,-60.72581188889248,0.0,,-53.096291889012335,-53.09629188901233,-53.09629188901231,0.0
2024-07-22,,-58.173242699796845,-58.173242699796845,0.0,,-61.85281703983237,-61.85281703983237,0.0,,-54.60950104212004,-54.60950104212004,0.0,,-60.72581188889248,-60.72581188889248,0.0,,-52.839657463247036,-52.839657463247036,-52.839657463247086,0.0
2024-07-23,,-58.17324269979684,-58.173242699796845,0.0,,-61.85281703983236,-61.85281703983237,0.0,,-54.60950104212003,-54.60950104212004,0.0,,-60.72581188889247,-60.72581188889248,0.0,,-52.62109543367176,-52.62109543367177,-52.6210954336717,0.0
2024-07-24,,-58.17324269979685,-58.173242699796845,0.0,,-61.852817039832374,-61.85281703983237,0.0,,-54.609501042120044,-54.60950104212004,0.0,,-60.72581188889248,-60.72581188889248,0.0,,-52.16247790790018,-52.16247790790018,-52.162477907900225,0.0
2024-07-25,,-58.173242699796845,-58.173242699796845,0.0,,-61.85281703983237,-61.85281703983237,0.0,,-54.60950104212004,-54.60950104212004,0.0,,-60.72581188889249,-60.72581188889248,0.0,,-51.86538055407397,-51.86538055407397,-51.86538055407413,0.0
2024-07-26,,-58.173242699796845,-58.173242699796845,0.0,,-61.85281703983237,-61.85281703983237,0.0,,-54.60950104212004,-54.60950104212004,0.0,,-60.72581188889248,-60.72581188889248,0.0,,-51.64468718133153,-51.64468718133153,-51.6446871813315,0.0
2024-07-27,,-58.173242699796845,-58.173242699796845,0.0,,-61.85281703983237,-61.85281703983237,0.0,,-54.60950104212004,-54.60950104212004,0.0,,-60.72581188889248,-60.72581188889248,0.0,,-51.38846586202117,-51.38846586202117,-51.388465862021235,0.0
2024-07-28,,-58.17324269979684,-58.173242699796845,7.305231215416881e-07,,-61.85281703983236,-61.85281703983237,7.305231215416881e-07,,-54.60950104212003,-54.60950104212004,7.305231215416881e-07,,-60.72581188889247,-60.72581188889248,7.305231215416881e-07,,-51.753163586333415,-51.753163586333415,-51.753163586333436,7.305231215416881e-07
2024-07-29,,-58.173242699796845,-58.173242699796845,2.107771287634605e-06,,-61.85281703983237,-61.85281703983237,2.107771287634605e-06,,-54.60950104212004,-54.60950104212004,2.107771287634605e-06,,-60.72581188889248,-60.72581188889248,2.107771287634605e-06,,-52.20349663023283,-52.20349663023283,-52.20349663023291,2.107771287634605e-06
2024-07-30,,-58.17324269979684,-58.173242699796845,7.498713860749787e-07,,-61.85281703983236,-61.85281703983237,7.498713860749787e-07,,-54.60950104212004,-54.60950104212004,7.498713860749787e-07,,-60.72581188889247,-60.72581188889248,7.498713860749787e-07,,-52.23003487696542,-52.230034876965426,-52.23003487696552,7.498713860749787e-07
2024-07-31,,-58.173242699796845,-58.173242699796845,0.0,,-61.852817039832374,-61.85281703983237,0.0,,-54.60950104212004,-54.60950104212004,0.0,,-60.72581188889249,-60.72581188889248,0.0,,-52.473826150900685,-52.473826150900685,-52.473826150900635,0.0
2024-08-01,,-58.17324269979684,-58.173242699796845,0.0,,-61.85281703983237,-61.85281703983237,0.0,,-54.60950104212003,-54.60950104212004,0.0,,-60.72581188889248,-60.72581188889248,0.0,,-52.669539215459025,-52.669539215459025,-52.66953921545906,0.0
2024-08-02,,-58.17324269979685,-58.173242699796845,0.0,,-61.852817039832374,-61.85281703983237,0.0,,-54.609501042120044,-54.60950104212004,0.0,,-60.72581188889248,-60.72581188889248,0.0,,-52.80220921285018,-52.80220921285017,-52.80220921285005,0.0
2024-08-03,,-58.173242699796845,-58.173242699796845,0.0,,-61.85281703983236,-61.85281703983237,0.0,,-54.60950104212003,-54.60950104212004,0.0,,-60.72581188889247,-60.72581188889248,0.0,,-53.13848982991309,-53.13848982991309,-53.138489829913,0.0
2024-08-04,,-58.173242699796845,-58.173242699796845,3.818390905315508e-07,,-61.852817039832374,-61.85281703983237,3.818390905315508e-07,,-54.609501042120044,-54.60950104212004,3.818390905315508e-07,,-60.72581188889249,-60.72581188889248,3.818390905315508e-07,,-53.43088057661006,-53.43088057661005,-53.43088057661,3.818390905315508e-07
2024-08-05,,-58.17324269979685,-58.173242699796845,0.0,,-61.85281703983237,-61.85281703983237,0.0,,-54.60950104212004,-54.60950104212004,0.0,,-60.72581188889249,-60.72581188889248,0.0,,-53.477123069987535,-53.47712306998753,-53.47712306998737,0.0
2024-08-06,,-58.173242699796845,-58.173242699796845,0.0,,-61.85281703983237,-61.85281703983237,0.0,,-54.609501042120044,-54.60950104212004,0.0,,-60.72581188889248,-60.72581188889248,0.0,,-53.33971074329735,-53.33971074329735,-53.339710743297374,0.0
2024-08-07,,-58.173242699796845,-58.173242699796845,0.0,,-61.85281703983237,-61.85281703983237,0.0,,-54.60950104212003,-54.60950104212004,0.0,,-60.72581188889247,-60.72581188889248,0.0,,-53.18723569998606,-53.18723569998607,-53.18723569998595,0.0
2024-08-08,,-58.173242699796845,-58.173242699796845,0.0,,-61.85281703983237,-61.85281703983237,0.0,,-54.60950104212004,-54.60950104212004,0.0,,-60.72581188889247,-60.72581188889248,0.0,,-52.96595656830216,-52.96595656830216,-52.96595656830216,0.0
2024-08-09,,-58.173242699796845,-58.173242699796845,0.0,,-61.85281703983237,-61.85281703983237,0.0,,-54.60950104212004,-54.60950104212004,0.0,,-60.72581188889248,-60.72581188889248,0.0,,-52.72876958921591,-52.72876958921591,-52.72876958921593,0.0
2024-08-10,,-58.173242699796845,-58.173242699796845,0.0,,-61.85281703983236,-61.85281703983237,0.0,,-54.60950104212004,-54.60950104212004,0.0,,-60.72581188889248,-60.72581188889248,0.0,,-52.671343254338524,-52.67134325433853,-52.671343254338595,0.0
2024-08-11,,-58.173242699796845,-58.173242699796845,0.0,,-61.85281703983237,-61.85281703983237,0.0,,-54.60950104212004,-54.60950104212004,0.0,,-60.72581188889248,-60.72581188889248,0.0,,-52.89222470421562,-52.89222470421562,-52.89222470421561,0.0
2024-08-12,,-58.173242699796845,-58.173242699796845,0.0,,-61.85281703983236,-61.85281703983237,0.0,,-54.60950104212003,-54.60950104212004,0.0,,-60.72581188889248,-60.72581188889248,0.0,,-52.70528384874662,-52.70528384874662,-52.70528384874666,0.0
2024-08-13,,-58.173242699796845,-58.173242699796845,0.0,,-61.85281703983237,-61.85281703983237,0.0,,-54.60950104212004,-54.60950104212004,0.0,,-60.72581188889248,-60.72581188889248,0.0,,-52.77363853353768,-52.77363853353767,-52.77363853353763,0.0
2024-08-14,,-58.17324269979684,-58.173242699796845,2.7659572794028697e-07,,-61.85281703983236,-61.85281703983237,2.7659572794028697e-07,,-54.60950104212004,-54.60950104212004,2.7659572794028697e-07,,-60.72581188889248,-60.72581188889248,2.7659572794028697e-07,,-53.012940371316766,-53.012940371316766,-53.012940371316745,2.7659572794028697e-07
2024-08-15,,-58.173242699796845,-58.173242699796845,0.0,,-61.85281703983237,-61.85281703983237,0.0,,-54.609501042120044,-54.60950104212004,0.0,,-60.72581188889249,-60.72581188889248,0.0,,-53.15895927081816,-53.15895927081815,-53.158959270818166,0.0
2024-08-16,,-58.173242699796845,-58.173242699796845,0.0,,-61.85281703983237,-61.85281703983237,0.0,,-54.60950104212004,-54.60950104212004,0.0,,-60.72581188889248,-60.72581188889248,0.0,,-53.31225931678774,-53.31225931678774,-53.31225931678773,0.0
2024-08-17,,-58.17324269979685,-58.173242699796845,0.0,,-61.852817039832374,-61.85281703983237,0.0,,-54.60950104212004,-54.60950104212004,0.0,,-60.72581188889248,-60.72581188889248,0.0,,-53.095413008836914,-53.095413008836914,-53.095413008836886,0.0
2024-08-18,,-58.17324269979684,-58.173242699796845,0.0,,-61.85281703983236,-61.85281703983237,0.0,,-54.60950104212004,-54.60950104212004,0.0,,-60.72581188889248,-60.72581188889248,0.0,,-53.36642168317174,-53.36642168317174,-53.36642168317175,0.0
2024-08-19,,-58.173242699796845,-58.173242699796845,0.0,,-61.852817039832374,-61.85281703983237,0.0,,-54.609501042120044,-54.60950104212004,0.0,,-60.72581188889248,-60.72581188889248,0.0,,-53.361309004198446,-53.361309004198446,-53.36130900419841,0.0
2024-08-20,,-58.17324269979685,-58.173242699796845,0.0,,-61.852817039832374,-61.85281703983237,0.0,,-54.609501042120044,-54.60950104212004,0.0,,-60.72581188889249,-60.72581188889248,0.0,,-53.241457940438785,-53.24145794043878,-53.241457940438636,0.0
2024-08-21,,-58.173242699796845,-58.173242699796845,0.0,,-61.85281703983237,-61.85281703983237,0.0,,-54.60950104212004,-54.60950104212004,0.0,,-60.72581188889248,-60.72581188889248,0.0,,-53.488171913059105,-53.488171913059105,-53.488171913059205,0.0
2024-08-22,,-58.173242699796845,-58.173242699796845,1.834653114682689e-07,,-61.85281703983236,-61.85281703983237,1.834653114682689e-07,,-54.60950104212003,-54.60950104212004,1.834653114682689e-07,,-60.72581188889247,-60.72581188889248,1.834653114682689e-07,,-53.74348276226081,-53.74348276226082,-53.7434827622608,1.834653114682689e-07
2024-08-23,,-58.17324269979684,-58.173242699796845,0.0,,-61.85281703983236,-61.85281703983237,0.0,,-54.60950104212003,-54.60950104212004,0.0,,-60.72581188889247,-60.72581188889248,0.0,,-53.96142166088646,-53.961421660886465,-53.96142166088651,0.0
2024-08-24,,-58.173242699796845,-58.173242699796845,0.0,,-61.852817039832374,-61.85281703983237,0.0,,-54.60950104212004,-54.60950104212004,0.0,,-60.72581188889248,-60.72581188889248,0.0,,-54.2348183316187,-54.2348183316187,-54.23481833161875,0.0
2024-08-25,,-58.17324269979685,-58.173242699796845,0.0,,-61.852817039832374,-61.85281703983237,0.0,,-54.609501042120044,-54.60950104212004,0.0,,-60.72581188889249,-60.72581188889248,0.0,,-54.2802650431039,-54.2802650431039,-54.28026504310391,0.0
2024-08-26,,-58.17324269979685,-58.173242699796845,0.0,,-61.852817039832374,-61.85281703983237,0.0,,-54.609501042120044,-54.60950104212004,0.0,,-60.72581188889248,-60.72581188889248,0.0,,-54.347963953266806,-54.3479639532668,-54.347963953266785,0.0
2024-08-27,,-58.173242699796845,-58.173242699796845,0.0,,-61.85281703983237,-61.85281703983237,0.0,,-54.60950104212004,-54.60950104212004,0.0,,-60.72581188889249,-60.72581188889248,0.0,,-54.54972704421412,-54.54972704421412,-54.54972704421415,0.0
2024-08-28,,-58.173242699796845,-58.173242699796845,0.0,,-61.852817039832374,-61.85281703983237,0.0,,-54.60950104212004,-54.60950104212004,0.0,,-60.72581188889248,-60.72581188889248,0.0,,-54.47102703050055,-54.47102703050055,-54.47102703050052,0.0
2024-08-29,,-58.173242699796845,-58.173242699796845,0.0,,-61.85281703983237,-61.85281703983237,0.0,,-54.60950104212004,-54.60950104212004,0.0,,-60.72581188889249,-60.72581188889248,0.0,,-54.41997784382869,-54.41997784382868,-54.41997784382867,0.0
2024-08-30,,-58.173242699796845,-58.173242699796845,0.0,,-61.85281703983237,-61.85281703983237,0.0,,-54.60950104212004,-54.60950104212004,0.0,,-60.72581188889248,-60.72581188889248,0.0,,-54.45759599128152,-54.45759599128153,-54.45759599128158,0.0
2024-08-31,,-58.17324269979685,-58.173242699796845,0.0,,-61.852817039832374,-61.85281703983237,0.0,,-54.609501042120044,-54.60950104212004,0.0,,-60.72581188889248,-60.72581188889248,0.0,,-54.5476022232836,-54.54760222328359,-54.5476022232836,0.0
2024-09-01,,-58.173242699796845,-58.173242699796845,0.0,,-61.85281703983237,-61.85281703983237,0.0,,-54.60950104212004,-54.60950104212004,0.0,,-60.72581188889248,-60.72581188889248,0.0,,-54.51990755785297,-54.51990755785297,-54.51990755785297,0.0
2024-09-02,,-58.173242699796845,-58.173242699796845,0.0,,-61.85281703983237,-61.85281703983237,0.0,,-54.60950104212004,-54.60950104212004,0.0,,-60.72581188889248,-60.72581188889248,0.0,,-54.356536836549616,-54.356536836549616,-54.35653683654951,0.0
2024-09-03,,-58.173242699796845,-58.173242699796845,0.0,,-61.85281703983237,-61.85281703983237,0.0,,-54.60950104212004,-54.60950104212004,0.0,,-60.72581188889248,-60.72581188889248,0.0,,-54.530238552847116,-54.53023855284711,-54.53023855284712,0.0
2024-09-04,,-58.173242699796845,-58.173242699796845,0.0,,-61.85281703983237,-61.85281703983237,0.0,,-54.60950104212003,-54.60950104212004,0.0,,-60.72581188889248,-60.72581188889248,0.0,,-54.58892358825217,-54.58892358825218,-54.588923588252214,0.0
2024-09-05,,-58.17324269979685,-58.173242699796845,0.0,,-61.852817039832374,-61.85281703983237,0.0,,-54.60950104212004,-54.60950104212004,0.0,,-60.72581188889249,-60.72581188889248,0.0,,-54.822678119078155,-54.82267811907815,-54.82267811907805,0.0
2024-09-06,,-58.173242699796845,-58.173242699796845,0.0,,-61.85281703983237,-61.85281703983237,0.0,,-54.60950104212004,-54.60950104212004,0.0,,-60.72581188889247,-60.72581188889248,0.0,,-54.792579695512984,-54.79257969551299,-54.792579695513,0.0
2024-09-07,,-58.17324269979685,-58.173242699796845,0.0,,-61.85281703983237,-61.85281703983237,0.0,,-54.60950104212004,-54.60950104212004,0.0,,-60.72581188889249,-60.72581188889248,0.0,,-54.69357347766923,-54.69357347766923,-54.69357347766931,0.0
2024-09-08,,-58.173242699796845,-58.173242699796845,0.0,,-61.85281703983236,-61.85281703983237,0.0,,-54.60950104212003,-54.60950104212004,0.0,,-60.72581188889247,-60.72581188889248,0.0,,-54.6552382892993,-54.655238289299305,-54.65523828929931,0.0
2024-09-09,,-58.173242699796845,-58.173242699796845,0.0,,-61.85281703983237,-61.85281703983237,0.0,,-54.60950104212004,-54.60950104212004,0.0,,-60.72581188889248,-60.72581188889248,0.0,,-54.72599217120899,-54.72599217120899,-54.725992171208986,0.0
2024-09-10,,-58.17324269979684,-58.173242699796845,0.0,,-61.85281703983237,-61.85281703983237,0.0,,-54.60950104212004,-54.60950104212004,0.0,,-60.72581188889248,-60.72581188889248,0.0,,-54.799832003638805,-54.799832003638805,-54.79983200363877,0.0
2024-09-11,,-58.173242699796845,-58.173242699796845,0.0,,-61.85281703983237,-61.85281703983237,0.0,,-54.60950104212004,-54.60950104212004,0.0,,-60.72581188889248,-60.72581188889248,0.0,,-54.88081571264569,-54.88081571264569,-54.880815712645585,0.0
2024-09-12,,-58.173242699796845,-58.173242699796845,0.0,,-61.85281703983237,-61.85281703983237,0.0,,-54.60950104212004,-54.60950104212004,0.0,,-60.72581188889248,-60.72581188889248,0.0,,-55.00904391989514,-55.00904391989514,-55.00904391989522,0.0
2024-09-13,,-58.173242699796845,-58.173242699796845,0.0,,-61.852817039832374,-61.85281703983237,0.0,,-54.60950104212004,-54.60950104212004,0.0,,-60.72581188889249,-60.72581188889248,0.0,,-54.97866698071031,-54.9786669807103,-54.97866698071017,0.0
2024-09-14,,-58.173242699796845,-58.173242699796845,4.6297843540797503e-07,,-61.85281703983237,-61.85281703983237,4.6297843540797503e-07,,-54.60950104212003,-54.60950104212004,4.6297843540797503e-07,,-60.72581188889248,-60.72581188889248,4.6297843540797503e-07,,-55.04808915711401,-55.04808915711401,-55.04808915711388,4.6297843540797503e-07
2024-09-15,,-58.17324269979684,-58.173242699796845,0.0,,-61.85281703983237,-61.85281703983237,0.0,,-54.60950104212004,-54.60950104212004,0.0,,-60.72581188889248,-60.72581188889248,0.0,,-55.32806282146219,-55.32806282146219,-55.32806282146214,0.0
2024-09-16,,-58.173242699796845,-58.173242699796845,0.0,,-61.85281703983237,-61.85281703983237,0.0,,-54.60950104212004,-54.60950104212004,0.0,,-60.72581188889248,-60.72581188889248,0.0,,-55.1896587697458,-55.1896587697458,-55.18965876974575,0.0
2024-09-17,,-58.17324269979684,-58.173242699796845,0.0,,-61.85281703983237,-61.85281703983237,0.0,,-54.60950104212003,-54.60950104212004,0.0,,-60.72581188889247,-60.72581188889248,0.0,,-55.311408796026804,-55.311408796026804,-55.31140879602678,0.0
2024-09-18,,-58.173242699796845,-58.173242699796845,0.0,,-61.85281703983237,-61.85281703983237,0.0,,-54.60950104212004,-54.60950104212004,0.0,,-60.72581188889248,-60.72581188889248,0.0,,-55.596701541569146,-55.596701541569146,-55.59670154156919,0.0
2024-09-19,,-58.17324269979684,-58.173242699796845,0.0,,-61.85281703983236,-61.85281703983237,0.0,,-54.60950104212003,-54.60950104212004,0.0,,-60.72581188889247,-60.72581188889248,0.0,,-55.59470118449561,-55.59470118449561,-55.59470118449556,0.0
2024-09-20,,-58.173242699796845,-58.173242699796845,0.0,,-61.85281703983237,-61.85281703983237,0.0,,-54.60950104212003,-54.60950104212004,0.0,,-60.72581188889247,-60.72581188889248,0.0,,-55.73148439781761,-55.73148439781761,-55.73148439781748,0.0
2024-09-21,,-58.173242699796845,-58.173242699796845,0.0,,-61.852817039832374,-61.85281703983237,0.0,,-54.60950104212004,-54.60950104212004,0.0,,-60.72581188889249,-60.72581188889248,0.0,,-55.961231743742346,-55.961231743742346,-55.961231743742324,0.0
2024-09-22,,-58.173242699796845,-58.173242699796845,0.0,,-61.85281703983236,-61.85281703983237,0.0,,-54.60950104212003,-54.60950104212004,0.0,,-60.72581188889247,-60.72581188889248,0.0,,-56.13391921636134,-56.13391921636135,-56.13391921636125,0.0
2024-09-23,,-58.173242699796845,-58.173242699796845,0.0,,-61.85281703983237,-61.85281703983237,0.0,,-54.60950104212004,-54.60950104212004,0.0,,-60.72581188889249,-60.72581188889248,0.0,,-56.366315974771936,-56.36631597477193,-56.36631597477196,0.0
2024-09-24,-45.38762627368409,-57.50930103135856,-58.173242699796845,3.9231732061998075e-05,-49.194990981719315,-61.195511371357824,-61.85281703983237,3.9231732061998075e-05,-28.74309716383827,-53.26628982921598,-54.60950104212004,3.9231732061998075e-05,-48.046677342254426,-60.067399696262065,-60.72581188889248,3.9231732061998075e-05,-45.68141337495546,-57.726374768253656,-58.38611460813659,-58.38611460813655,3.9231732061998075e-05
2024-09-25,-42.96532999809655,-57.318648805786594,-58.173242699796845,2.9202319747243927e-05,-46.79834386072756,-61.0068455308714,-61.85281703983237,2.9202319747243927e-05,-23.51815442041527,-52.86235299487392,-54.60950104212004,2.9202319747243927e-05,-45.644885629312235,-59.878353874748626,-60.72581188889248,2.9202319747243927e-05,-41.79021835095587,-56.111801758539656,-56.96450613281456,-56.96450613281454,2.9202319747243927e-05
2024-09-26,-44.42149864379008,-57.63155939611218,-58.173242699796845,2.4052073787375413e-05,-48.24625776082003,-61.31685258674053,-61.85281703983237,2.4052073787375413e-05,-25.142022434135658,-53.44877254843797,-54.60950104212004,2.4052073787375413e-05,-47.09631297911188,-60.188943840232746,-60.72581188889248,2.4052073787375413e-05,-43.403357118126486,-56.49460449547443,-57.03141581388327,-57.031415813883314,2.4052073787375413e-05
2024-09-27,-44.00408652550502,-57.72260113000327,-58.173242699796845,2.0154007286208804e-05,-47.83190325819775,-61.40689023101081,-61.85281703983237,2.0154007286208804e-05,-25.083386533197526,-53.67044056254489,-54.60950104212004,2.0154007286208804e-05,-46.67713064852164,-60.27900195259034,-60.72581188889248,2.0154007286208804e-05,-42.82847728348127,-56.489166188360436,-56.93790823296474,-56.93790823296484,2.0154007286208804e-05
2024-09-28,-45.42504241985568,-57.672670570019186,-58.173242699796845,1.6959182422374195e-05,-49.23579544006873,-61.357395785462685,-61.85281703983237,1.6959182422374195e-05,-28.617630057217514,-53.588901590424044,-54.60950104212004,1.6959182422374195e-05,-48.0825605359454,-60.22936069436449,-60.72581188889248,1.6959182422374195e-05,-44.387903034714846,-56.54120185726334,-57.03791865833197,-57.03791865833209,1.6959182422374195e-05
2024-09-29,-46.42057705210878,-57.69150638201653,-58.173242699796845,1.4852474066143049e-05,-50.21921369823157,-61.375961030795644,-61.85281703983237,1.4852474066143049e-05,-31.056068671435956,-53.6440567657764,-54.60950104212004,1.4852474066143049e-05,-49.06777079556635,-60.24795418773893,-60.72581188889248,1.4852474066143049e-05,-45.497445247599025,-56.67804524354939,-57.155920750969315,-57.15592075096923,1.4852474066143049e-05
2024-09-30,-46.96794088010869,-57.847247135007095,-58.173242699796845,1.5225942912183058e-05,-50.764545713942624,-61.530226240263346,-61.85281703983237,1.5225942912183058e-05,-31.444821286993886,-53.93557159501871,-54.60950104212004,1.5225942912183058e-05,-49.61485219600081,-60.40256101723134,-60.72581188889248,1.5225942912183058e-05,-46.24949004450152,-57.02617171369678,-57.34909215963302,-57.34909215963296,1.5225942912183058e-05
2024-10-01,-51.908592766599426,-58.057019614658415,-58.173242699796845,3.8269764075368896e-05,-55.654449796808116,-61.737823644912126,-61.85281703983237,3.8269764075368896e-05,-40.745781411891336,-54.35229843956425,-54.60950104212004,3.8269764075368896e-05,-54.520261395475615,-60.61068522882081,-60.72581188889248,3.8269764075368896e-05,-52.71485761765915,-58.298609743745374,-58.404158840250744,-58.40415884025077,3.8269764075368896e-05
2024-10-02,-43.39774023989007,-57.776524749847994,-58.173242699796845,3.468491395105327e-05,-47.23129983349972,-61.460233549221606,-61.85281703983237,3.468491395105327e-05,-23.182694199005205,-53.76570040535186,-54.60950104212004,3.468491395105327e-05,-46.08175549102944,-60.33262322753495,-60.72581188889248,3.468491395105327e-05,-43.145288272329665,-57.48212752879895,-57.877688187951584,-57.87768818795159,3.468491395105327e-05
2024-10-03,-42.22483164632828,-57.921108194846504,-58.173242699796845,2.9429465027891434e-05,-46.073702971158866,-61.60335901539835,-61.85281703983237,2.9429465027891434e-05,-20.25892047338873,-54.06643963008237,-54.60950104212004,2.9429465027891434e-05,-44.92040658587759,-60.47593821632066,-60.72581188889248,2.9429465027891434e-05,-42.06157538555988,-57.67306257291392,-57.923835078186436,-57.92383507818631,2.9429465027891434e-05
2024-10-04,-42.78293844624981,-57.959313071525465,-58.173242699796845,2.5602370606175153e-05,-46.626423016734805,-61.64116581061615,-61.85281703983237,2.5602370606175153e-05,-21.471483902039125,-54.148873131739755,-54.60950104212004,2.5602370606175153e-05,-45.472892672147715,-60.51379195190263,-60.72581188889248,2.5602370606175153e-05,-42.72048407279261,-57.809468443404235,-58.02216619877076,-58.02216619877075,2.5602370606175153e-05
2024-10-05,-48.10747558975492,-57.91174227906631,-58.173242699796845,2.886824500999718e-05,-51.89038142539615,-61.59400108708923,-61.85281703983237,2.886824500999718e-05,-32.81825779810832,-54.04338231373563,-54.60950104212004,2.886824500999718e-05,-50.75201527592333,-60.46670078667253,-60.72581188889248,2.886824500999718e-05,-48.49045041728517,-58.021792001565096,-58.27601293551143,-58.27601293551142,2.886824500999718e-05
2024-10-06,-37.68075407418125,-57.307441434548004,-58.173242699796845,2.223226479249691e-05,-41.575303848902514,-60.99609841977849,-61.85281703983237,2.223226479249691e-05,-10.905299917080002,-52.7630121494313,-54.60950104212004,2.223226479249691e-05,-40.41582936083188,-59.867721449452326,-60.72581188889248,2.223226479249691e-05,-37.935226246716745,-57.52686095074392,-58.39111592172252,-58.391115921722545,2.223226479249691e-05
2024-10-07,-46.30804007677192,-57.916117094031705,-58.173242699796845,1.1996965841232455e-05,-50.11720425140487,-61.598499718576186,-61.85281703983237,1.1996965841232455e-05,-26.65053664970829,-54.00361457862094,-54.60950104212004,1.1996965841232455e-05,-48.97769663907881,-60.47122363227517,-60.72581188889248,1.1996965841232455e-05,-46.60990901331796,-58.069870785154826,-58.32371555274618,-58.32371555274621,1.1996965841232455e-05
2024-10-08,,-58.17324269979684,-58.173242699796845,7.998153579384545e-06,,-61.85281703983236,-61.85281703983237,7.998153579384545e-06,,-54.60950104212003,-54.60950104212004,7.998153579384545e-06,,-60.72581188889247,-60.72581188889248,7.998153579384545e-06,,-58.454526365626975,-58.45452636562698,-58.454526365626954,7.998153579384545e-06
2024-10-09,,-58.173242699796845,-58.173242699796845,6.737700579865938e-06,,-61.85281703983237,-61.85281703983237,6.737700579865938e-06,,-54.60950104212004,-54.60950104212004,6.737700579865938e-06,,-60.72581188889248,-60.72581188889248,6.737700579865938e-06,,-58.42565166147807,-58.425651661478064,-58.42565166147792,6.737700579865938e-06
2024-10-10,,-58.173242699796845,-58.173242699796845,7.065417818887155e-06,,-61.85281703983237,-61.85281703983237,7.065417818887155e-06,,-54.60950104212004,-54.60950104212004,7.065417818887155e-06,,-60.72581188889248,-60.72581188889248,7.065417818887155e-06,,-58.503790735192084,-58.50379073519208,-58.50379073519205,7.065417818887155e-06
2024-10-11,,-58.17324269979684,-58.173242699796845,7.42594566050054e-06,,-61.85281703983236,-61.85281703983237,7.42594566050054e-06,,-54.60950104212003,-54.60950104212004,7.42594566050054e-06,,-60.72581188889248,-60.72581188889248,7.42594566050054e-06,,-58.773563600218125,-58.773563600218125,-58.77356360021816,7.42594566050054e-06
2024-10-12,,-58.17324269979685,-58.173242699796845,7.693309043760688e-06,,-61.85281703983237,-61.85281703983237,7.693309043760688e-06,,-54.60950104212004,-54.60950104212004,7.693309043760688e-06,,-60.72581188889248,-60.72581188889248,7.693309043760688e-06,,-58.948941211498415,-58.94894121149841,-58.948941211498436,7.693309043760688e-06
2024-10-13,,-58.173242699796845,-58.173242699796845,8.632809774773979e-06,,-61.85281703983237,-61.85281703983237,8.632809774773979e-06,,-54.60950104212004,-54.60950104212004,8.632809774773979e-06,,-60.72581188889248,-60.72581188889248,8.632809774773979e-06,,-59.16823948923799,-59.168239489238,-59.168239489238005,8.632809774773979e-06
2024-10-14,,-58.17324269979684,-58.173242699796845,0.0,,-61.85281703983237,-61.85281703983237,0.0,,-54.60950104212004,-54.60950104212004,0.0,,-60.72581188889248,-60.72581188889248,0.0,,-59.13588379364432,-59.13588379364432,-59.13588379364447,0.0
2024-10-15,,-58.17324269979685,-58.173242699796845,0.0,,-61.852817039832374,-61.85281703983237,0.0,,-54.609501042120044,-54.60950104212004,0.0,,-60.72581188889249,-60.72581188889248,0.0,,-59.14253978088691,-59.142539780886906,-59.142539780886935,0.0
2024-10-16,,-58.17324269475919,-58.173242694698814,0.0,,-61.85281704052987,-61.85281704053824,0.0,,-54.60950104341721,-54.609501043432765,0.0,,-60.72581188462397,-60.72581188457282,0.0,,-59.19335720819407,-59.19335720819752,-59.19335720790681,0.0
2024-10-17,,-58.173242699796845,-58.173242699796845,0.0,,-61.85281703983236,-61.85281703983237,0.0,,-54.60950104212003,-54.60950104212004,0.0,,-60.72581188889247,-60.72581188889248,0.0,,-59.126760916001544,-59.12676091600155,-59.12676091600166,0.0
2024-10-18,,-58.17324269981208,-58.173242699812164,6.9486107042145955e-06,,-61.85281703982442,-61.85281703982437,6.9486107042145955e-06,,-54.60950104212214,-54.60950104212215,6.9486107042145955e-06,,-60.72581188889645,-60.72581188889647,6.9486107042145955e-06,,-59.43469006003715,-59.4346900600371,-59.43469006004432,6.9486107042145955e-06
2024-10-19,-96.37970958071962,-58.47637315935995,-58.17324269979729,1.7593716908811828e-05,-99.64875616850722,-62.152690368434214,-61.85281703983292,1.7593716908811828e-05,-93.42995330860904,-54.91750286737738,-54.6095010421197,1.7593716908811828e-05,-98.59860543734456,-61.02629498116712,-60.725811888892586,1.7593716908811828e-05,-97.90485546320382,-59.99378919404876,-59.690596915328854,-59.690596915327916,1.7593716908811828e-05
2024-10-20,-1.744131528285675,-57.6933785635942,-58.173242699796845,2.496268590446867e-05,-6.019897563405263,-61.37802282245047,-61.85281703983225,2.496268590446867e-05,10.0,-54.06007217881883,-54.60950104212004,2.496268590446867e-05,-4.792772438557469,-60.250166267265634,-60.72581188889248,2.496268590446867e-05,-3.791060367765886,-59.44326108963773,-59.92057752627045,-59.92057752626995,2.496268590446867e-05
2024-10-21,-47.24833031989073,-58.0665216445524,-58.173242699796404,1.906110283463531e-05,-51.05198186897064,-61.74730804471484,-61.85281703983237,1.906110283463531e-05,-20.300920460028514,-54.27435437949059,-54.60950104212004,1.906110283463531e-05,-49.90910174126106,-60.620147817539795,-60.7258118888917,1.906110283463531e-05,-48.918457572037724,-59.621837792170275,-59.727426240136275,-59.72742624013695,1.906110283463531e-05
2024-10-22,-39.41552996033448,-57.948665091596745,-58.17324269979673,1.4050118055413028e-05,-43.29109383956209,-61.63058592571474,-61.85281703983225,1.4050118055413028e-05,-16.189053852795787,-54.149510410234946,-54.60950104212048,1.4050118055413028e-05,-42.135269252623345,-60.50323573270644,-60.725811888892586,1.4050118055413028e-05,-41.04476724986084,-59.44336301508385,-59.66631032550529,-59.66631032550541,1.4050118055413028e-05
2024-10-23,-43.775397400067526,-57.75641127749091,-58.17324269979673,1.0504315702876733e-05,-47.60493475637162,-61.44032719059273,-61.85281703983237,1.0504315702876733e-05,-23.094491003252003,-53.69711129316739,-54.60950104212037,1.0504315702876733e-05,-46.455407226877796,-60.31266999520537,-60.7258118888927,1.0504315702876733e-05,-45.43012822337666,-59.27935336287539,-59.6922556218491,-59.69225562184917,1.0504315702876733e-05
2024-10-24,,-58.17324269979609,-58.17324269979607,8.565754276999141e-06,,-61.85281703983237,-61.85281703983237,8.565754276999141e-06,,-54.60950104211938,-54.60950104211937,8.565754276999141e-06,,-60.72581188889204,-60.72581188889203,8.565754276999141e-06,,-59.999231101418914,-59.999231101418914,-59.999231101419056,8.565754276999141e-06
2024-10-25,-52.72209651244408,-58.11723817638654,-58.17324269979673,2.062829936109334e-05,-56.46252996934786,-61.797437776819756,-61.852817039831805,2.062829936109334e-05,-42.28740073369419,-54.48290503249766,-54.60950104211981,2.062829936109334e-05,-55.325717522672015,-60.67033186671786,-60.72581188889225,2.062829936109334e-05,-55.07100529494957,-60.353611079751296,-60.40844741914142,-60.40844741914153,2.062829936109334e-05
2024-10-26,-43.72767478120543,-58.02130334745294,-58.173242699796845,2.573628222222095e-05,-47.55881367998038,-61.70247185263457,-61.85281703983225,2.573628222222095e-05,-23.5249761429166,-54.282552139334115,-54.60950104212004,2.573628222222095e-05,-46.411735089307186,-60.575255568048156,-60.72581188889248,2.573628222222095e-05,-45.982180214533926,-60.17420464471569,-60.32506395873638,-60.32506395873632,2.573628222222095e-05
2024-10-27,-49.21928923347218,-58.17324269979696,-58.17324269979696,4.057544408131698e-05,-52.99298052814005,-61.85281703983259,-61.85281703983259,4.057544408131698e-05,-34.71689611269768,-54.609501042120144,-54.609501042120144,4.057544408131698e-05,-51.85619437933975,-60.7258118888927,-60.7258118888927,4.057544408131698e-05,-51.857780889885355,-60.72508979973612,-60.72508979973612,-60.72508979973598,4.057544408131698e-05
2024-10-28,-47.62033858687453,-58.17324269979718,-58.17324269979718,5.590040696946443e-05,-51.410357060765136,-61.85281703983225,-61.85281703983225,5.590040696946443e-05,-31.56207731233518,-54.60950104212037,-54.60950104212037,5.590040696946443e-05,-50.27076954069021,-60.725811888892146,-60.725811888892146,5.590040696946443e-05,-50.55156219783385,-61.11163538907627,-61.11163538907627,-61.11163538907629,5.590040696946443e-05
2024-10-29,-45.17256774928369,-58.17324269979651,-58.17324269979651,5.8200749640835144e-05,-48.98834380501971,-61.85281703983237,-61.85281703983237,5.8200749640835144e-05,-26.1583351801179,-54.609501042120144,-54.609501042120144,5.8200749640835144e-05,-47.84587766501147,-60.72581188889248,-60.72581188889248,5.8200749640835144e-05,-47.909371220416716,-60.43353377032113,-60.43353377032113,-60.433533770321034,5.8200749640835144e-05
2024-10-30,-44.27993373545158,-58.1732426997954,-58.1732426997954,5.8584595113044124e-05,-48.10527349216742,-61.85281703983081,-61.85281703983081,5.8584595113044124e-05,-24.120876746819285,-54.60950104211959,-54.60950104211959,5.8584595113044124e-05,-46.96175198215491,-60.7258118888907,-60.7258118888907,5.8584595113044124e-05,-47.02020046928745,-61.00746958035885,-61.00746958035885,-61.007469580358915,5.8584595113044124e-05
2024-10-31,-45.24452813565294,-58.173242699796845,-58.173242699796845,6.405718698364936e-05,-49.059838825913026,-61.85281703983237,-61.85281703983237,6.405718698364936e-05,-26.200840601382613,-54.60950104212004,-54.60950104212004,6.405718698364936e-05,-47.91746503906735,-60.72581188889248,-60.72581188889248,6.405718698364936e-05,-48.255654829246986,-61.205960410844476,-61.205960410844476,-61.20596041084444,6.405718698364936e-05
2024-11-01,-44.98565346100225,-58.173242699796845,-58.173242699796845,6.713335576282855e-05,-48.80364271843973,-61.85281703983237,-61.85281703983237,6.713335576282855e-05,-25.64672294173398,-54.60950104212004,-54.60950104212004,6.713335576282855e-05,-47.6609613785971,-60.72581188889248,-60.72581188889248,6.713335576282855e-05,-48.02224074837058,-61.091653043806375,-61.091653043806375,-61.09165304380638,6.713335576282855e-05
2024-11-02,-45.0024261382459,-58.173242699796845,-58.173242699796845,7.085208897852479e-05,-48.8202445325705,-61.85281703983237,-61.85281703983237,7.085208897852479e-05,-25.681490967991216,-54.60950104212004,-54.60950104212004,7.085208897852479e-05,-47.67758320117687,-60.72581188889248,-60.72581188889248,7.085208897852479e-05,-47.896412327612104,-60.88306120792952,-60.88306120792952,-60.88306120792963,7.085208897852479e-05
2024-11-03,-42.709505994512064,-58.173242699796845,-58.173242699796845,6.358327830233536e-05,-46.551391955088725,-61.85281703983237,-61.85281703983237,6.358327830233536e-05,-20.645140106150038,-54.60950104212004,-54.60950104212004,6.358327830233536e-05,-45.406005046557674,-60.72581188889248,-60.72581188889248,6.358327830233536e-05,-45.81498075377266,-61.235089868376114,-61.235089868376114,-61.23508986837615,6.358327830233536e-05
2024-11-04,-45.65167338987231,-58.173242699796845,-58.173242699796845,7.413689143441565e-05,-49.4628110062435,-61.85281703983237,-61.85281703983237,7.413689143441565e-05,-27.054929198187082,-54.60950104212004,-54.60950104212004,7.413689143441565e-05,-48.32092162042001,-60.72581188889248,-60.72581188889248,7.413689143441565e-05,-49.505746501540045,-62.16741806411186,-62.16741806411186,-62.16741806411187,7.413689143441565e-05
2024-11-05,-44.201812777284076,-58.173242699796845,-58.173242699796845,7.144094307752045e-05,-48.02806057328735,-61.85281703983237,-61.85281703983237,7.144094307752045e-05,-23.912280711059218,-54.60950104212004,-54.60950104212004,7.144094307752045e-05,-46.8844476094743,-60.72581188889248,-60.72581188889248,7.144094307752045e-05,-47.73576272395075,-61.28091775745004,-61.28091775745004,-61.280917757449984,7.144094307752045e-05
2024-11-06,-46.474032732579,-58.173242699796845,-58.173242699796845,8.621191525798638e-05,-50.276451957364074,-61.85281703983237,-61.85281703983237,8.621191525798638e-05,-28.894871766634857,-54.60950104212004,-54.60950104212004,8.621191525798638e-05,-49.1355400083271,-60.72581188889248,-60.72581188889248,8.621191525798638e-05,-50.00032296433976,-61.58805479530027,-61.58805479530027,-61.58805479530022,8.621191525798638e-05
2024-11-07,-45.08848814532618,-58.173242699796845,-58.173242699796845,8.590301639256358e-05,-48.90534938531277,-61.85281703983237,-61.85281703983237,8.590301639256358e-05,-25.891273329766705,-54.60950104212004,-54.60950104212004,8.590301639256358e-05,-47.76279031790531,-60.72581188889248,-60.72581188889248,8.590301639256358e-05,-48.77732694392356,-61.856563740003146,-61.856563740003146,-61.856563740003175,8.590301639256358e-05
2024-11-08,-46.0544028783364,-58.173242699796845,-58.173242699796845,9.659999179624724e-05,-49.86115121157586,-61.85281703983237,-61.85281703983237,9.659999179624724e-05,-28.00307497554666,-54.60950104212004,-54.60950104212004,9.659999179624724e-05,-48.719740358113214,-60.72581188889248,-60.72581188889248,9.659999179624724e-05,-49.9113491998584,-62.055098250420215,-62.055098250420215,-62.05509825042009,9.659999179624724e-05
2024-11-09,-45.258381615317475,-58.173242699796845,-58.173242699796845,9.658801987505704e-05,-49.07345736946689,-61.85281703983237,-61.85281703983237,9.658801987505704e-05,-26.265688118216502,-54.60950104212004,-54.60950104212004,9.658801987505704e-05,-47.93110025191882,-60.72581188889248,-60.72581188889248,9.658801987505704e-05,-48.95404096693001,-61.459912474276294,-61.459912474276294,-61.45991247427615,9.658801987505704e-05
2024-11-10,-45.171375830129755,-58.173242699796845,-58.173242699796845,9.951227776789738e-05,-48.98737782743212,-61.85281703983237,-61.85281703983237,9.951227776789738e-05,-26.069594676336738,-54.60950104212004,-54.60950104212004,9.951227776789738e-05,-47.844917301731456,-60.72581188889248,-60.72581188889248,9.951227776789738e-05,-48.859399002910806,-61.71317856750447,-61.71317856750447,-61.71317856750436,9.951227776789738e-05
2024-11-11,-46.27742427881743,-58.173242699796845,-58.173242699796845,0.00011254689793506658,-50.0818308591765,-61.85281703983237,-61.85281703983237,0.00011254689793506658,-28.49344235332385,-54.60950104212004,-54.60950104212004,0.00011254689793506658,-48.94068511034744,-60.72581188889248,-60.72581188889248,0.00011254689793506658,-50.17802623838507,-62.22605595906627,-62.22605595906627,-62.226055959066244,0.00011254689793506658
2024-11-12,-46.468528985551096,-58.173242699796845,-58.173242699796845,0.0001221614202943409,-50.270901712269335,-61.85281703983237,-61.85281703983237,0.0001221614202943409,-28.924135076172753,-54.60950104212004,-54.60950104212004,0.0001221614202943409,-49.12998309606553,-60.72581188889248,-60.72581188889248,0.0001221614202943409,-50.373491794241446,-61.96369922954392,-61.96369922954392,-61.96369922954393,0.0001221614202943409
2024-11-13,-45.94280882057622,-58.173242699796845,-58.173242699796845,0.00012524267207042637,-49.75067351855167,-61.85281703983237,-61.85281703983237,0.00012524267207042637,-27.779760573177768,-54.60950104212004,-54.60950104212004,0.00012524267207042637,-48.609129947265295,-60.72581188889248,-60.72581188889248,0.00012524267207042637,-49.76663057312014,-61.70842110625574,-61.70842110625574,-61.708421106255756,0.00012524267207042637
2024-11-14,-45.801889697633435,-58.173242699796845,-58.173242699796845,0.00013040366432265073,-49.611234376672144,-61.85281703983237,-61.85281703983237,0.00013040366432265073,-27.47000433420965,-54.60950104212004,-54.60950104212004,0.00013040366432265073,-48.46952329581833,-60.72581188889248,-60.72581188889248,0.00013040366432265073,-49.566966648383115,-61.70042657972707,-61.70042657972707,-61.70042657972715,0.00013040366432265073
2024-11-15,-46.46025526504649,-58.173242699796845,-58.173242699796845,0.00014464241609316193,-50.26269923776183,-61.85281703983237,-61.85281703983237,0.00014464241609316193,-28.9122706620476,-54.60950104212004,-54.60950104212004,0.00014464241609316193,-49.12177076785562,-60.72581188889248,-60.72581188889248,0.00014464241609316193,-50.13521610016858,-61.60377359721592,-61.60377359721592,-61.603773597215984,0.00014464241609316193
2024-11-16,-45.28259462641204,-58.173242699796845,-58.173242699796845,0.00014142476627845827,-49.097372995399844,-61.85281703983237,-61.85281703983237,0.00014142476627845827,-26.336177982874798,-54.60950104212004,-54.60950104212004,0.00014142476627845827,-47.95504460797451,-60.72581188889248,-60.72581188889248,0.00014142476627845827,-48.908697393569625,-61.55046052024205,-61.55046052024205,-61.55046052024214,0.00014142476627845827
2024-11-17,-43.73060985357713,-58.173242699796845,-58.173242699796845,0.00013058427446615574,-47.56169630713381,-61.85281703983237,-61.85281703983237,0.00013058427446615574,-22.92047463320246,-54.60950104212004,-54.60950104212004,0.00013058427446615574,-46.417523096669356,-60.72581188889248,-60.72581188889248,0.00013058427446615574,-47.25098647644943,-61.23880130737103,-61.23880130737103,-61.238801307371034,0.00013058427446615574
2024-11-18,-44.208236743166765,-58.173242699796845,-58.173242699796845,0.00013438395816852878,-48.03437673236122,-61.85281703983237,-61.85281703983237,0.00013438395816852878,-23.9433013409619,-54.60950104212004,-54.60950104212004,0.00013438395816852878,-46.8907713573965,-60.72581188889248,-60.72581188889248,0.00013438395816852878,-47.92065708520965,-62.11508729656878,-62.11508729656878,-62.1150872965687,0.00013438395816852878
2024-11-19,-44.28821975671471,-58.173242699796845,-58.173242699796845,0.00013588785394517047,-48.11354727818551,-61.85281703983237,-61.85281703983237,0.00013588785394517047,-24.108230279253462,-54.60950104212004,-54.60950104212004,0.00013588785394517047,-46.97003701155222,-60.72581188889248,-60.72581188889248,0.00013588785394517047,-48.11379719617215,-62.11305778533116,-62.11305778533116,-62.11305778533112,0.00013588785394517047
2024-11-20,-44.32186679925654,-58.173242699796845,-58.173242699796845,0.0001370956003472957,-48.14685623917647,-61.85281703983237,-61.85281703983237,0.0001370956003472957,-24.17608154736184,-54.60950104212004,-54.60950104212004,0.0001370956003472957,-47.00338598691589,-60.72581188889248,-60.72581188889248,0.0001370956003472957,-48.03943070710126,-61.46329742546697,-61.46329742546697,-61.463297425466976,0.0001370956003472957
2024-11-21,-44.79021272980144,-58.173242699796845,-58.173242699796845,0.00014298571836951664,-48.61029601373179,-61.85281703983237,-61.85281703983237,0.00014298571836951664,-25.2007946098195,-54.60950104212004,-54.60950104212004,0.00014298571836951664,-47.46738249608873,-60.72581188889248,-60.72581188889248,0.00014298571836951664,-48.52484245967226,-61.81510833675785,-61.81510833675785,-61.81510833675786,0.00014298571836951664
2024-11-22,-44.3510660103007,-58.173242699796845,-58.173242699796845,0.00014100450930911514,-48.17575440050093,-61.85281703983237,-61.85281703983237,0.00014100450930911514,-24.237827086392993,-54.60950104212004,-54.60950104212004,0.00014100450930911514,-47.03231886387693,-60.72581188889248,-60.72581188889248,0.00014100450930911514,-48.058846528277186,-61.66019530971112,-61.66019530971112,-61.660195309711156,0.00014100450930911514
2024-11-23,-45.20632191027252,-58.173242699796845,-58.173242699796845,0.00015162691908608572,-49.02203979182818,-61.85281703983237,-61.85281703983237,0.00015162691908608572,-26.113682855382404,-54.60950104212004,-54.60950104212004,0.00015162691908608572,-47.87962090590947,-60.72581188889248,-60.72581188889248,0.00015162691908608572,-49.08855660114209,-62.25046808849566,-62.25046808849566,-62.25046808849569,0.00015162691908608572
2024-11-24,-44.97938829538983,-58.173242699796845,-58.173242699796845,0.0001535711662748222,-48.797469294289854,-61.85281703983237,-61.85281703983237,0.0001535711662748222,-25.622568156082547,-54.60950104212004,-54.60950104212004,0.0001535711662748222,-47.654780629692304,-60.72581188889248,-60.72581188889248,0.0001535711662748222,-48.81260697313117,-61.762260272314684,-61.762260272314684,-61.76226027231474,0.0001535711662748222
2024-11-25,-44.52803362762536,-58.173242699796845,-58.173242699796845,0.00015231789880946914,-48.35084637136355,-61.85281703983237,-61.85281703983237,0.00015231789880946914,-24.63348164722323,-54.60950104212004,-54.60950104212004,0.00015231789880946914,-47.2076211743927,-60.72581188889248,-60.72581188889248,0.00015231789880946914,-48.34228005532726,-61.79597243691026,-61.79597243691026,-61.795972436910226,0.00015231789880946914
2024-11-26,-43.982373460571765,-58.173242699796845,-58.173242699796845,0.00014854504821759518,-47.81092499702899,-61.85281703983237,-61.85281703983237,0.00014854504821759518,-23.430535649233253,-54.60950104212004,-54.60950104212004,0.00014854504821759518,-46.66705118736614,-60.72581188889248,-60.72581188889248,0.00014854504821759518,-47.856405193870025,-62.01056453009135,-62.01056453009135,-62.0105645300913,0.00014854504821759518
2024-11-27,-43.56287220512556,-58.173242699796845,-58.173242699796845,0.00014437459405629736,-47.39585068095265,-61.85281703983237,-61.85281703983237,0.00014437459405629736,-22.499815058302673,-54.60950104212004,-54.60950104212004,0.00014437459405629736,-46.25147823855868,-60.72581188889248,-60.72581188889248,0.00014437459405629736,-47.38086127699914,-61.68736729213098,-61.68736729213098,-61.68736729213098,0.00014437459405629736
2024-11-28,-44.34889665500097,-58.173242699796845,-58.173242699796845,0.0001514126736392845,-48.17364747785513,-61.85281703983237,-61.85281703983237,0.0001514126736392845,-24.21728879467444,-54.60950104212004,-54.60950104212004,0.0001514126736392845,-47.03020941016523,-60.72581188889248,-60.72581188889248,0.0001514126736392845,-48.2720636095153,-62.18633899660742,-62.18633899660742,-62.18633899660746,0.0001514126736392845
2024-11-29,-44.11970605635018,-58.173242699796845,-58.173242699796845,0.00015014909067846867,-47.94686073951526,-61.85281703983237,-61.85281703983237,0.00015014909067846867,-23.714508536221366,-54.60950104212004,-54.60950104212004,0.00015014909067846867,-46.80315023075532,-60.72581188889248,-60.72581188889248,0.00015014909067846867,-47.949707190026224,-61.60837166958255,-61.60837166958255,-61.60837166958254,0.00015014909067846867
2024-11-30,-44.506992467983395,-58.173242699796845,-58.173242699796845,0.00015496315476593576,-48.33008449932885,-61.85281703983237,-61.85281703983237,0.00015496315476593576,-24.56414143427765,-54.60950104212004,-54.60950104212004,0.00015496315476593576,-47.18683436092363,-60.72581188889248,-60.72581188889248,0.00015496315476593576,-48.34278966965555,-61.88560402497267,-61.88560402497267,-61.88560402497269,0.00015496315476593576
2024-12-01,-45.35797457628898,-58.173242699796845,-58.173242699796845,0.00016739118416328686,-49.17212183491182,-61.85281703983237,-61.85281703983237,0.00016739118416328686,-26.43815668676186,-54.60950104212004,-54.60950104212004,0.00016739118416328686,-48.02988324398216,-60.72581188889248,-60.72581188889248,0.00016739118416328686,-49.35642779518579,-62.324900857071654,-62.324900857071654,-62.3249008570716,0.00016739118416328686
2024-12-02,-45.57958652377636,-58.173242699796845,-58.173242699796845,0.00017605008972053463,-49.39137716390351,-61.85281703983237,-61.85281703983237,0.00017605008972053463,-26.936872040244086,-54.60950104212004,-54.60950104212004,0.00017605008972053463,-48.249401966489856,-60.72581188889248,-60.72581188889248,0.00017605008972053463,-49.664573078198934,-62.29304762205845,-62.29304762205845,-62.293047622058566,0.00017605008972053463
2024-12-03,-44.86498267094452,-58.173242699796845,-58.173242699796845,0.00017289322122194552,-48.68424896532109,-61.85281703983237,-61.85281703983237,0.00017289322122194552,-25.3771757865755,-54.60950104212004,-54.60950104212004,0.00017289322122194552,-47.54142428806396,-60.72581188889248,-60.72581188889248,0.00017289322122194552,-48.87713967062979,-61.838900863653066,-61.838900863653066,-61.83890086365304,0.00017289322122194552
2024-12-04,-45.127727812340424,-58.173242699796845,-58.173242699796845,0.0001797769540282287,-48.944238458207835,-61.85281703983237,-61.85281703983237,0.0001797769540282287,-25.953493790414008,-54.60950104212004,-54.60950104212004,0.0001797769540282287,-47.801726108806065,-60.72581188889248,-60.72581188889248,0.0001797769540282287,-49.11920482489185,-61.98587220948948,-61.98587220948948,-61.98587220948945,0.0001797769540282287
2024-12-05,-44.751183267548896,-58.173242699796845,-58.173242699796845,0.00017944628797496288,-48.57164054545082,-61.85281703983237,-61.85281703983237,0.00017944628797496288,-25.128737999997043,-54.60950104212004,-54.60950104212004,0.00017944628797496288,-47.42868059062555,-60.72581188889248,-60.72581188889248,0.00017944628797496288,-48.80188101220717,-62.20795745128771,-62.20795745128771,-62.2079574512878,0.00017944628797496288
2024-12-06,-45.054131633360804,-58.173242699796845,-58.173242699796845,0.0001866007447830205,-48.87141522359117,-61.85281703983237,-61.85281703983237,0.0001866007447830205,-25.791772947347358,-54.60950104212004,-54.60950104212004,0.0001866007447830205,-47.728815390943865,-60.72581188889248,-60.72581188889248,0.0001866007447830205,-49.1712560810621,-62.30673267131637,-62.30673267131637,-62.306732671316524,0.0001866007447830205
2024-12-07,-45.037064502587484,-58.173242699796845,-58.173242699796845,0.00019036182632383553,-48.854524007774344,-61.85281703983237,-61.85281703983237,0.00019036182632383553,-25.755573490228166,-54.60950104212004,-54.60950104212004,0.00019036182632383553,-47.71190388354829,-60.72581188889248,-60.72581188889248,0.00019036182632383553,-49.12130147427229,-62.02793459069233,-62.02793459069233,-62.027934590692375,0.00019036182632383553
2024-12-08,-45.71984579359656,-58.173242699796845,-58.173242699796845,0.0002049303603717521,-49.53013662711747,-61.85281703983237,-61.85281703983237,0.0002049303603717521,-27.256041171909384,-54.60950104212004,-54.60950104212004,0.0002049303603717521,-48.38832812276905,-60.72581188889248,-60.72581188889248,0.0002049303603717521,-49.874843971963514,-62.37132498905318,-62.37132498905318,-62.37132498905305,0.0002049303603717521
2024-12-09,-45.85014370550744,-58.173242699796845,-58.173242699796845,0.0002138661559685019,-49.659050933203886,-61.85281703983237,-61.85281703983237,0.0002138661559685019,-27.548504568352783,-54.60950104212004,-54.60950104212004,0.0002138661559685019,-48.517397294839725,-60.72581188889248,-60.72581188889248,0.0002138661559685019,-49.94697910321821,-61.97953159764247,-61.97953159764247,-61.97953159764235,0.0002138661559685019
2024-12-10,-46.64265471636331,-58.173242699796845,-58.173242699796845,0.00023652781663886452,-50.44323080431479,-61.85281703983237,-61.85281703983237,0.00023652781663886452,-29.29419683790946,-54.60950104212004,-54.60950104212004,0.00023652781663886452,-49.302519208702655,-60.72581188889248,-60.72581188889248,0.00023652781663886452,-50.88332661662609,-62.63944880329919,-62.63944880329919,-62.639448803299075,0.00023652781663886452
2024-12-11,-46.84588064313644,-58.173242699796845,-58.173242699796845,0.0002525048765202543,-50.644299233174486,-61.85281703983237,-61.85281703983237,0.0002525048765202543,-29.750165037758624,-54.60950104212004,-54.60950104212004,0.0002525048765202543,-49.5038291829819,-60.72581188889248,-60.72581188889248,0.0002525048765202543,-51.082193532572596,-62.27957252379201,-62.27957252379201,-62.279572523792034,0.0002525048765202543
2024-12-12,-46.97683583182499,-58.173242699796845,-58.173242699796845,0.0002682704603035762,-50.77385910080512,-61.85281703983237,-61.85281703983237,0.0002682704603035762,-30.04600379446498,-54.60950104212004,-54.60950104212004,0.0002682704603035762,-49.63354469211634,-60.72581188889248,-60.72581188889248,0.0002682704603035762,-51.196963850184574,-62.2257403894515,-62.2257403894515,-62.22574038945163,0.0002682704603035762
2024-12-13,-46.597426432154144,-58.173242699796845,-58.173242699796845,0.00027276963951908023,-50.398410774744164,-61.85281703983237,-61.85281703983237,0.00027276963951908023,-29.221107735073137,-54.60950104212004,-54.60950104212004,0.00027276963951908023,-49.257645336403534,-60.72581188889248,-60.72581188889248,0.00027276963951908023,-50.76994267818613,-62.01954212501926,-62.01954212501926,-62.019542125019285,0.00027276963951908023
2024-12-14,-46.96775410114229,-58.173242699796845,-58.173242699796845,0.00029235490224229876,-50.76484806479431,-61.85281703983237,-61.85281703983237,0.00029235490224229876,-30.03585716047896,-54.60950104212004,-54.60950104212004,0.00029235490224229876,-49.624522831062336,-60.72581188889248,-60.72581188889248,0.00029235490224229876,-51.19080575063917,-62.46519262797645,-62.46519262797645,-62.46519262797642,0.00029235490224229876
2024-12-15,-47.534779602498965,-58.173242699796845,-58.173242699796845,0.0003194572148962845,-51.32591797966146,-61.85281703983237,-61.85281703983237,0.0003194572148962845,-31.282846058172996,-54.60950104212004,-54.60950104212004,0.0003194572148962845,-50.186266764564834,-60.72581188889248,-60.72581188889248,0.0003194572148962845,-51.811419520313095,-62.55327743249317,-62.55327743249317,-62.553277432493125,0.0003194572148962845
2024-12-16,-48.10056236357874,-58.173242699796845,-58.173242699796845,0.0003507727799701048,-51.88575537941886,-61.85281703983237,-61.85281703983237,0.0003507727799701048,-32.52819650901484,-54.60950104212004,-54.60950104212004,0.0003507727799701048,-50.74677670232563,-60.72581188889248,-60.72581188889248,0.0003507727799701048,-52.40476711314035,-62.503572961628564,-62.503572961628564,-62.50357296162855,0.0003507727799701048
2024-12-17,-48.43449385078647,-58.173242699796845,-58.173242699796845,0.00037853979181100674,-52.216170655931315,-61.85281703983237,-61.85281703983237,0.00037853979181100674,-33.266046772378544,-54.60950104212004,-54.60950104212004,0.00037853979181100674,-51.07758890985836,-60.72581188889248,-60.72581188889248,0.00037853979181100674,-52.69216639689234,-62.11794630532508,-62.11794630532508,-62.11794630532508,0.00037853979181100674
2024-12-18,-48.98544743740463,-58.173242699796845,-58.173242699796845,0.0004179899277412116,-52.76133466924482,-61.85281703983237,-61.85281703983237,0.0004179899277412116,-34.47876232770453,-54.60950104212004,-54.60950104212004,0.0004179899277412116,-51.623407833896295,-60.72581188889248,-60.72581188889248,0.0004179899277412116,-53.256499721369806,-62.4333543611717,-62.4333543611717,-62.43335436117175,0.0004179899277412116
2024-12-19,-49.62917380871823,-58.173242699796845,-58.173242699796845,0.000465854050522841,-53.39830141846447,-61.85281703983237,-61.85281703983237,0.000465854050522841,-35.89377062657662,-54.60950104212004,-54.60950104212004,0.000465854050522841,-52.26113977734159,-60.72581188889248,-60.72581188889248,0.000465854050522841,-53.924059295006984,-62.53261324504577,-62.53261324504577,-62.53261324504582,0.000465854050522841
2024-12-20,-50.27939727582687,-58.173242699796845,-58.173242699796845,0.0005173402576637852,-54.04170127216923,-61.85281703983237,-61.85281703983237,0.0005173402576637852,-37.32138874551394,-54.60950104212004,-54.60950104212004,0.0005173402576637852,-52.9053125534219,-60.72581188889248,-60.72581188889248,0.0005173402576637852,-54.56246670308629,-62.339620193875625,-62.339620193875625,-62.33962019387566,0.0005173402576637852
2024-12-21,-51.06748670482419,-58.173242699796845,-58.173242699796845,0.0005814724675146976,-54.821527569347886,-61.85281703983237,-61.85281703983237,0.0005814724675146976,-39.048834329757476,-54.60950104212004,-54.60950104212004,0.0005814724675146976,-53.68607566336259,-60.72581188889248,-60.72581188889248,0.0005814724675146976,-55.34115158421105,-62.363517876583785,-62.363517876583785,-62.36351787658377,0.0005814724675146976
2024-12-22,-51.82651853084308,-58.173242699796845,-58.173242699796845,0.0006525719571463349,-55.57260417550813,-61.85281703983237,-61.85281703983237,0.0006525719571463349,-40.71131172056974,-54.60950104212004,-54.60950104212004,0.0006525719571463349,-54.438054545007276,-60.72581188889248,-60.72581188889248,0.0006525719571463349,-56.112930700044416,-62.55860716724304,-62.55860716724304,-62.558607167243,0.0006525719571463349
2024-12-23,-52.45351827739108,-58.173242699796845,-58.173242699796845,0.0007242305305837621,-56.19303314538826,-61.85281703983237,-61.85281703983237,0.0007242305305837621,-42.0843496592419,-54.60950104212004,-54.60950104212004,0.0007242305305837621,-55.059228842121335,-60.72581188889248,-60.72581188889248,0.0007242305305837621,-56.747594198558126,-62.536815154521804,-62.536815154521804,-62.536815154521804,0.0007242305305837621
2024-12-24,-52.912388657049505,-58.173242699796845,-58.173242699796845,0.0007874030374673983,-56.647094737700684,-61.85281703983237,-61.85281703983237,0.0007874030374673983,-43.089192330671544,-54.60950104212004,-54.60950104212004,0.0007874030374673983,-55.513835902951556,-60.72581188889248,-60.72581188889248,0.0007874030374673983,-57.205027162298364,-62.44939871072541,-62.44939871072541,-62.44939871072546,0.0007874030374673983
2024-12-25,-53.30065968298037,-58.173242699796845,-58.173242699796845,0.0008501471407471021,-57.03129683160246,-61.85281703983237,-61.85281703983237,0.0008501471407471021,-43.93943490645158,-54.60950104212004,-54.60950104212004,0.0008501471407471021,-55.89849954248993,-60.72581188889248,-60.72581188889248,0.0008501471407471021,-57.59624924577622,-62.50586634348632,-62.50586634348632,-62.50586634348622,0.0008501471407471021
2024-12-26,-53.69397287480248,-58.173242699796845,-58.173242699796845,0.0009247963801537954,-57.42048825142809,-61.85281703983237,-61.85281703983237,0.0009247963801537954,-44.80071890188064,-54.60950104212004,-54.60950104212004,0.0009247963801537954,-56.28815850167701,-60.72581188889248,-60.72581188889248,0.0009247963801537954,-58.021329460433925,-62.86237984532805,-62.86237984532805,-62.86237984532801,0.0009247963801537954
2024-12-27,-53.97758730295388,-58.173242699796845,-58.173242699796845,0.000987309997623715,-57.70113050871917,-61.85281703983237,-61.85281703983237,0.000987309997623715,-45.42178265696917,-54.60950104212004,-54.60950104212004,0.000987309997623715,-56.569137897186096,-60.72581188889248,-60.72581188889248,0.000987309997623715,-58.31788014557071,-62.704908304334396,-62.704908304334396,-62.704908304334396,0.000987309997623715
2024-12-28,-54.218844931807396,-58.173242699796845,-58.173242699796845,0.00104754573589425,-57.93985984978778,-61.85281703983237,-61.85281703983237,0.00104754573589425,-45.95009276409656,-54.60950104212004,-54.60950104212004,0.00104754573589425,-56.80815402608719,-60.72581188889248,-60.72581188889248,0.00104754573589425,-58.55950684142896,-62.51995390098508,-62.51995390098508,-62.51995390098508,0.00104754573589425
2024-12-29,-54.43049882925022,-58.173242699796845,-58.173242699796845,0.0011067849319013467,-58.14929569524174,-61.85281703983237,-61.85281703983237,0.0011067849319013467,-46.41357611077179,-54.60950104212004,-54.60950104212004,0.0011067849319013467,-57.017841468818055,-60.72581188889248,-60.72581188889248,0.0011067849319013467,-58.78674326150346,-62.8050378862377,-62.8050378862377,-62.805037886237756,0.0011067849319013467
2024-12-30,-54.66718605312848,-58.173242699796845,-58.173242699796845,0.0011815018801317754,-58.38350252743341,-61.85281703983237,-61.85281703983237,0.0011815018801317754,-46.93187786643871,-54.60950104212004,-54.60950104212004,0.0011815018801317754,-57.252329655909094,-60.72581188889248,-60.72581188889248,0.0011815018801317754,-59.055816527149865,-63.04160881455068,-63.04160881455068,-63.0416088145507,0.0011815018801317754
2024-12-31,-54.861826994386796,-58.173242699796845,-58.173242699796845,0.001250949107090176,-58.576103705984316,-61.85281703983237,-61.85281703983237,0.001250949107090176,-47.35810594890888,-54.60950104212004,-54.60950104212004,0.001250949107090176,-57.44516220809104,-60.72581188889248,-60.72581188889248,0.001250949107090176,-59.26561115792428,-62.834835755613774,-62.834835755613774,-62.8348357556139,0.001250949107090176
